id,person_query,title,source_page_url,image_url,thumbnail_url,mime,width,height,license_short_name,license_url,artist,credit,usage_terms,source,rights_status,collected_at
d4095c9554e2a778f808,Abigail Clayton,"Abigail Clayton - Facts, Bio, Career, Net Worth | AidWiki",https://aidwiki.com/abigail-clayton,https://aidwiki.com/images/wiki/small/abigail_clayton_aidwiki_1.jpg,https://ts2.mm.bing.net/th?id=OIP.p5HBq-WQJFdOF57PnOSq_QAAAA&pid=15.1,,,,,,,,,Bing Images,review-required,2026-07-31T04:27:32.358709+00:00
65d6954842f9d5608ef8,Abigail Clayton,Abigail Clayton - IMDb,https://www.imdb.com/name/nm0492765/,"https://m.media-amazon.com/images/M/MV5BMGJiNjQzYTktZjE5NS00N2VmLThlMWUtM2IwY2VjYTI2MTAyXkEyXkFqcGdeQVRoaXJkUGFydHlJbmdlc3Rpb25Xb3JrZmxvdw@@._V1_QL75_UX500_CR0,0,500,281_.jpg",https://ts3.mm.bing.net/th?id=OIP.oKWAail6NDfx9ewmszDvoQHaEK&pid=15.1,,,,,,,,,Bing Images,review-required,2026-07-31T04:27:32.358709+00:00
bf860eba1d1fda8df5d0,Abigail Clayton,Abigail Clayton - YouTube,https://www.youtube.com/yabigail,https://yt3.googleusercontent.com/ytc/AIdro_mOk4Ie7MlMGms3vSrS4TNW4R7gn-QYWxdff5nHStreXBs=s900-c-k-c0x00ffffff-no-rj,https://ts1.mm.bing.net/th?id=OIP.S8Nb1Bo8EOdQPldYcEIUtwHaHa&pid=15.1,,,,,,,,,Bing Images,review-required,2026-07-31T04:27:32.358709+00:00
d75a36daf97b2580eeb6,Abigail Clayton,"Abigail Clayton - actress, editor",https://en.kinorium.com/name/370691/,https://images.kinorium.com/persona/180/370691.jpg?1480261967,https://ts4.mm.bing.net/th?id=OIP.PiKCLiwcqeCwb2apI0VvtwAAAA&pid=15.1,,,,,,,,,Bing Images,review-required,2026-07-31T04:27:32.358709+00:00
5c6499da0c0cb16ea636,Abigail Clayton,Abigail Clayton: The Iconic Roles & Career of a Mature Cinema Legend ...,https://iconsofsin.com/abigail-clayton-the-iconic-roles-career-of-a-mature-cinema-legend/,https://i.ytimg.com/vi/OdGRcDLCu-8/maxresdefault.jpg,https://ts1.mm.bing.net/th?id=OIP.hQLnb3dyvXI6Spq0Uvs13QHaEK&pid=15.1,,,,,,,,,Bing Images,review-required,2026-07-31T04:27:32.358709+00:00
0faa0ce9c11a5d05289f,Abigail Clayton,From Queens to Stardom Abigail Clayton’s Journey! - YouTube,https://www.youtube.com/watch?v=QITa9NB0u_Y,https://i.ytimg.com/vi/QITa9NB0u_Y/maxresdefault.jpg,https://ts3.mm.bing.net/th?id=OIP.1Eqh5KhdvIHg2s1_YwukbwHaEK&pid=15.1,,,,,,,,,Bing Images,review-required,2026-07-31T04:27:32.358709+00:00
eb8279e7c0de1ec627c5,Abigail Clayton,Maniac (1980),https://www.imdb.com/title/tt0081114/mediaviewer/rm3505911809,https://m.media-amazon.com/images/M/MV5BNTg4ZjI3ZjYtYzVlNi00MjFjLTlkOWItM2QzMTlmNTBkYzVlXkEyXkFqcGc@._V1_.jpg,https://ts1.mm.bing.net/th?id=OIP.oG1d_U1wRHytJkIwY0Ib7AHaEF&pid=15.1,,,,,,,,,Bing Images,review-required,2026-07-31T04:27:32.358709+00:00
0477b14ad8af612b42f6,Abigail Clayton,The Passing of Abigail Clayton: A Fleeting Conversation - The Rialto Report,https://www.therialtoreport.com/2024/11/24/abigail-clayton/,https://www.therialtoreport.com/wp-content/uploads/2024/11/RR-Maniac-title_t00-0020-300x162.jpg,https://ts4.mm.bing.net/th?id=OIP.3tIT46LrK2nLuNKFa19peQAAAA&pid=15.1,,,,,,,,,Bing Images,review-required,2026-07-31T04:27:32.358709+00:00
06ae35f00d2d3c998978,Abigail Clayton,The Passing of Abigail Clayton: A Fleeting Conversation - The Rialto Report,https://www.therialtoreport.com/2024/11/24/abigail-clayton/,https://www.therialtoreport.com/wp-content/uploads/2024/11/RR-1976-Femmes-de-Sade-0001.jpg,https://ts2.explicit.bing.net/th?id=OIP.tUaHLMGwOAMXEDQ-RIHteAHaFj&pid=15.1,,,,,,,,,Bing Images,review-required,2026-07-31T04:27:32.358709+00:00
20a6ad1e57c7e7eff117,Abigail Clayton,The Passing of Abigail Clayton: A Fleeting Conversation - The Rialto Report,https://www.therialtoreport.com/2024/11/24/abigail-clayton/,https://www.therialtoreport.com/wp-content/uploads/2024/11/RR-1976-Dixie-ABA-version-0004.jpg,https://ts1.explicit.bing.net/th?id=OIP.VEITfWcogjNNK79GudKb0gHaFk&pid=15.1,,,,,,,,,Bing Images,review-required,2026-07-31T04:27:32.358709+00:00
6a065a4e1c3f58415866,Abigail Clayton,The Passing of Abigail Clayton: A Fleeting Conversation - The Rialto Report,https://www.therialtoreport.com/2024/11/24/abigail-clayton/,https://www.therialtoreport.com/wp-content/uploads/2024/11/RR-Snip20241114_20.jpg,https://ts3.mm.bing.net/th?id=OIP.E5Har1AwoRhic18F1-3lvAHaHU&pid=15.1,,,,,,,,,Bing Images,review-required,2026-07-31T04:27:32.358709+00:00
6a9d873f125814c0b071,Abigail Clayton,The Passing of Abigail Clayton: A Fleeting Conversation - The Rialto Report,https://www.therialtoreport.com/2024/11/24/abigail-clayton/,https://www.therialtoreport.com/wp-content/uploads/2024/11/RR-1981-So-Fine-0003.jpg,https://ts4.mm.bing.net/th?id=OIP.YJf-P-B7EeCRa8MmWwThrgHaEN&pid=15.1,,,,,,,,,Bing Images,review-required,2026-07-31T04:27:32.358709+00:00
885099af5d21a4b8c155,Abigail Clayton,The Passing of Abigail Clayton: A Fleeting Conversation - The Rialto Report,https://www.therialtoreport.com/2024/11/24/abigail-clayton/,https://www.therialtoreport.com/wp-content/uploads/2024/11/RR-1978-Bye-Bye-Monkey-aka-Ciao-Maschio-0074-300x163.jpg,https://ts2.mm.bing.net/th?id=OIP.t2RyGAnBh2k6XRNtYamgGgAAAA&pid=15.1,,,,,,,,,Bing Images,review-required,2026-07-31T04:27:32.358709+00:00
9ed7812f0180b088bf4f,Abigail Clayton,The Passing of Abigail Clayton: A Fleeting Conversation - The Rialto Report,https://www.therialtoreport.com/2024/11/24/abigail-clayton/,https://www.therialtoreport.com/wp-content/uploads/2024/11/RR-Snip20241114_17-300x218.jpg,https://ts4.mm.bing.net/th?id=OIP.TObB4k59ydZ6w8pGPIea4wAAAA&pid=15.1,,,,,,,,,Bing Images,review-required,2026-07-31T04:27:32.358709+00:00
b78bc3fcf877f7d45b38,Abigail Clayton,The Passing of Abigail Clayton: A Fleeting Conversation - The Rialto Report,https://www.therialtoreport.com/2024/11/24/abigail-clayton/,https://www.therialtoreport.com/wp-content/uploads/2024/11/RR-1978-Bye-Bye-Monkey-aka-Ciao-Maschio-0027.jpg,https://ts3.mm.bing.net/th?id=OIP.03-bvG3ScD2SGSjqYnsuIgHaD-&pid=15.1,,,,,,,,,Bing Images,review-required,2026-07-31T04:27:32.358709+00:00
bbdceea23c3e6c490349,Abigail Clayton,The Passing of Abigail Clayton: A Fleeting Conversation - The Rialto Report,https://www.therialtoreport.com/2024/11/24/abigail-clayton/,https://www.therialtoreport.com/wp-content/uploads/2024/11/RR-Gail-07.jpg,https://ts2.mm.bing.net/th?id=OIP.xc5Njw-Ov8mfjcTu4sEUnAHaHk&pid=15.1,,,,,,,,,Bing Images,review-required,2026-07-31T04:27:32.358709+00:00
c530203ac40d819f527c,Abigail Clayton,The Passing of Abigail Clayton: A Fleeting Conversation - The Rialto Report,https://www.therialtoreport.com/2024/11/24/abigail-clayton/,https://www.therialtoreport.com/wp-content/uploads/2024/11/RR-Palladium_Item_1978_09_02_8.jpg,https://ts3.mm.bing.net/th?id=OIP.3CfEyeK_P7cpez63QdF28gAAAA&pid=15.1,,,,,,,,,Bing Images,review-required,2026-07-31T04:27:32.358709+00:00
daf1828a227a438ef648,Abigail Clayton,The Passing of Abigail Clayton: A Fleeting Conversation - The Rialto Report,https://www.therialtoreport.com/2024/11/24/abigail-clayton/,https://www.therialtoreport.com/wp-content/uploads/2024/11/RR-Yearbook_profile_photo.jpg,https://ts1.mm.bing.net/th?id=OIP.ST8qmDQvEl-ljHNmWVig-gHaIn&pid=15.1,,,,,,,,,Bing Images,review-required,2026-07-31T04:27:32.358709+00:00
d3e1646bfcbe956cfea2,Abigail Clayton,The Passing of a San Francisco Pioneer - The Rialto Report,https://www.therialtoreport.com/2019/03/03/ken-scudder/,https://www.therialtoreport.com/wp-content/uploads/2019/02/RR-Abigail-Snip20190221_193.jpg,https://ts4.explicit.bing.net/th?id=OIP.42N-pXjIzgIFnQAu8db3BgHaEB&pid=15.1,,,,,,,,,Bing Images,review-required,2026-07-31T04:27:32.358709+00:00
77bb506df53a2db44832,Adriana Chechik,"Adriana Chechik - Biography, Career, Net Worth - Kadhal.net",https://www.kadhal.net/adriana-chechik-biography/,https://www.kadhal.net/wp-content/uploads/2024/06/adriana-chechik-1.jpg,https://ts4.mm.bing.net/th?id=OIP.Js8O5GV2klQDRU1wN3zDgQHaE8&pid=15.1,,,,,,,,,Bing Images,review-required,2026-07-31T04:27:33.806956+00:00
953354e48f6a860512d0,Adriana Chechik,"Adriana Chechik Biography, Wiki, Net worth, Age, Height, Boyfriend ...",https://www.factynews.com/actress/adriana-chechik-wiki/,https://www.factynews.com/wp-content/uploads/2022/10/Adriana-Chechik.jpg,https://ts2.mm.bing.net/th?id=OIP.sLS50qN8Bqc_OGdpnyuUagHaEv&pid=15.1,,,,,,,,,Bing Images,review-required,2026-07-31T04:27:33.806956+00:00
547b43b53eb5ac802c50,Adriana Chechik,"Adriana Chechik Boyfriend, Husband, Age, Wiki, Bio, Net Worth, Married?",https://anideacame.com/adriana-chechik/,https://anideacame.com/wp-content/uploads/Adriana-Chechik-4-819x1024.webp,https://ts3.mm.bing.net/th?id=OIP.acvjle2GMXXbAdfbi1ufxAHaJQ&pid=15.1,,,,,,,,,Bing Images,review-required,2026-07-31T04:27:33.806956+00:00
b9404d6a970338868d30,Adriana Chechik,Adriana Chechik Photos and Premium High Res Pictures - Getty Images,https://www.gettyimages.ie/photos/adriana-chechik,https://media.gettyimages.com/id/506986458/photo/adult-film-actress-adriana-chechik-attends-the-2016-adult-video-news-awards-at-the-hard-rock.jpg?s=612x612&w=gi&k=20&c=IHjkSUqpw3r-tmMS4-1hPFZftk-l0_jq83E35lEfJE8=,https://ts1.mm.bing.net/th?id=OIP.TBWvqSAx0nNrZ815IOnICgAAAA&pid=15.1,,,,,,,,,Bing Images,review-required,2026-07-31T04:27:33.806956+00:00
fe249c48a101bf59517f,Adriana Chechik,Adriana Chechik Reveals Extent Of Heartbreaking Injuries In Return Stream,https://www.svg.com/1079360/adriana-chechik-reveals-extent-of-heartbreaking-injuries-in-return-stream/,https://www.svg.com/img/gallery/adriana-chechik-reveals-extent-of-heartbreaking-injuries-in-return-stream/l-intro-1667245418.jpg,https://ts4.explicit.bing.net/th?id=OIP.gYYGRYWDvph6XfeRKzsWpwHaEK&pid=15.1,,,,,,,,,Bing Images,review-required,2026-07-31T04:27:33.806956+00:00
885e295621f462e63b9a,Adriana Chechik,Adriana Chechik Updates Fans After Surgery For TwitchCon Injury,https://www.svg.com/1050895/adriana-chechik-updates-fans-after-surgery-for-twitchcon-injury/,https://www.svg.com/img/gallery/adriana-chechik-updates-fans-after-surgery-for-twitchcon-injury/intro-1665598845.jpg,https://ts4.mm.bing.net/th?id=OIP.kXhqD-LituelUC3XpDiYYQHaEK&pid=15.1,,,,,,,,,Bing Images,review-required,2026-07-31T04:27:33.806956+00:00
c31b98f85f80fbfe2722,Adriana Chechik,Adriana Chechik Walks For The First Time Since Breaking Her Back At ...,https://www.thegamer.com/adriana-chechik-leaves-hospital-walks-first-time-twitchcon-injury/,https://static1.thegamerimages.com/wordpress/wp-content/uploads/2022/10/adriana-chechik.jpg,https://ts3.mm.bing.net/th?id=OIP.M-pvpao7RMaD8FUbbbbREgHaDt&pid=15.1,,,,,,,,,Bing Images,review-required,2026-07-31T04:27:33.806956+00:00
5c0bd04e458da14d9533,Adriana Chechik,Adriana Chechik | You can follow Adriana on Twitter at: twit… | Flickr,https://www.flickr.com/photos/hootervillefan/45603701465,https://live.staticflickr.com/7833/45603701465_9f3653ee74_b.jpg,https://ts2.mm.bing.net/th?id=OIP.x-jfm3B-jShueBCIZcrtLAHaE8&pid=15.1,,,,,,,,,Bing Images,review-required,2026-07-31T04:27:33.806956+00:00
9a5d6cae9f09867a80ae,Adriana Chechik,Adriana Chechik — The Movie Database (TMDB),https://www.themoviedb.org/person/1308031-adriana-chechik,https://media.themoviedb.org/t/p/w600_and_h900_bestv2/dEdOJaLf2AADqQSM9Nc4rnJ3QjU.jpg,https://ts1.explicit.bing.net/th?id=OIP.BTupyKBeD5k8nBkeLONqiAHaLH&pid=15.1,,,,,,,,,Bing Images,review-required,2026-07-31T04:27:33.806956+00:00
1dd9ad847ee0046b5c52,Adriana Chechik,Adult film star Adriana Chechik breaks back at TwitchCon in San Diego,https://ktla.com/news/local-news/adult-performer-breaks-back-jumping-into-foam-pit-at-san-diego-streamer-convention/,https://ktla.com/wp-content/uploads/sites/4/2022/10/GettyImages-1202386675.jpeg?w=1280,https://ts4.mm.bing.net/th?id=OIP.GSzK_mCtd09eqjD74PrX5AHaFT&pid=15.1,,,,,,,,,Bing Images,review-required,2026-07-31T04:27:33.806956+00:00
0fe8651fabaf6d21fc0a,Adriana Chechik,Former adult star Adriana Chechik explains why she's quitting the industry,https://www.unilad.com/celebrity/news/adult-film-star-adriana-chechik-quitting-industry-114693-20240424,https://images.ladbible.com/resize?type=webp&quality=70&width=3840&fit=contain&gravity=auto&url=https://images.ladbiblegroup.com/v3/assets/blt949ea8e16e463049/bltee7f3bdb62f1bdbd/6629119030ba206f38c03e5b/Chechik_Twitch2.jpg,https://ts3.mm.bing.net/th?id=OIP.1kODwY8qAzGRvY9C6x3fPAHaEK&pid=15.1,,,,,,,,,Bing Images,review-required,2026-07-31T04:27:33.806956+00:00
40672ab141525855edbd,Adriana Chechik,Photo gallery for Adriana Chechik - FilmFlow.tv,https://filmflow.tv/person/1308031-adriana-chechik/gallery,https://image.tmdb.org/t/p/original/sBqwydBcoSjtMN2phOhzuH0SapA.jpg,https://ts2.mm.bing.net/th?id=OIP.bBD6iSIPCTLsX1aI_ht-FwHaLI&pid=15.1,,,,,,,,,Bing Images,review-required,2026-07-31T04:27:33.806956+00:00
61ef22cee0166276dc38,Adriana Chechik,Photo gallery for Adriana Chechik - FilmFlow.tv,https://filmflow.tv/person/1308031-adriana-chechik/gallery,https://image.tmdb.org/t/p/original/xjwAsb6W2pt7AAGWNXryuLFAwtf.jpg,https://ts4.mm.bing.net/th?id=OIP.yBZt3bSOar1UCExpB-NYhwHaLH&pid=15.1,,,,,,,,,Bing Images,review-required,2026-07-31T04:27:33.806956+00:00
e59f493112db3030937a,Adriana Chechik,Photo gallery for Adriana Chechik - FilmFlow.tv,https://filmflow.tv/person/1308031-adriana-chechik/gallery,https://image.tmdb.org/t/p/original/udQEvoy4urgsDku7nxFjfuNLafO.jpg,https://ts3.mm.bing.net/th?id=OIP.SfMvH0N8TBs08-KlV58eLQHaLH&pid=15.1,,,,,,,,,Bing Images,review-required,2026-07-31T04:27:33.806956+00:00
2beb2b2eb3929f739528,Adriana Chechik,Pin on Adriana Chechik,https://www.pinterest.com/pin/adriana-chechik--140948663328518487/,https://i.pinimg.com/736x/28/14/b7/2814b72ffc280215254cda398be56be4.jpg,https://ts4.mm.bing.net/th?id=OIP.LBGjnBfHPIA0pk42OouK4wHaK-&pid=15.1,,,,,,,,,Bing Images,review-required,2026-07-31T04:27:33.806956+00:00
ecd282dbc520a623b3cb,Adriana Chechik,Porn star Adriana Chechik breaks her back at embattled TwitchCon | New ...,https://nypost.com/2022/10/10/porn-star-adriana-chechik-breaks-her-back-at-embattled-twitchcon/,https://nypost.com/wp-content/uploads/sites/2/2022/10/adriana-chechik-02.jpg,https://ts2.mm.bing.net/th?id=OIP.K-lXtha59rlO9LglAkL21gHaE7&pid=15.1,,,,,,,,,Bing Images,review-required,2026-07-31T04:27:33.806956+00:00
0aceea82e9094f44a4fc,Adriana Chechik,【大家的精选】Adriana Chechik - 哔哩哔哩,https://www.bilibili.com/read/cv21933786/,https://i0.hdslb.com/bfs/article/watermark/4d88080fb42f79e1b4e8ea54ec5ca2b27d8a1f01.jpg,https://ts2.mm.bing.net/th?id=OIP.q5qOnzU0f29mx1yDeGAs6gHaIs&pid=15.1,,,,,,,,,Bing Images,review-required,2026-07-31T04:27:33.806956+00:00
bdabf52bc6765c6d7d6a,Adriana Chechik,美国业界女演员阿德里亚娜·切奇克(Adriana Chechik)传记（多图） - 知乎,https://zhuanlan.zhihu.com/p/653991455,https://pic4.zhimg.com/v2-5e5e6f13da2d4f64367504a1a3408af3_r.jpg,https://ts4.mm.bing.net/th?id=OIP.-wrnCvpXEhzrse-_J7swIgHaHa&pid=15.1,,,,,,,,,Bing Images,review-required,2026-07-31T04:27:33.806956+00:00
ff67b82cab53fda2780f,Adriana Chechik,美国业界女演员阿德里亚娜·切奇克(Adriana Chechik)传记（多图） - 知乎,https://zhuanlan.zhihu.com/p/653991455,https://pic1.zhimg.com/v2-932b3581fdb088a874bb30f56d2a52dc_r.jpg,https://ts4.mm.bing.net/th?id=OIP.RD5sVZcypwZQO3isZv5haAHaJQ&pid=15.1,,,,,,,,,Bing Images,review-required,2026-07-31T04:27:33.806956+00:00
b081e2920aa4b64c4837,Adriana Molinari,Adriana María Molinari - YouTube,https://www.youtube.com/forelearning,https://yt3.googleusercontent.com/ytc/AIdro_mLumGcG6bzVIcnIFOH7B49kgH1ALesZv9NSX6B3kbj5Kb0=s900-c-k-c0x00ffffff-no-rj,https://ts2.mm.bing.net/th?id=OIP.H7ZQwqiXEH-2o53NYjWa2AHaHa&pid=15.1,,,,,,,,,Bing Images,review-required,2026-07-31T04:27:35.281906+00:00
47ffae029e1e90446d1d,Adriana Molinari,Adriana Molinari - YouTube,https://www.youtube.com/@adrianamolinari409,https://yt3.googleusercontent.com/ytc/AIdro_lHmlY9bNCqHd418-XXeA536QT0xMrcWPaCCGWKIPM0Xw8=s900-c-k-c0x00ffffff-no-rj,https://ts3.mm.bing.net/th?id=OIP.BGBVVbBwSGJAy1IHpjkn7wHaHa&pid=15.1,,,,,,,,,Bing Images,review-required,2026-07-31T04:27:35.281906+00:00
f38f8c436e870bec4533,Adriana Molinari,Benjamín mixto – Urgon | ASOCIACION BALONCESTO NAJERILLA,https://www.abnajerilla.com/gallery/benjamin-mixto-urgon/,https://www.abnajerilla.com/wp-content/uploads/sites/63/2021/12/11.ADRIANA-MOLINARI-1024x1024.jpg,https://ts3.mm.bing.net/th?id=OIP.tFOd3fLG-DY28lXpzw8mbQHaHa&pid=15.1,,,,,,,,,Bing Images,review-required,2026-07-31T04:27:35.281906+00:00
2c9725a73e8ca60687fb,Adriana Molinari,Chi siamo | Advise | Soluzioni informatiche per la tua azienda,https://www.advise.it/chi-siamo/,https://www.advise.it/wp-content/uploads/2022/06/adriana_molinari.jpg,https://ts4.mm.bing.net/th?id=OIP.gksXUHs6qnsS_UC0_9lTNwAAAA&pid=15.1,,,,,,,,,Bing Images,review-required,2026-07-31T04:27:35.281906+00:00
e74fc9d127b118d5d5f2,Adriana Molinari,adriana molinari - YouTube,https://www.youtube.com/channel/UCuHdQ4yMSyoNPkNn9hCs0jA,https://yt3.googleusercontent.com/ytc/AIdro_nWgkj33kQUAPTeco4wh-Jnpoj4ziRlWmocRx3Qr7AofTw=s900-c-k-c0x00ffffff-no-rj,https://ts2.mm.bing.net/th?id=OIP.f-1aE2tAlGz81AGG6Kw24wHaHa&pid=15.1,,,,,,,,,Bing Images,review-required,2026-07-31T04:27:35.281906+00:00
43fa60d68ff8b58e095e,Ai Iijima,Actress Ai Iijima speaks during the Asahi Shimbun interview on April ...,https://www.gettyimages.com/detail/news-photo/actress-ai-iijima-speaks-during-the-asahi-shimbun-interview-news-photo/811808064,https://media.gettyimages.com/id/811808064/photo/actress-ai-iijima-interview.jpg?s=1024x1024&w=gi&k=20&c=qZdjh2f_42Ax-G7T4mgJbsVKlZ9XDkXia9ZJTZIDj_8=,https://ts3.mm.bing.net/th?id=OIP.4L0b0FcI2x-Y2HoJ1-k7vAHaLG&pid=15.1,,,,,,,,,Bing Images,review-required,2026-07-31T04:27:36.659122+00:00
294d7f7a8f3b98b3cb29,Ai Iijima,"After all, is it misfortune or irretrievable self?Ai Iijima - iNEWS",https://inf.news/en/entertainment/6b56ecf63edf2906af51149f217945cd.html,https://p1-tt.byteimg.com/origin/tos-cn-i-qvj2lq49k0/f2d5e34d0b934856a447492c64f07252.jpg,https://ts4.explicit.bing.net/th?id=OIP.ACX4vJ21xaawqchG0BQHLgHaLK&pid=15.1,,,,,,,,,Bing Images,review-required,2026-07-31T04:27:36.659122+00:00
6e19a2486d7a5367f38d,Ai Iijima,"After all, is it misfortune or irretrievable self?Ai Iijima - iNEWS",https://inf.news/en/entertainment/6b56ecf63edf2906af51149f217945cd.html,https://p1-tt.byteimg.com/origin/tos-cn-i-qvj2lq49k0/0d79d5f8a01244b18023c97ce7f69edc.jpg,https://ts3.mm.bing.net/th?id=OIP.a3nngiw2eFpMd-aIcUtZNQHaKK&pid=15.1,,,,,,,,,Bing Images,review-required,2026-07-31T04:27:36.659122+00:00
556eabb688070a2a3da0,Ai Iijima,"Ai Iijima - Alchetron, The Free Social Encyclopedia",https://alchetron.com/Ai-Iijima,https://alchetron.com/cdn/ai-iijima-d7719395-5e6b-4d81-a7cb-69de7e28993-resize-750.jpeg,https://ts1.explicit.bing.net/th?id=OIP.JzvgwZDGJIUvjHOnKlkAYQAAAA&pid=15.1,,,,,,,,,Bing Images,review-required,2026-07-31T04:27:36.659122+00:00
b68ad5afb801f71a9fe1,Ai Iijima,"Ai Iijima - Alchetron, The Free Social Encyclopedia",https://alchetron.com/Ai-Iijima,https://alchetron.com/cdn/ai-iijima-31d24a22-2da4-4cfd-a884-cad4cc81a6d-resize-750.jpg,https://ts2.mm.bing.net/th?id=OIP.GgXSsj6_0CLdFs0KZNTBsgAAAA&pid=15.1,,,,,,,,,Bing Images,review-required,2026-07-31T04:27:36.659122+00:00
143c3b1791e53098b713,Ai Iijima,"Ai Iijima - Biography, Height & Life Story | Super Stars Bio",https://superstarsbio.com/bios/ai-iijima/,https://superstarsbio.com/wp-content/uploads/2021/11/Ai-Iijima-height-1.jpg,https://ts2.mm.bing.net/th?id=OIP.v1HDjdgMn5yD8WU8ZO8OXAAAAA&pid=15.1,,,,,,,,,Bing Images,review-required,2026-07-31T04:27:36.659122+00:00
9f828e02c61be0a69aba,Ai Iijima,"Ai Iijima - Biography, Height & Life Story | Super Stars Bio",https://superstarsbio.com/bios/ai-iijima/,https://superstarsbio.com/wp-content/uploads/2021/11/Ai-Iijima-age-1.jpg,https://ts4.mm.bing.net/th?id=OIP.A8mhl9sNwQpaohCybZxmagAAAA&pid=15.1,,,,,,,,,Bing Images,review-required,2026-07-31T04:27:36.659122+00:00
b57084655a0d2476ff37,Ai Iijima,"Ai Iijima - Biography, Height & Life Story | Super Stars Bio",https://superstarsbio.com/bios/ai-iijima/,https://superstarsbio.com/wp-content/uploads/2021/11/Ai-Iijima-6-791x1024.jpg,https://ts3.explicit.bing.net/th?id=OIP.6LUkgF-PkZ6MF4XGUwo6pAHaJl&pid=15.1,,,,,,,,,Bing Images,review-required,2026-07-31T04:27:36.659122+00:00
8c28357288489e2085a4,Ai Iijima,"Ai Iijima - actress, writer - biography, photo, best movies and TV shows",https://en.kinorium.com/name/306475/,https://images.kinorium.com/persona/180/306475.jpg?1675421292,https://ts4.explicit.bing.net/th?id=OIP.3jO6D0mqjmI-RtqT2HDIVAAAAA&pid=15.1,,,,,,,,,Bing Images,review-required,2026-07-31T04:27:36.659122+00:00
7710c9fb2fefdc367a85,Ai Iijima,Ai Iijima 1972-2008 – J-List Blog,https://blog.jlist.com/your-friend-in-japan/ai-iijima-1972-2008/,https://ahegao.b-cdn.net/wp-content/uploads/2008/12/ai-1.jpg,https://ts2.explicit.bing.net/th?id=OIP.pd2bHJu2yNhtAZwl046kKQAAAA&pid=15.1,,,,,,,,,Bing Images,review-required,2026-07-31T04:27:36.659122+00:00
97c6dacd763eb6352b17,Ai Iijima,"Ai Iijima Japanese Art Book ""Eye Catching"" | 1993 | Shin Yamagishi | eBay",https://www.ebay.com/itm/317773385926,https://i.ebayimg.com/images/g/tLQAAeSw3Ilpa0ed/s-l960.jpg,https://ts4.mm.bing.net/th?id=OIP.Q-F5xyXn4wqjFlCnx93zbQHaHa&pid=15.1,,,,,,,,,Bing Images,review-required,2026-07-31T04:27:36.659122+00:00
3e8b71927262b9f0e509,Ai Iijima,Ai Iijima · AniList,https://anilist.co/staff/103768,https://s4.anilist.co/file/anilistcdn/staff/large/n103768-b76pbPuZKr4o.png,https://ts2.explicit.bing.net/th?id=OIP.ube-CtsaLOX8akRKlu-9AAAAAA&pid=15.1,,,,,,,,,Bing Images,review-required,2026-07-31T04:27:36.659122+00:00
ba6ab4547150a9588960,Ai Iijima,"Flesh Asia Daily: Ai Iijima Is Quitting The Biz, So Let's Look At Her ...",https://fleshasia.blogspot.com/2007/04/ai-iijima-is-quitting-biz-so-lets-look.html,http://bp0.blogger.com/_zvRN6TiclKA/Rh4hTZDXqZI/AAAAAAAAAJs/21yulx2aE8k/w1200-h630-p-k-no-nu/ai_iijima_now1.jpg,https://ts4.mm.bing.net/th?id=OIP.p6dUpZ9XC9fazXm7O6SXMwHaIp&pid=15.1,,,,,,,,,Bing Images,review-required,2026-07-31T04:27:36.659122+00:00
ff15fb081ee94847b8b2,Ai Iijima,"Flesh Asia Daily: Ai Iijima Is Quitting The Biz, So Let's Look At Her ...",https://fleshasia.blogspot.com/2007/04/ai-iijima-is-quitting-biz-so-lets-look.html,http://bp1.blogger.com/_zvRN6TiclKA/Rh4hTpDXqbI/AAAAAAAAAJ8/50nbXmUP7PY/s0-d/ai_iijima_now3.jpg,https://ts1.mm.bing.net/th?id=OIP.4t9Ymrpvg1NdvoU47P6r_AHaFj&pid=15.1,,,,,,,,,Bing Images,review-required,2026-07-31T04:27:36.659122+00:00
4ad4d175eaf6939e6782,Ai Iijima,Iijima Ai (1972) - Articles - MyDramaList,https://mydramalist.com/people/37133-iijima-ai/articles,https://i.mydramalist.com/BlPLl_5_c2x.jpg,https://ts2.mm.bing.net/th?id=OIP.q5mNBCYR9uY4K0ZBHtf2YgHaIz&pid=15.1,,,,,,,,,Bing Images,review-required,2026-07-31T04:27:36.659122+00:00
8d11820884e5dc53ffdb,Ai Iijima,Japanese music CDs Ai Iijima / Ai Iijima + 5 | Music software | Suruga ...,https://www.suruga-ya.com/en/product/220262390,https://cdn.suruga-ya.jp/database/pics_light/game/220262390.jpg,https://ts2.explicit.bing.net/th?id=OIP.w3o1QFDpVt6nhlPIESoRgQHaHR&pid=15.1,,,,,,,,,Bing Images,review-required,2026-07-31T04:27:36.659122+00:00
3daf3a1a1b5c122198fd,Ai Iijima,The Untold Story of Ai Iijima: A Deep Dive into the Life of an Iconic ...,https://www.youtube.com/watch?v=juHZAdWROH0,https://i.ytimg.com/vi/juHZAdWROH0/maxresdefault.jpg,https://ts3.mm.bing.net/th?id=OIP.LU5D83bKMJis7kOTqtDwWAHaEK&pid=15.1,,,,,,,,,Bing Images,review-required,2026-07-31T04:27:36.659122+00:00
6bc1f8663475d3596837,Aino Kishi,(Group) Ebisu Muscats,http://forum.jphip.com/index.php?topic=24481.4560,http://ilarge.lisimg.com/image/4107140/1000full-aino-kishi.jpg,https://ts2.mm.bing.net/th?id=OIP.SwdgGpTkfnlXNtg-IcYIGQHaLH&pid=15.1,,,,,,,,,Bing Images,review-required,2026-07-31T04:27:41.896087+00:00
a026917a87da10435b97,Aino Kishi,"Aino Kishi - actress - biography, photo, best movies and TV shows",https://en.kinorium.com/name/1997137/,https://images.kinorium.com/instagram/320/CeDs9CdvX-m.jpg,https://ts1.mm.bing.net/th?id=OIP.NMhOCFd7VVTlLhBNKYmVdAHaHa&pid=15.1,,,,,,,,,Bing Images,review-required,2026-07-31T04:27:41.896087+00:00
714b2a7af1b0c9e80bd0,Aino Kishi,"Aino Kishi / DVD ""Student Council President is Maid"" Special bonus ...",https://www.suruga-ya.com/en/product/G6693647,https://cdn.suruga-ya.jp/database/pics_light/game/g6693647.jpg,https://ts3.mm.bing.net/th?id=OIP.d8sg-hr3QIosuO1cycZt2wAAAA&pid=15.1,,,,,,,,,Bing Images,review-required,2026-07-31T04:27:41.896087+00:00
5d69c2c156980f55d98f,Aino Kishi,Aino Kishi Artis Imut AV|Foto Foto Hot Hot | FOTO FOTO HOT HOT,https://fotofotohothot.blogspot.com/2013/04/aino-kishi-artis-imut-avfoto-foto-hot.html,https://blogger.googleusercontent.com/img/b/R29vZ2xl/AVvXsEiX0Bvg1vqVc9PvAAtFWg2uAKrxQ5iigb7Q3nHj04GH4miaZ4gPJkwvnJkJ0R6ZjPyvvv3gZqbIbIAm8oQekPftS98eISxKoytUtY1e6hABWNalvtTiKd_bEtjIEWnPxqKBTTi8rIgNialP/w1200-h630-p-k-no-nu/Aino+Kishi.jpg,https://ts4.mm.bing.net/th?id=OIP._FETYfaBObWAyJeO0dCJ8QHaD4&pid=15.1,,,,,,,,,Bing Images,review-required,2026-07-31T04:27:41.896087+00:00
5cc36efdb7d075d7d20e,Aino Kishi,Aino Kishi Artis Pemain Film Model Cantik dari Jepang - Wawasan Eureka,https://wawasaneureka.blogspot.com/2015/12/aino-kishi-artis-pemain-film-model.html,https://2.bp.blogspot.com/-DnFgiorPUhw/Vm0R-zzC7AI/AAAAAAAAC-U/DdL4teD4rYI/s1600/Foto%2BTErbaru%2BModel%2BCantik%2BAino%2BKishi%2B%25282%2529.jpg,https://ts2.explicit.bing.net/th?id=OIP.WDwK1J7I5pD50hjEmpvFXwHaLI&pid=15.1,,,,,,,,,Bing Images,review-required,2026-07-31T04:27:41.896087+00:00
df30d62a2cce12bc369e,Aino Kishi,"Aino Kishi Death Fact Check, Birthday & Age | Dead or Kicking",https://deadorkicking.com/aino-kishi-dead-or-alive/,https://deadorkicking.com/wp-content/uploads/featured-img/a/aino-kishi.jpg,https://ts4.mm.bing.net/th?id=OIP.oHI6TNqBNCnrojNmw8bMqQAAAA&pid=15.1,,,,,,,,,Bing Images,review-required,2026-07-31T04:27:41.896087+00:00
197d21ad8dcddbdff1bf,Aino Kishi,Aino Kishi Pictures (34 Images),https://hotnessrater.com/person/76261/aino-kishi,https://img3.hotnessrater.com/4459490/aino-kishi.jpg,https://ts2.mm.bing.net/th?id=OIP.MgW6o59roN-OEJubOgHLigHaLG&pid=15.1,,,,,,,,,Bing Images,review-required,2026-07-31T04:27:41.896087+00:00
77190706f21fdc6bf3a3,Aino Kishi,Aino Kishi Pictures (34 Images),https://hotnessrater.com/person/76261/aino-kishi,https://img5.hotnessrater.com/4459492/aino-kishi.jpg,https://ts2.explicit.bing.net/th?id=OIP.x1PWMKo-_Ua3VGhOo9oxzQHaLH&pid=15.1,,,,,,,,,Bing Images,review-required,2026-07-31T04:27:41.896087+00:00
f250124463ad41d42fa2,Aino Kishi,Aino Kishi Pictures in an Infinite Scroll - 34 Pictures,https://hotnessrater.com/infinite-scroll/76261/aino-kishi,https://img1.hotnessrater.com/4459480/aino-kishi.jpg?w=4000&h=6000,https://ts2.mm.bing.net/th?id=OIP.mP3_GX1WksRZ8e4eZyr7KAHaLH&pid=15.1,,,,,,,,,Bing Images,review-required,2026-07-31T04:27:41.896087+00:00
fd3c81e086f8ccf9c853,Aino Kishi,Aino Kishi Top Must Watch Movies of All Time Online Streaming,https://www.binged.com/person/aino-kishi/,https://bingeddata.s3.amazonaws.com/uploads/2020/12/mHH7xYh540ihI0LWOTduQ97XdHc.jpg,https://ts2.explicit.bing.net/th?id=OIP.Z7gKHq8sTRJ7xWPc1PTS-AHaLH&pid=15.1,,,,,,,,,Bing Images,review-required,2026-07-31T04:27:41.896087+00:00
99aed3100b4e8ecbeec2,Aino Kishi,Aino Kishi | K-mall,https://khmermall.blogspot.com/2011/09/aino-kishi.html,https://4.bp.blogspot.com/_Rxo-dVWeH5A/Sedkt7_bS8I/AAAAAAAAGHw/-3Nl6X5qzuA/s640/Aino_Kishi_AV_005.jpg,https://ts2.mm.bing.net/th?id=OIP.ZK_IVjVZDBCwLAFvpVUnPAAAAA&pid=15.1,,,,,,,,,Bing Images,review-required,2026-07-31T04:27:41.896087+00:00
d2c7e2a784e27cab217e,Aino Kishi,"Asuka Kishi - Biography, Height & Life Story | Super Stars Bio",https://superstarsbio.com/bios/asuka-kishi/,https://superstarsbio.com/wp-content/uploads/2021/11/Asuka-Kishi.jpg,https://ts1.mm.bing.net/th?id=OIP.RJ6KPFdZLuTrGoGMwX0ijgHaJ4&pid=15.1,,,,,,,,,Bing Images,review-required,2026-07-31T04:27:41.896087+00:00
f6003b586035e6355275,Aino Kishi,BOOOOOOM! — Aino Kishi. I fell in love with a porn star… but...,https://boomboomshakeitshakeit.tumblr.com/post/28950783569/aino-kishi-i-fell-in-love-with-a-porn-star-but,https://64.media.tumblr.com/dc2f244ca1afc959b73c93ca7d9de923/2beebc876b927314-3d/s2048x3072/c65e48d0033bd4a36405b62da534bf5bae5827e6.png,https://ts1.mm.bing.net/th?id=OIP.bFJBkwUh8SvcEUoD8T2T1gHaJ4&pid=15.1,,,,,,,,,Bing Images,review-required,2026-07-31T04:27:41.896087+00:00
ba927c466d86618d184b,Aino Kishi,kanomatakeisuke: AINO KISHI,https://kanomatakeisuke.blogspot.com/2013/01/aino-kishi.html,https://blogger.googleusercontent.com/img/b/R29vZ2xl/AVvXsEhia6j52JEUP4CIyUJj9bh6Al4qAXq8iUWkxum0AseAb3a3aqbNR6mu8tM1e0X4XVfhPAcElHsNvzof2hZfPawDYHhjUMeNXvxyaVgUZWfCF3PPxjEyDFNl4msxBA49I0oHKjLwHB0XxrhF/w1200-h630-p-k-no-nu/Aino_Kishi_B1358673140426.jpg,https://ts4.mm.bing.net/th?id=OIP.YOm_EpsZdobkFju5sqEXVAAAAA&pid=15.1,,,,,,,,,Bing Images,review-required,2026-07-31T04:27:41.896087+00:00
9db450157c99a821a6c9,Air Force Amy,39 Facts About 21 Air - Facts.net,https://facts.net/airlines/39-facts-about-21-air/,https://facts.net/wp-content/uploads/2023/10/21-extraordinary-facts-about-air-force-amy-1697092222.jpg,https://ts1.explicit.bing.net/th?id=OIP.TyhBLBKjmrsrJj_CAlUABAHaE7&pid=15.1,,,,,,,,,Bing Images,review-required,2026-07-31T04:27:43.817897+00:00
5a866f23b10e31778057,Air Force Amy,Air Force Amy,https://www.imdb.com/name/nm1209170/mediaviewer/rm3237464833,https://m.media-amazon.com/images/M/MV5BMjdhN2RmN2UtNDg3Ny00MzAyLWE3MmEtZWM2NmVlMzU0ZjYyXkEyXkFqcGc@._V1_FMjpg_UX1000_.jpg,https://ts2.mm.bing.net/th?id=OIP.AtkTKaLKBEAVGSwiJ0AJxAHaLH&pid=15.1,,,,,,,,,Bing Images,review-required,2026-07-31T04:27:43.817897+00:00
89a7d74faa7e0be04811,Air Force Amy,Air Force Amy - YouTube,https://www.youtube.com/watch?v=SMxaBEwoCFY,https://i.ytimg.com/vi/SMxaBEwoCFY/maxresdefault.jpg?sqp=-oaymwEmCIAKENAF8quKqQMa8AEB-AH-CYAC0AWKAgwIABABGGUgZShlMA8=&rs=AOn4CLBIdhA5LmR-PT0fd30qEQxH5AQuVQ,https://ts2.mm.bing.net/th?id=OIP.kpLEdbWNdBOtld12qJhJWAHaEK&pid=15.1,,,,,,,,,Bing Images,review-required,2026-07-31T04:27:43.817897+00:00
cf9d7df765b3b7efecec,Air Force Amy,"Air Force Amy - actress - biography, photo, best movies and TV shows",https://en.kinorium.com/name/3423496/,https://images.kinorium.com/persona/300/3423496.jpg?1705056755,https://ts2.explicit.bing.net/th?id=OIP.WPDheLaEVqSsUc5ZU7LMhAAAAA&pid=15.1,,,,,,,,,Bing Images,review-required,2026-07-31T04:27:43.817897+00:00
733676b08d6c8d82ef16,Air Force Amy,Air Force Amy Biography | Pantheon,https://pantheon.world/profile/person/Air_Force_Amy,https://pantheon.world/api/screenshot/person?id=11057034&locale=en,https://ts1.mm.bing.net/th?id=OIP.iyyyFO6LSSULj7CiCaXCugHaD4&pid=15.1,,,,,,,,,Bing Images,review-required,2026-07-31T04:27:43.817897+00:00
69c07d5fb58f35b48c53,Air Force Amy,"Air Force Amy Net Worth - Wiki, Age, Weight and Height, Relationships ...",https://luxlux.net/en/celebrities/air-force-amy/,https://luxlux.net/lux/wp-content/uploads/air-force-amy-4.jpeg,https://ts3.mm.bing.net/th?id=OIP.wE_60ETA_KtbhlCjDMZnLAHaLH&pid=15.1,,,,,,,,,Bing Images,review-required,2026-07-31T04:27:43.817897+00:00
73be5ba06ff3f253d434,Air Force Amy,"Air Force Amy Net Worth - Wiki, Age, Weight and Height, Relationships ...",https://luxlux.net/en/celebrities/air-force-amy/,https://luxlux.net/lux/wp-content/uploads/air-force-amy-2.jpeg,https://ts3.mm.bing.net/th?id=OIP.b3gLoAquzGd4g50MM6titQHaKb&pid=15.1,,,,,,,,,Bing Images,review-required,2026-07-31T04:27:43.817897+00:00
84727839b541ee723df5,Air Force Amy,"Air Force Amy Net Worth - Wiki, Age, Weight and Height, Relationships ...",https://luxlux.net/en/celebrities/air-force-amy/,https://luxlux.net/lux/wp-content/uploads/Air-Force-Amy-702x1024.jpeg,https://ts3.mm.bing.net/th?id=OIP.K_K7lBhJalIv65n6nUAQhQHaKz&pid=15.1,,,,,,,,,Bing Images,review-required,2026-07-31T04:27:43.817897+00:00
d3a2dc07172bfecd00fa,Air Force Amy,"Air Force Amy Net Worth - Wiki, Age, Weight and Height, Relationships ...",https://luxlux.net/en/celebrities/air-force-amy/,https://luxlux.net/lux/wp-content/uploads/air-force-amy-3.jpeg,https://ts3.mm.bing.net/th?id=OIP.5wFZguq1NACQI7yz7jEIVwHaFZ&pid=15.1,,,,,,,,,Bing Images,review-required,2026-07-31T04:27:43.817897+00:00
97f67dce333330e056ad,Air Force Amy,Air Force Amy Net Worth: The Financial Story Behind Nevada's Most ...,https://earlymagazine.co.uk/air-force-amy-net-worth/,https://earlymagazine.co.uk/wp-content/uploads/2025/12/Air-Force-Amy-Net-Worth.webp,https://ts1.mm.bing.net/th?id=OIP.PE1F99iUtauad7ZqqyLULAHaEK&pid=15.1,,,,,,,,,Bing Images,review-required,2026-07-31T04:27:43.817897+00:00
fcf4fd09099726990675,Air Force Amy,"Air Force Amy Profile, Photos, News, Bio | CelebNest",https://www.celebnest.com/celebrity/5273-air-force-amy/,https://www.celebnest.com/uploads/celebs/1/5273-28677.jpg,https://ts2.explicit.bing.net/th?id=OIP.IvC87CfY-R0Wo0-axX-rLgAAAA&pid=15.1,,,,,,,,,Bing Images,review-required,2026-07-31T04:27:43.817897+00:00
1ea6ff8433b9c736925a,Air Force Amy,Air Force Amy | Famous Legal Courtesan | Bookings | Info | Members,https://airforceamy.com/,https://airforceamy.com/wp-content/uploads/2025/04/7B353A96-B622-44E3-B227-599B7D311B31.jpeg,https://ts3.mm.bing.net/th?id=OIP.i6haw6Ku3dKCPq1GCmqFxwHaJO&pid=15.1,,,,,,,,,Bing Images,review-required,2026-07-31T04:27:43.817897+00:00
d0ae3c86b917d60fbdbc,Air Force Amy,Air Force Amy's Untold Story | Gurus and Game Changers Podcast,https://mainlinevideostudio.com/2024/04/11/air-force-amy-untold-story/,https://mainlinevideostudio.com/wp-content/uploads/sites/22187/2024/04/stillairforceamy.jpg,https://ts3.mm.bing.net/th?id=OIP.TlgNHq1-rJyTU2z3kEGB_wHaEK&pid=15.1,,,,,,,,,Bing Images,review-required,2026-07-31T04:27:43.817897+00:00
edda28d6da28a1f2d4ae,Air Force Amy,Join us in congratulating our commander on her recent promotion to ...,https://www.linkedin.com/posts/air-force-office-of-special-investigations-afosi-_join-us-in-congratulating-our-commander-on-activity-7140096055622193153-TaAA,https://media.licdn.com/dms/image/v2/D5622AQEHLgJiJbFIkQ/feedshare-shrink_800/feedshare-shrink_800/0/1702331555261?e=2147483647&v=beta&t=HT0VLDfa820tHXchGkJ0DOPA8aVgpt0nV5TxOStrDcE,https://ts4.mm.bing.net/th?id=OIP.HprA4_FlRBMu5T0v3Cv05QHaJQ&pid=15.1,,,,,,,,,Bing Images,review-required,2026-07-31T04:27:43.817897+00:00
0bc28f11ece6f21408d0,Air Force Amy,"PPT - Air Force Amy PowerPoint Presentation, free download - ID:1421937",https://www.slideserve.com/airforceamy/air-force-amy,https://image4.slideserve.com/1421937/tv-and-radio-fun-for-air-force-amy-l.jpg,https://ts2.mm.bing.net/th?id=OIP.0gz06UoN7RSpNRSQBHBx6AHaFj&pid=15.1,,,,,,,,,Bing Images,review-required,2026-07-31T04:27:43.817897+00:00
a485d81c9245bcf22514,Air Force Amy,"PPT - Air Force Amy PowerPoint Presentation, free download - ID:1421937",https://www.slideserve.com/airforceamy/air-force-amy,https://image4.slideserve.com/1421937/air-force-amy-is-a-professional-l.jpg,https://ts1.mm.bing.net/th?id=OIP.herl8WDEFI0O8VjPTzef6QHaFj&pid=15.1,,,,,,,,,Bing Images,review-required,2026-07-31T04:27:43.817897+00:00
b329dd3503ad20889e39,Air Force Amy,"PPT - Air Force Amy PowerPoint Presentation, free download - ID:1421937",https://www.slideserve.com/airforceamy/air-force-amy,https://image4.slideserve.com/1421937/air-force-amy-served-her-country-l.jpg,https://ts3.mm.bing.net/th?id=OIP.hZF-xpXC_vxyniUFgfH7GgHaFj&pid=15.1,,,,,,,,,Bing Images,review-required,2026-07-31T04:27:43.817897+00:00
26cbe9ea84806f3f9ce9,Air Force Amy,"The Kimberly Cloud Show ""Promotion of Air Force Amy"" - YouTube",https://www.youtube.com/watch?v=pN6oqcBar3g,https://i.ytimg.com/vi/pN6oqcBar3g/maxresdefault.jpg,https://ts4.mm.bing.net/th?id=OIP.qN3MztkePTApJdTnKyzZrgHaEK&pid=15.1,,,,,,,,,Bing Images,review-required,2026-07-31T04:27:43.817897+00:00
2faf7b973aa69716660a,Aische Pervers,"""Katastrophaler Frauentausch"" mit Aische Pervers | Promiflash.de",https://www.promiflash.de/news/2013/04/11/katastrophaler-frauentauch-mit-aische-pervers.html,https://content2.promiflash.de/article-images/video_480/aische-pervers-schaut-lasziv.jpg,https://ts2.mm.bing.net/th?id=OIP.737i_RqL9g5MybI1ffh8QgHaEK&pid=15.1,,,,,,,,,Bing Images,review-required,2026-07-31T04:27:46.630778+00:00
cb7e5c30bf71c684823a,Aische Pervers,Actors Born April 22,https://www.awardsandshows.com/features/22nd-april.php,https://www.awardsandshows.com/images/aische-pervers-1.jpg,https://ts1.mm.bing.net/th?id=OIP.5Ksal2Sl6grXU9FXF72GOgAAAA&pid=15.1,,,,,,,,,Bing Images,review-required,2026-07-31T04:27:46.630778+00:00
dc58b384fc8a956aa500,Aische Pervers,Aische Pervers - Venus Stars - Erotik Influencer,https://www.venusstars.com/aische-pervers/,https://www.venusstars.com/wp-content/uploads/2020/06/Aische-Pervers-12.jpg,https://ts4.explicit.bing.net/th?id=OIP.XFVrx9TlxnKuyQvMwXSIUwHaDP&pid=15.1,,,,,,,,,Bing Images,review-required,2026-07-31T04:27:46.630778+00:00
55bbf55bf275658f27ff,Aische Pervers,Aische Pervers Mallorca – Aische Pervers: Pornodreh bei GNTM-Finale hat ...,https://www.gerdbreiter.de/aische-pervers-mallorca-aische-pervers-pornodreh-bei-gntm-finale-hat-ein-nachspiel/,https://krasavica.info/uploads/posts/2020-02/1580914381_4-p-aische-pervers-instagram-19.jpg,https://ts4.mm.bing.net/th?id=OIP.WX9LJTK-zn1J2XO2QzJdFgHaEK&pid=15.1,,,,,,,,,Bing Images,review-required,2026-07-31T04:27:46.630778+00:00
0174e4e1422f2aaa03a5,Aische Pervers,"Aische Pervers Wiki, Biography, Net Worth, Age, Boyfriend and Ethnicity ...",https://giambeo.blog.jp/aische-pervers-wiki-biography-net-worth-age-boyfriend-and-ethnicity/,https://livedoor.blogimg.jp/bachnu-con3t3jr/imgs/5/e/5eb6f87b.jpg,https://ts4.mm.bing.net/th?id=OIP.7laJE1k8OFKXCqmoS49ApwAAAA&pid=15.1,,,,,,,,,Bing Images,review-required,2026-07-31T04:27:46.630778+00:00
cf182ac06c18e267f17f,Aische Pervers,"Aische Pervers attends the Prelinale Party 2016 on February 10, 2016 ...",https://www.gettyimages.de/detail/nachrichtenfoto/aische-pervers-attends-the-prelinale-party-2016-on-nachrichtenfoto/509442346,https://media.gettyimages.com/id/509442346/de/foto/berlin-germany-aische-pervers-attends-the-prelinale-party-2016-on-february-10-2016-in-berlin.jpg?s=1024x1024&w=gi&k=20&c=I44_Ujj-GcU2_nR0F_oTzAvsEPIGzqtJzBQF7RvDtpg=,https://ts4.mm.bing.net/th?id=OIP.-Hx3Nrs1yQqUpCUd7P1RdAHaLG&pid=15.1,,,,,,,,,Bing Images,review-required,2026-07-31T04:27:46.630778+00:00
a4fb87dbb8aae73b8ab3,Aische Pervers,Aische Pervers bei Micas 40th Birthday Bash Party im Bellucci ...,https://www.alamy.com/aische-pervers-bei-micas-40th-birthday-bash-party-im-bellucci-restaurant-berlin-aische-pervers-at-micas-40th-birthday-bash-party-at-bellucci-restaurant-berlin-credit-imagoalamy-live-news-image570952436.html,https://c8.alamy.com/comp/2T4W3JC/aische-pervers-bei-micas-40th-birthday-bash-party-im-bellucci-restaurant-berlin-aische-pervers-at-micas-40th-birthday-bash-party-at-bellucci-restaurant-berlin-credit-imagoalamy-live-news-2T4W3JC.jpg,https://ts2.mm.bing.net/th?id=OIP.UHi4edpzVzgDPPAjfJZweQHaL4&pid=15.1,,,,,,,,,Bing Images,review-required,2026-07-31T04:27:46.630778+00:00
ca277220ea52c78bbac5,Aische Pervers,Aische Pervers bei der Visit-X Venus Opening Party Night of the Nights ...,https://www.alamy.com/aische-pervers-bei-der-visit-x-venus-opening-party-night-of-the-nights-im-hotel-amano-grand-central-berlin-23102024-aische-pervers-at-the-visit-x-venus-opening-party-night-of-the-nights-at-the-hotel-amano-grand-central-berlin-23-10-2024-fotoxnxkubelkaxxfutureximagex-venus-4005-image627543145.html,https://c8.alamy.com/comp/2YCY1K5/aische-pervers-bei-der-visit-x-venus-opening-party-night-of-the-nights-im-hotel-amano-grand-central-berlin-23102024-aische-pervers-at-the-visit-x-venus-opening-party-night-of-the-nights-at-the-hotel-amano-grand-central-berlin-23-10-2024-fotoxnxkubelkaxxfutureximagex-venus-4005-2YCY1K5.jpg,https://ts2.mm.bing.net/th?id=OIP._vn0WirX3pYWIZvSsKZe4gHaL6&pid=15.1,,,,,,,,,Bing Images,review-required,2026-07-31T04:27:46.630778+00:00
c8a40a53ea26d2663067,Aische Pervers,Aische Pervers gewohnt tabulos: Was man vor einer Posex-Szene unbedingt ...,https://www.bild.de/bild-plus/unterhaltung/erotik/erotik/aische-pervers-gewohnt-tabulos-was-man-vor-einer-posex-szene-unbedingt-tun-sollt-83011088.bild.html,"https://images.bild.de/63f88cbe824b3c23e36b22ba/dd23c4b5884126718c8dd98d6739c582,a6993406?w=992",https://ts4.mm.bing.net/th?id=OIP.RYlyQyiiEbmFeVgvkAx7hwHaEK&pid=15.1,,,,,,,,,Bing Images,review-required,2026-07-31T04:27:46.630778+00:00
d9939257bc1f7cfe2f0e,Aische Pervers,Aische Pervers | Aische goes DSDS 2016 !!! - YouTube,https://www.youtube.com/watch?v=WcCgsa9LJNc,https://i.ytimg.com/vi/WcCgsa9LJNc/maxresdefault.jpg,https://ts1.mm.bing.net/th?id=OIP.Y07VVnyhCa-jyjwcmstJHAHaEK&pid=15.1,,,,,,,,,Bing Images,review-required,2026-07-31T04:27:46.630778+00:00
7a96c9bedd9c2fed07ec,Aische Pervers,Aische Pervers | Promiflash,https://www.promiflash.de/thema/aische-pervers/,https://content4.promiflash.de/article-images/square1024/aische-pervers-posiert-3.jpg,https://ts3.mm.bing.net/th?id=OIP.9MzRxenPEo2XFPQovTzihQHaHa&pid=15.1,,,,,,,,,Bing Images,review-required,2026-07-31T04:27:46.630778+00:00
8c43868b830dbd33554c,Aische Pervers,Aische Pervers | Promiflash.de,https://www.promiflash.de/thema/aische-pervers/,https://content4.promiflash.de/article-images/video_1080/aische-pervers-in-einem-leoparden-kleid.jpg,https://ts4.mm.bing.net/th?id=OIP.L_vxG8w5911WuUJyMqVL-AHaEK&pid=15.1,,,,,,,,,Bing Images,review-required,2026-07-31T04:27:46.630778+00:00
0b25e2217fb1e0289469,Aische Pervers,Aische pervers hi-res stock photography and images - Alamy,https://www.alamy.com/stock-photo/aische-pervers.html,https://c8.alamy.com/comp/HDK4HG/fightnight-majesti-of-prussia-at-schloss-diedersdorf-featuring-aische-HDK4HG.jpg,https://ts1.explicit.bing.net/th?id=OIP.O3rX9BcV45EW1B2ICuOUqAHaL5&pid=15.1,,,,,,,,,Bing Images,review-required,2026-07-31T04:27:46.630778+00:00
028eb532b14fec57f26f,Aische Pervers,Depressiv und sportsüchtig: Erotikstar Aische Pervers legt Psycho ...,https://www.bild.de/bild-plus/unterhaltung/erotik/erotik/depressiv-und-sportsuechtig-erotikstar-aische-pervers-legt-psycho-beichte-ab-81461608.bild.html,"https://images.bild.de/63343c1aea056f0064b306b2/b8b0d27642f7fffc4bfb696a25a114e7,60ce115b?w=1280",https://ts1.mm.bing.net/th?id=OIP.htKsCMjCbCI7HjiikRD1-AHaEK&pid=15.1,,,,,,,,,Bing Images,review-required,2026-07-31T04:27:46.630778+00:00
d805f403e55e12b08853,Aische Pervers,Eure Fragen an Pornostar Aische Pervers! (Teil 1) | ANTENNE BAYERN,https://www.antenne.de/mediathek/serien/lena-liebts-bild/0001j4fh2m5gx7srgxqj7ztx53-eure-fragen-an-pornostar-aische-pervers-teil-1,https://www.antenne.de/media/cache/3/version/13562/lena-liebts-v1.jpg/04e83a6de539e79f.jpg,https://ts1.mm.bing.net/th?id=OIP.ZXVeCJovJpM8quZkvkUYIwHaHa&pid=15.1,,,,,,,,,Bing Images,review-required,2026-07-31T04:27:46.630778+00:00
3b73e67a4231d4a5f1f4,Aische Pervers,Pervers Photos and Premium High Res Pictures - Getty Images,https://www.gettyimages.dk/photos/pervers,https://media.gettyimages.com/id/509442506/photo/ramon-wagner-and-aische-pervers-attend-the-prelinale-party-2016-on-february-10-2016-in-berlin.jpg?s=612x612&w=gi&k=20&c=t57nCt659KrHKOEHHbLJwSKtL1qVliyEKbZamRxhog8=,https://ts1.mm.bing.net/th?id=OIP.JL33o-4UEGU6Kv0XZREW5wHaE8&pid=15.1,,,,,,,,,Bing Images,review-required,2026-07-31T04:27:46.630778+00:00
03e586516e0e3e9ca3ac,Aische Pervers,Pervers Photos et images de collection - Getty Images,https://www.gettyimages.fr/photos/pervers,https://media.gettyimages.com/id/509442584/fr/photo/ramon-wagner-and-aische-pervers-attend-the-prelinale-party-2016-on-february-10-2016-in-berlin.jpg?s=612x612&w=gi&k=20&c=rkYP0b9yj-IrO0H9Fl6iG1dGiZG3b0a-EQUZk6AgI8g=,https://ts4.mm.bing.net/th?id=OIP.RUeCDDzhBx8s6o-IRvh-zgHaE8&pid=15.1,,,,,,,,,Bing Images,review-required,2026-07-31T04:27:46.630778+00:00
04bc5b1269a1ae8b0d53,Aische Pervers,TW Pornstars - Aische Pervers. Twitter. Du willst Aische-Pervers live ...,https://www.twpornstars.com/p/29039288,https://pbs.twimg.com/media/DrfyiVWW4AYF-Xd.jpg:large,https://ts4.mm.bing.net/th?id=OIP.dipkX01e1fbnrjqMMZ00mAHaC0&pid=15.1,,,,,,,,,Bing Images,review-required,2026-07-31T04:27:46.630778+00:00
596601447f9b5221e1c4,Aische Pervers,Wer ist es? Pornostar zeigt Chat mit deutschem Rapper - People | heute.at,https://www.heute.at/s/wer-ist-es-pornostar-zeigt-chat-mit-deutschem-rapper-100130878,"https://heute-at-prod-images.imgix.net/2020/4/26/c1fd42c4-25f8-41bc-af34-eba12b3a12f9.jpeg?rect=0%2C84%2C869%2C488&auto=format,compress&w=558",https://ts4.mm.bing.net/th?id=OIP.SEysQzfg000k2HBTP0l_pQHaEJ&pid=15.1,,,,,,,,,Bing Images,review-required,2026-07-31T04:27:46.630778+00:00
ad167c0c48fc4cdd667e,Akiho Yoshizawa,Akiho Yoshizawa,https://www.pinterest.com/pin/akiho-yoshizawa--289074869809560198/,https://i.pinimg.com/originals/25/1c/d2/251cd2fe8a34741dc56a42c5f1491b20.jpg,https://ts2.explicit.bing.net/th?id=OIP.n4f5twhD_E_ATQBZFt7uugHaEv&pid=15.1,,,,,,,,,Bing Images,review-required,2026-07-31T04:27:48.043032+00:00
1e4334a5a838619407b4,Akiho Yoshizawa,"Akiho Yoshizawa (Actress) Wiki, Age, Net Worth, Boyfriend, Ethnicity ...",https://celebritate.com/celebrity/akiho-yoshizawa/,https://celebritate.com/wp-content/uploads/2023/05/Akiho-Yoshizawa.jpg,https://ts1.mm.bing.net/th?id=OIP.Gci1Htrktd4YN_YxlUiauwHaIO&pid=15.1,,,,,,,,,Bing Images,review-required,2026-07-31T04:27:48.043032+00:00
dd83286acffaaecfc782,Akiho Yoshizawa,Akiho Yoshizawa (Japanese Pornographic Actress) ~ Bio with [ Photos ...,https://alchetron.com/Akiho-Yoshizawa,https://alchetron.com/cdn/akiho-yoshizawa-030319a5-79ca-450f-a24e-96585be00ff-resize-750.jpg,https://ts2.mm.bing.net/th?id=OIP.GfrvLJi7vbORF5AObC17YwHaKe&pid=15.1,,,,,,,,,Bing Images,review-required,2026-07-31T04:27:48.043032+00:00
422a312c5656e3997683,Akiho Yoshizawa,Akiho Yoshizawa - Profile Images — The Movie Database (TMDB),https://www.themoviedb.org/person/932686/images/profiles,https://image.tmdb.org/t/p/original/70lmBR1yZsTVbO1YLUMHgDRz57C.jpg,https://ts2.explicit.bing.net/th?id=OIP.cIT3U3WRzh4g6WM18PNIHgHaLG&pid=15.1,,,,,,,,,Bing Images,review-required,2026-07-31T04:27:48.043032+00:00
0b63f6bf3c415a92202a,Akiho Yoshizawa,Akiho Yoshizawa - Tiểu sử và sự nghiệp cựu diễn viên 18+,https://cfun68.sbs/akiho-yoshizawa-tieu-su-va-su-nghiep-cuu-dien-vien-18/,https://cfun68.sbs/wp-content/uploads/2023/12/akiho-yoshizawa-tieu-su-va-su-nghiep-cuu-dien-vien-18-2.jpg,https://ts1.mm.bing.net/th?id=OIP.XdC3FmDyvc39BAfczEWaKwHaLI&pid=15.1,,,,,,,,,Bing Images,review-required,2026-07-31T04:27:48.043032+00:00
da82226193560c6ea3c5,Akiho Yoshizawa,Akiho Yoshizawa Fan Casting,https://www.mycast.io/talent/akiho-yoshizawa-1,https://assets.mycast.io/actor_images/actor-akiho-yoshizawa-1186503_large.jpg?1726733676,https://ts2.explicit.bing.net/th?id=OIP.cy488cIkq_4EeKSTQjsaUAAAAA&pid=15.1,,,,,,,,,Bing Images,review-required,2026-07-31T04:27:48.043032+00:00
587f4ca778b442e24875,Akiho Yoshizawa,Akiho Yoshizawa HQ Photos - 9 Exclusive Images & Galleries | ThePlace,https://theplace-2.com/photos/Akiho-Yoshizawa-md3851/,https://theplace-2.com/storage/photos/akiho_yoshizawa/img/37-1.jpg,https://ts4.mm.bing.net/th?id=OIP.9BX1U2UJ8sFX2zXDjXb4VgHaKL&pid=15.1,,,,,,,,,Bing Images,review-required,2026-07-31T04:27:48.043032+00:00
64f671150daee7283dee,Akiho Yoshizawa,Akiho Yoshizawa Pictures,https://celebrityrater.com/infinite-scroll/26189/akiho-yoshizawa,https://img7.hotnessrater.com/4059894/akiho-yoshizawa.jpg?w=4000&h=6000,https://ts4.explicit.bing.net/th?id=OIP.PaAB98VW8qLx1Oju7dngBwHaLH&pid=15.1,,,,,,,,,Bing Images,review-required,2026-07-31T04:27:48.043032+00:00
137bca7e0611633ce7d9,Akiho Yoshizawa,Akiho Yoshizawa Pictures (589 Images),https://hotnessrater.com/person/26189/akiho-yoshizawa,https://img7.hotnessrater.com/4059870/akiho-yoshizawa.jpg,https://ts4.explicit.bing.net/th?id=OIP.KeOerlREKqqOakWKbB6k0gHaLH&pid=15.1,,,,,,,,,Bing Images,review-required,2026-07-31T04:27:48.043032+00:00
42cdc33f801910ce7609,Akiho Yoshizawa,Akiho Yoshizawa Pictures. Hotness Rating = 8.42/10,https://hotnessrater.com/full-sized-picture/4059981/akiho-yoshizawa,https://img6.hotnessrater.com/4059981/akiho-yoshizawa.jpg?w=4000&h=6000,https://ts4.mm.bing.net/th?id=OIP.Te2nOKvuZyqJk-Ir9-QsqAHaIq&pid=15.1,,,,,,,,,Bing Images,review-required,2026-07-31T04:27:48.043032+00:00
4597833a32037491555c,Akiho Yoshizawa,Akiho Yoshizawa Poster #1356994 Online | Best Prices,https://idposter.com/Akiho-Yoshizawa-posters-and-prints/1356994-Akiho-Yoshizawa-poster,https://idposter.com/img/Celebrity/A/Akiho_Yoshizawa/id1178574.webp,https://ts3.mm.bing.net/th?id=OIP.GjPJABuZd_MVIsCgAEAiMQAAAA&pid=15.1,,,,,,,,,Bing Images,review-required,2026-07-31T04:27:48.043032+00:00
e3e80d02d96206c801f1,Akiho Yoshizawa,Akiho Yoshizawa Top Must Watch Movies of All Time Online Streaming,https://www.binged.com/person/akiho-yoshizawa/,https://bingeddata.s3.amazonaws.com/uploads/2020/12/9yzmmIVmSb91Qf8s6zig7WISNNP-scaled.jpg,https://ts1.mm.bing.net/th?id=OIP.2K_tGYXI4pqLletwNQtCwQHaLG&pid=15.1,,,,,,,,,Bing Images,review-required,2026-07-31T04:27:48.043032+00:00
84a88f42a4d951009b8d,Akiho Yoshizawa,"Akiho Yoshizawa Wiki: Bio, Height, Weight, Relationships, Net Worth (2025)",https://trendingcelebs.org/akiho-yoshizawa,https://cdn.trendingcelebs.org/imgs/04/akiho-yoshizawa.jpg,https://ts2.mm.bing.net/th?id=OIP.BLmY0sXViPmVah1xirS6_gAAAA&pid=15.1,,,,,,,,,Bing Images,review-required,2026-07-31T04:27:48.043032+00:00
f006196a4a462f7c7371,Akiho Yoshizawa,"Akiho Yoshizawa's Instagram, Twitter & Facebook on IDCrawl",https://www.idcrawl.com/akiho-yoshizawa,https://flxt.tmsimg.com/assets/275530_v9_aa.jpg,https://ts1.explicit.bing.net/th?id=OIP.dv5RokPLKSHXMGLzuWQt4QHaJ4&pid=15.1,,,,,,,,,Bing Images,review-required,2026-07-31T04:27:48.043032+00:00
61999ad6903b4427e0f6,Akiho Yoshizawa,All about the Legend Porn Star ”Akiho Yoshizawa”！ – PORN TOKYO,https://avtokyo.net/akiho-yoshizawa-profile/,https://avtokyo.net/wp-content/uploads/2022/08/Akiho-Yoshizawa-in-a-white-dress.jpg,https://ts1.mm.bing.net/th?id=OIP.FskS5gnM4cxLPqW5UaSorgHaFv&pid=15.1,,,,,,,,,Bing Images,review-required,2026-07-31T04:27:48.043032+00:00
159ccbbddca321ffeffc,Akiho Yoshizawa,Japanese Star Akiho Yoshizawa Poses Press Conference Her Photo Album ...,https://depositphotos.com/editorial/japanese-star-akiho-yoshizawa-poses-press-conference-her-photo-album-241816196.html,https://st4.depositphotos.com/21607914/24181/i/1600/depositphotos_241816196-stock-photo-japanese-star-akiho-yoshizawa-poses.jpg,https://ts2.mm.bing.net/th?id=OIP.MmMM-KQyJJYVH--UUJoc8AHaLz&pid=15.1,,,,,,,,,Bing Images,review-required,2026-07-31T04:27:48.043032+00:00
d7c0807721cb4428d282,Akiho Yoshizawa,Japanese Star Akiho Yoshizawa Poses Press Conference Her Photo Album ...,https://depositphotos.com/editorial/japanese-star-akiho-yoshizawa-poses-press-conference-her-photo-album-241931860.html,https://st4.depositphotos.com/21607914/24193/i/1600/depositphotos_241931860-stock-photo-japanese-star-akiho-yoshizawa-poses.jpg,https://ts4.mm.bing.net/th?id=OIP.A_i1Xqg0rrNiu3G9QlwhCQHaLz&pid=15.1,,,,,,,,,Bing Images,review-required,2026-07-31T04:27:48.043032+00:00
40f40812f1e57a667cc7,Akiho Yoshizawa,Nữ diễn viên Akiho Yoshizawa kiếm bạc tỷ sống thế nào sau 1 năm giải nghệ?,https://www.24h.com.vn/doi-song-showbiz/huyen-thoai-phim-18-kiem-bac-ty-song-the-nao-sau-1-nam-giai-nghe-c729a1144106.html,https://cdn.24h.com.vn/upload/2-2020/images/2020-04-26/1587908934-692-huyen-thoai-phim-18--kiem-bac-ty-ra-sach-tiet-lo-cuoc-song-sau-khi-akiho-yoshizawa-01-1587820836-width660height496.jpg,https://ts4.mm.bing.net/th?id=OIP.kXXnyE5O4zNhvW1yq_HBhwHaFk&pid=15.1,,,,,,,,,Bing Images,review-required,2026-07-31T04:27:48.043032+00:00
fc0278403709756aec82,Akiho Yoshizawa,Yoshizawa Akiho (吉沢明歩) - MyDramaList,https://mydramalist.com/people/65171-yoshizawa-akiho,https://i.mydramalist.com/ZPB27_5c.jpg,https://ts1.mm.bing.net/th?id=OIP.XIPhKl2hy0xT40twObyAXgAAAA&pid=15.1,,,,,,,,,Bing Images,review-required,2026-07-31T04:27:48.043032+00:00
a8929fb0be334f9d3a17,Akiho Yoshizawa,Yoshizawa Akiho - generasia,https://www.generasia.com/wiki/Yoshizawa_Akiho,https://www.generasia.com/w/images/8/89/yoshizawa_akiho.jpg,https://ts3.explicit.bing.net/th?id=OIP.9gmX7dEgTEM-q9jM0v5wkwAAAA&pid=15.1,,,,,,,,,Bing Images,review-required,2026-07-31T04:27:48.043032+00:00
4598bf405e1082b02b56,Alana Evans,"164 Alana Evans Stock Photos, High-Res Pictures, and Images - Getty Images",https://www.gettyimages.co.uk/photos/alana-evans,https://media.gettyimages.com/id/905670056/photo/new-york-ny-alana-evans-is-seen-leaving-nbc-on-january-16-2018-in-new-york-city.jpg?s=612x612&w=gi&k=20&c=-GhOnHyqVz83JxodS9AVbY3pHLY6aq0NxRIC-bU2P2M=,https://ts3.mm.bing.net/th?id=OIP.35C-itH6p6Gr6zSrQ8cR5gHaI_&pid=15.1,,,,,,,,,Bing Images,review-required,2026-07-31T04:27:49.477814+00:00
3823de4db4dd3ff6321d,Alana Evans,20 Mind-blowing Facts About Alana Evans - Facts.net,https://facts.net/celebrity/20-mind-blowing-facts-about-alana-evans/,https://facts.net/wp-content/uploads/2023/11/20-mind-blowing-facts-about-alana-evans-1699418667.jpg,https://ts1.mm.bing.net/th?id=OIP.1x0W4drB5TcmluXy3MZVBgHaEK&pid=15.1,,,,,,,,,Bing Images,review-required,2026-07-31T04:27:49.477814+00:00
cba6c39121031af91426,Alana Evans,"Alana Evans (Actress) Wikipedia, Height, Weight, Age, Biography, Videos ...",https://celebritate.com/celebrity/alana-evans/,https://celebritate.com/wp-content/uploads/2023/05/Alana-Evans.jpg,https://ts1.explicit.bing.net/th?id=OIP.nLvB6TKEGYJ9H4vTijb2GwHaIO&pid=15.1,,,,,,,,,Bing Images,review-required,2026-07-31T04:27:49.477814+00:00
541f2deb180e402a7d87,Alana Evans,Alana Evans 2020 XBIZ Awards Red Carpet Fashion in 4K - YouTube,https://www.youtube.com/watch?v=RaPLeSd5BjY,https://i.ytimg.com/vi/RaPLeSd5BjY/maxresdefault.jpg,https://ts1.mm.bing.net/th?id=OIP.gZ-HUIZz4iLsqRVA1bDrzwHaEK&pid=15.1,,,,,,,,,Bing Images,review-required,2026-07-31T04:27:49.477814+00:00
56a4a7f0b59d5e2a0312,Alana Evans,"Alana Evans Biography/Wiki, Age, Height, Career, Photos & More",https://globalzonetoday.com/alana-evans/,https://i0.wp.com/globalzonetoday.com/wp-content/uploads/2022/09/Alana-Evans-1.jpg?ssl=1,https://ts1.mm.bing.net/th?id=OIP.EgrdD5nDykdjiLTLNCXJtgHaEy&pid=15.1,,,,,,,,,Bing Images,review-required,2026-07-31T04:27:49.477814+00:00
5f68c1dae4bc32ec50bb,Alana Evans,"Alana Evans Biography/Wiki, Age, Height, Career, Photos & More",https://globalzonetoday.com/alana-evans/,https://globalzonetoday.com/wp-content/uploads/2022/09/Alana-Evans.jpg,https://ts3.explicit.bing.net/th?id=OIP.J1J7sZoI2rDQfeYCqMcBBQHaGj&pid=15.1,,,,,,,,,Bing Images,review-required,2026-07-31T04:27:49.477814+00:00
b20f4b7635784695f762,Alana Evans,"Alana Evans Biography/Wiki, Age, Height, Career, Photos & More",https://globalzonetoday.com/alana-evans/,https://globalzonetoday.com/wp-content/uploads/2022/09/Alana_Evans.jpg,https://ts3.mm.bing.net/th?id=OIP.fKqFZETywcrZw9eggf0_tAHaEy&pid=15.1,,,,,,,,,Bing Images,review-required,2026-07-31T04:27:49.477814+00:00
9907033932191bf8421a,Alana Evans,Alana Evans Net Worth: How She Built $1M+,https://earlymagazine.co.uk/alana-evans-net-worth/,https://earlymagazine.co.uk/wp-content/uploads/2026/03/Alana-Evans-Net-Worth-1024x576.webp,https://ts4.mm.bing.net/th?id=OIP.3-I85pH12lbkrV8-BsJhDwHaEK&pid=15.1,,,,,,,,,Bing Images,review-required,2026-07-31T04:27:49.477814+00:00
2065a6951e8d3e9c125f,Alana Evans,Alana Evans Photos and Premium High Res Pictures - Getty Images,https://www.gettyimages.com/photos/alana-evans,https://media.gettyimages.com/id/905708944/photo/alana-evans-is-seen-on-january-16-2018-in-new-york-city.jpg?s=612x612&w=gi&k=20&c=tDaYuj3lcsG11SXzuBNW43XLugTlDafT38rFzC4nQPc=,https://ts4.mm.bing.net/th?id=OIP.PST3Wsboare7RLzw-rr9ZwAAAA&pid=15.1,,,,,,,,,Bing Images,review-required,2026-07-31T04:27:49.477814+00:00
21defaa9771295edfdb0,Alana Evans,Alana Evans Photos and Premium High Res Pictures - Getty Images,https://www.gettyimages.com/photos/alana-evans,https://media.gettyimages.com/id/498038252/photo/adult-film-actress-alana-evans-at-the-2016-avn-awards-nomination-party-held-at-avalon-on.jpg?s=612x612&w=gi&k=20&c=Ocq5oLgp9tNh3_xGi5fF77n8anZS_TkPKSEyxPhbMuA=,https://ts1.mm.bing.net/th?id=OIP.5aojpJXWYVwXR7ckrSfEuwAAAA&pid=15.1,,,,,,,,,Bing Images,review-required,2026-07-31T04:27:49.477814+00:00
448061517ee2984b12ba,Alana Evans,Alana Evans Photos and Premium High Res Pictures - Getty Images,https://www.gettyimages.com/photos/alana-evans,https://media.gettyimages.com/id/674488082/photo/actress-alana-evans-arrives-for-the-33rd-annual-xrco-awards-show-held-at-ohm-nightclub-on.jpg?s=612x612&w=gi&k=20&c=DfriTvx3UaI0WgbFevVY_nfmAcwTYs1NqeJPOcABYhw=,https://ts4.mm.bing.net/th?id=OIP.Z6E-Uym56oN40XTUw7Oo5wAAAA&pid=15.1,,,,,,,,,Bing Images,review-required,2026-07-31T04:27:49.477814+00:00
e4925485b5ba1f3447c2,Alana Evans,Alana Evans Photos and Premium High Res Pictures - Getty Images,https://www.gettyimages.no/photos/alana-evans,https://media.gettyimages.com/id/81960975/photo/adult-film-actress-alana-evans-arrives-at-the-bpm-culture-magazine-12-year-anniversary-party.jpg?s=612x612&w=gi&k=20&c=yj9mLNj_5EBWAHuXT-lrBCA8qfvx3BksU_q5Dhma7c4=,https://ts3.mm.bing.net/th?id=OIP.SeV8pLKYqS2XaHUBkNmvnAAAAA&pid=15.1,,,,,,,,,Bing Images,review-required,2026-07-31T04:27:49.477814+00:00
fd7658efeed5f943c126,Alana Evans,Alana Evans Photos and Premium High Res Pictures - Getty Images,https://www.gettyimages.com/photos/alana-evans,https://media.gettyimages.com/id/905669968/photo/alana-evans-is-seen-leaving-nbc-on-january-16-2018-in-new-york-city.jpg?s=612x612&w=gi&k=20&c=0KM88K2KEpWPujVuCqYIkCMp-CH4bMZXnGaImfZUNag=,https://ts4.mm.bing.net/th?id=OIP.3ACkASDGnTLXPoyWqIVbfgHaIR&pid=15.1,,,,,,,,,Bing Images,review-required,2026-07-31T04:27:49.477814+00:00
3b794f4a20608ac17eb9,Alana Evans,"Alana Evans Wiki, Age, Height, Family, Biography & More",https://wikistarbio.com/alana-evans/,https://wikistarbio.com/wp-content/uploads/2025/07/Alana-Evans-2-229x300.jpg,https://ts2.explicit.bing.net/th?id=OIP.jP3EofyBLnuEE5dMo-EkcQAAAA&pid=15.1,,,,,,,,,Bing Images,review-required,2026-07-31T04:27:49.477814+00:00
90a39cee2df57ddd91d5,Alana Evans,"Alana Evans Wiki, Age, Height, Family, Biography & More",https://wikistarbio.com/alana-evans/,https://wikistarbio.com/wp-content/uploads/2025/07/Alana-Evans-1-219x300.jpg,https://ts2.explicit.bing.net/th?id=OIP.DTcW4h_TxWauV5z8idQLpgAAAA&pid=15.1,,,,,,,,,Bing Images,review-required,2026-07-31T04:27:49.477814+00:00
ec362c0a9c88a6599811,Alana Evans,"Alana Evans – Movies, Bio and Lists on MUBI",https://mubi.com/en/cast/alana-evans,https://images.mubicdn.net/images/cast_member/867905/cache-883175-1686096971/image-w856.jpg,https://ts3.explicit.bing.net/th?id=OIP.9u1GX-xVJWUGTfgETFOkdgHaIy&pid=15.1,,,,,,,,,Bing Images,review-required,2026-07-31T04:27:49.477814+00:00
893db606c1e43d7a1de9,Alana Evans,Alana Evans — The Movie Database (TMDB),https://www.themoviedb.org/person/555701-alana-evans,https://www.themoviedb.org/t/p/w600_and_h900_bestv2/7alL8Ck1MdkiHDl2BBMv5pt6DoL.jpg,https://ts4.explicit.bing.net/th?id=OIP.8p4vFbS5cqr0BDb4A8xw1QHaLH&pid=15.1,,,,,,,,,Bing Images,review-required,2026-07-31T04:27:49.477814+00:00
2aef77292b384f4b9bde,Alana Evans,Alana evans hi-res stock photography and images - Alamy,https://www.alamy.com/stock-photo/alana-evans.html,https://c8.alamy.com/comp/2AAFC6C/los-angeles-ca-20th-nov-2019-alana-evans-at-arrivals-for-adult-industry-news-xbiz-nominations-gala-w-hollywood-los-angeles-ca-november-20-2019-credit-priscilla-granteverett-collectionalamy-live-news-2AAFC6C.jpg,https://ts3.mm.bing.net/th?id=OIP.Mn4jShK-a6ZmgKr4QA2pYQHaL9&pid=15.1,,,,,,,,,Bing Images,review-required,2026-07-31T04:27:49.477814+00:00
4fa97faeb5ca9cc291da,Alana Evans,"Los Angeles, CA. 20th Nov, 2019. Alana Evans at arrivals for Adult ...",https://www.alamy.com/los-angeles-ca-20th-nov-2019-alana-evans-at-arrivals-for-adult-industry-news-xbiz-nominations-gala-w-hollywood-los-angeles-ca-november-20-2019-credit-priscilla-granteverett-collectionalamy-live-news-image333482427.html,https://c8.alamy.com/comp/2AAFC6K/los-angeles-ca-20th-nov-2019-alana-evans-at-arrivals-for-adult-industry-news-xbiz-nominations-gala-w-hollywood-los-angeles-ca-november-20-2019-credit-priscilla-granteverett-collectionalamy-live-news-2AAFC6K.jpg,https://ts2.mm.bing.net/th?id=OIP.AvNU_6ah9ul3o4gf_WIlPwHaL4&pid=15.1,,,,,,,,,Bing Images,review-required,2026-07-31T04:27:49.477814+00:00
b4cba1ca205f592bbd66,Alana Evans,Who is Alana Evans? Porn Star Says She Was Invited to 'Party' With ...,https://www.newsweek.com/alana-evans-stormy-daniels-trump-782652,https://d.newsweek.com/en/full/782651/gettyimages-56541069.jpg,https://ts2.mm.bing.net/th?id=OIP.nCIVUBKaugZVwBn0Xa1yCAAAAA&pid=15.1,,,,,,,,,Bing Images,review-required,2026-07-31T04:27:49.477814+00:00
7d40ef484aedac5e003c,Aleska Diamond,A legkisebb bikinijében mutogatja magát a volt pornós Aleska Diamond ...,https://www.origo.hu/teve/2024/07/aleska-diamond-kepek-bikini,https://cdn.origo.hu/2024/07/WDHDUSZneOn_K6AF7WzwBgkg6vL8Woa9rrify9CQ8_g/fill/1200/675/no/1/aHR0cHM6Ly9jbXNjZG4uYXBwLmNvbnRlbnQucHJpdmF0ZS9jb250ZW50LzA0NjU4ZjAzODNlZjQ2ZjM4MjNkNjNiMjA4YTBhMTA5.webp,https://ts3.mm.bing.net/th?id=OIP.VtJ2vytOCyIxhUgocUU9XQHaEK&pid=15.1,,,,,,,,,Bing Images,review-required,2026-07-31T04:27:51.112977+00:00
168e60a0fcb5b05b7e23,Aleska Diamond,Aleska Diamond,https://rtl.hu/celebvagyok/aleska-diamond,https://cdn.rtl.hu/010/180/aleska-diamond_image_10180561_16-9?size=2,https://ts1.mm.bing.net/th?id=OIP.SnXK5DWqgekOU90zeujc1gHaEJ&pid=15.1,,,,,,,,,Bing Images,review-required,2026-07-31T04:27:51.112977+00:00
b8d82f65b6a65a5664fb,Aleska Diamond,Aleska Diamond,https://www.listal.com/viewimage/22815951,https://ilarge.lisimg.com/image/22815951/740full.jpg,https://ts3.explicit.bing.net/th?id=OIP.wSnCGIhVQ2kvZp3rJuQn1gHaLI&pid=15.1,,,,,,,,,Bing Images,review-required,2026-07-31T04:27:51.112977+00:00
8e0420700b72f80538ae,Aleska Diamond,"Aleska Diamond - Alchetron, The Free Social Encyclopedia",https://alchetron.com/Aleska-Diamond,https://alchetron.com/cdn/aleska-diamond-e255a274-13d7-4d4d-ba4b-6ab797e0185-resize-750.jpeg,https://ts1.mm.bing.net/th?id=OIP.3P_yjRTyOnbO1ya3QtIp5QAAAA&pid=15.1,,,,,,,,,Bing Images,review-required,2026-07-31T04:27:51.112977+00:00
e89240a5af3b2d743ebb,Aleska Diamond,"Aleska Diamond - Facts, Bio, Career, Net Worth | AidWiki",https://aidwiki.com/aleska-diamond,https://aidwiki.com/images/wiki/origin/aleska_diamond_aidwiki_1.jpg,https://ts3.mm.bing.net/th?id=OIP.xjv500LDPLlEinWdzFsCvAAAAA&pid=15.1,,,,,,,,,Bing Images,review-required,2026-07-31T04:27:51.112977+00:00
4d32076a63b168ea8485,Aleska Diamond,Aleska Diamond - SensaCine.com,https://www.sensacine.com/actores/actor-533206/,https://es.web.img3.acsta.net/medias/nmedia/18/96/40/32/20464912.jpg,https://ts1.mm.bing.net/th?id=OIP.UaJG_orgdGGU-sb2Oowr1gAAAA&pid=15.1,,,,,,,,,Bing Images,review-required,2026-07-31T04:27:51.112977+00:00
d727a06c2e7cd221d6d6,Aleska Diamond,Aleska Diamond - Sztárlexikon - Starity.hu,https://starity.hu/sztarok/aleska-diamond/evrol-evre/,https://starity.hu/images/celebs/years/32277/800x600/2016-1478069053.jpg,https://ts2.mm.bing.net/th?id=OIP.XGVZ_SKxw9nQDdXeJB1dOwHaDP&pid=15.1,,,,,,,,,Bing Images,review-required,2026-07-31T04:27:51.112977+00:00
8c0d3b869a35dd2be1b7,Aleska Diamond,Aleska Diamond - a photo on Flickriver,https://www.flickriver.com/photos/cumlouder_fotos/5887485811/,https://live.staticflickr.com/5156/5887485811_307f74e792_z.jpg,https://ts2.mm.bing.net/th?id=OIP.Sscgu7C_kFoy2Aca_lzKRQHaE6&pid=15.1,,,,,,,,,Bing Images,review-required,2026-07-31T04:27:51.112977+00:00
dba8f94bddfbc8f9bc6c,Aleska Diamond,Aleska Diamond - a photo on Flickriver,https://www.flickriver.com/photos/120704225@N05/16323580070/,https://live.staticflickr.com/7372/16323580070_e931ba48f3_b.jpg,https://ts2.mm.bing.net/th?id=OIP.HalQoShLk-y0tWkt1MJGAAAAAA&pid=15.1,,,,,,,,,Bing Images,review-required,2026-07-31T04:27:51.112977+00:00
0d9654528f582409c510,Aleska Diamond,"Aleska Diamond Biography, Age, Height, Family, Wiki & More",https://wikistarbio.com/aleska-diamond/,https://wikistarbio.com/wp-content/uploads/2022/09/Aleska-Diamond-Biography-Age-Height-Family-Wiki-More.jpg,https://ts3.explicit.bing.net/th?id=OIP.ZAaXOIohW2ADXW0Gs2AhNQAAAA&pid=15.1,,,,,,,,,Bing Images,review-required,2026-07-31T04:27:51.112977+00:00
9e1270a3daf322dfc075,Aleska Diamond,"Aleska Diamond Biography, Age, Height, Family, Wiki & More",https://wikistarbio.com/aleska-diamond/,https://wikistarbio.com/wp-content/uploads/2022/09/Aleska-Diamond-2.jpg,https://ts3.explicit.bing.net/th?id=OIP.4NZHAnqAQP3b3KH0lxaVgwAAAA&pid=15.1,,,,,,,,,Bing Images,review-required,2026-07-31T04:27:51.112977+00:00
b6d2a59719df47dcfcbf,Aleska Diamond,"Aleska Diamond Biography/Wiki, Age, Height, Career, Photos & More",https://globalzonetoday.com/aleska-diamond/,https://globalzonetoday.com/wp-content/uploads/2021/04/Aleska-Diamond.jpg,https://ts4.explicit.bing.net/th?id=OIP.qYagx2aOCyxtUMhdQ81R1AHaEA&pid=15.1,,,,,,,,,Bing Images,review-required,2026-07-31T04:27:51.112977+00:00
c2cfda577a08e02a2a60,Aleska Diamond,"Aleska Diamond Biography/Wiki, Age, Height, Career, Photos & More",https://globalzonetoday.com/aleska-diamond/,https://globalzonetoday.com/wp-content/uploads/2021/04/Aleska_Diamond.jpg,https://ts2.mm.bing.net/th?id=OIP.7JS0auYLRIb2oPomcTxKdgHaDi&pid=15.1,,,,,,,,,Bing Images,review-required,2026-07-31T04:27:51.112977+00:00
5b616b67901422c85e55,Aleska Diamond,"Aleska Diamond Biography: Wiki, Age, Career, Height, Weight, Boyfriend ...",https://wikiindetail.com/aleska-diamond-biography/,https://wikiindetail.com/wp-content/uploads/Aleska Diamond Biography-1775995733.webp,https://ts4.explicit.bing.net/th?id=OIP.llACvo15K-up1QT1ojTXHgHaJ4&pid=15.1,,,,,,,,,Bing Images,review-required,2026-07-31T04:27:51.112977+00:00
7142df94c8dc58ed41dd,Aleska Diamond,Aleska Diamond Pictures (35 Images),https://hotnessrater.com/person/23257/aleska-diamond,https://img6.hotnessrater.com/186501/aleska-diamond.jpg,https://ts3.mm.bing.net/th?id=OIP.iZdQylCNwXj0XspIiadr-QHaLI&pid=15.1,,,,,,,,,Bing Images,review-required,2026-07-31T04:27:51.112977+00:00
ed049fbbe1fe59e7b709,Aleska Diamond,Aleska Diamond újra szingli - Starity.hu,https://starity.hu/magazin/70710-aleska-diamond-ujra-szingli/,https://starity.hu/images/articles/800x600/aleska-diamond-ujra-szingli-09190629.jpg,https://ts3.explicit.bing.net/th?id=OIP.uDVC6DBiNBFEB4deIMImDQHaGQ&pid=15.1,,,,,,,,,Bing Images,review-required,2026-07-31T04:27:51.112977+00:00
5e5681f9af8d86f970b4,Aleska Diamond,Aleska Diamond — The Movie Database (TMDB),https://www.themoviedb.org/person/572491-aleska-diamond,https://media.themoviedb.org/t/p/w500/9QSg5GFPFlfVoLovBjgCJZtE6R1.jpg,https://ts3.mm.bing.net/th?id=OIP.vIOfFmCaGpl6RuRibHAeewHaLF&pid=15.1,,,,,,,,,Bing Images,review-required,2026-07-31T04:27:51.112977+00:00
849bd179ee162e1beda5,Aleska Diamond,Dögös rockerként feszít Aleska Diamond,https://nlc.hu/tv_sztarok/20180404/dogos-rockerkent-feszit-aleska-diamond/,https://nlc.hu/uploads/2018/04/aleska-diamond-instagram.jpg,https://ts4.mm.bing.net/th?id=OIP.KKt_MV0spVIW2xZIC-ZkugHaEL&pid=15.1,,,,,,,,,Bing Images,review-required,2026-07-31T04:27:51.112977+00:00
8addfac84b36d6091cb1,Alexandra Quinn,Alexandra Quinn : Personnage de la série NCIS | NCIS | New Orleans ...,https://ncis.hypnoweb.net/ncis/les-personnages/alexandra-quinn-personnage-de-la-serie-ncis.25.2339/,https://ncis.hypnoweb.net/photo/member/14301/09_ncis/05_personnages/quinn.jpg,https://ts2.mm.bing.net/th?id=OIP.gyPKV_GHQZ2GBrtG9cH6aAAAAA&pid=15.1,,,,,,,,,Bing Images,review-required,2026-07-31T04:27:52.565385+00:00
7dd42deab69fe75e9de2,Alexandra Quinn,Alexandra Quinn Ncis _ Alexandra Quinn – DGAM,https://millcreekconservancy.com/alexandra-quinn-ncis-alexandra-quinn/,https://www.looper.com/img/gallery/alexandra-quinns-entire-ncis-backstory-explained/quinn-trained-a-number-of-current-ncis-agents-1634671050.jpg,https://ts4.mm.bing.net/th?id=OIP.9dValmIZaJmWJOjN8HA3YAHaEK&pid=15.1,,,,,,,,,Bing Images,review-required,2026-07-31T04:27:52.565385+00:00
832d800214c005ef9817,Alexandra Quinn,Alexandra Quinn Ncis _ Alexandra Quinn – DGAM,https://millcreekconservancy.com/alexandra-quinn-ncis-alexandra-quinn/,https://i.pinimg.com/originals/cf/e4/94/cfe494bc99eb3308ce429c9e3e9c30b9.jpg,https://ts1.mm.bing.net/th?id=OIP.2RzvSVFyAWCpHGv766rmTgHaJs&pid=15.1,,,,,,,,,Bing Images,review-required,2026-07-31T04:27:52.565385+00:00
ec674ba9d16518413f31,Alexandra Quinn,Alexandra Quinn Ncis _ Alexandra Quinn – DGAM,https://millcreekconservancy.com/alexandra-quinn-ncis-alexandra-quinn/,https://cdn.images.express.co.uk/img/dynamic/20/750x445/1294345.jpg,https://ts3.mm.bing.net/th?id=OIP.sxyKurHMNljUQQ1m-wwrgAHaEZ&pid=15.1,,,,,,,,,Bing Images,review-required,2026-07-31T04:27:52.565385+00:00
86ab45ec018fe896fb7f,Alexandra Quinn,Alexandra Quinn | Health Leads,https://healthleadsusa.org/team/alexandra-quinn/,https://healthleadsusa.org/wp-content/uploads/2023/10/Untitled-design-18-1.png,https://ts3.mm.bing.net/th?id=OIP.AFm2gdRTCcdKBWsZiJS87wAAAA&pid=15.1,,,,,,,,,Bing Images,review-required,2026-07-31T04:27:52.565385+00:00
035010e7d83b3566f173,Alexandra Quinn,Alexandra Quinn | NCIS Database | Fandom,https://ncis.fandom.com/wiki/Alexandra_Quinn,https://static.wikia.nocookie.net/ncis/images/4/43/Vlcsnap-2021-07-05-03h26m39s049.png/revision/latest?cb=20210705022739,https://ts2.mm.bing.net/th?id=OIP._1edO6jOlt8PK5Z94HF03AHaEK&pid=15.1,,,,,,,,,Bing Images,review-required,2026-07-31T04:27:52.565385+00:00
69d601b03ebe929ee8a9,Alexandra Quinn,Alexandra Quinn | Wiki NCIS | Fandom,https://ncis.fandom.com/fr/wiki/Alexandra_Quinn,https://static.wikia.nocookie.net/ncis/images/2/20/Saison_14_NCIS.jpg/revision/latest?cb=20161001182948&path-prefix=fr,https://ts1.mm.bing.net/th?id=OIP.NTJR-Ek9LqARx0FYHhMmfgHaEw&pid=15.1,,,,,,,,,Bing Images,review-required,2026-07-31T04:27:52.565385+00:00
4e611ec046d39e44a1d1,Alexandra Quinn,Alexandra Quinn – série NCIS - Enquêtes spéciales,https://www.planete-popcorn.fr/serie/ncis-enquetes-speciales/alexandra-quinn/,https://www.planete-popcorn.fr/wp-content/uploads/NCIS-Alexander-Quinn-1280x720.jpg,https://ts3.mm.bing.net/th?id=OIP.r-OpgD89P0Wi1xOQjTJwKAHaEK&pid=15.1,,,,,,,,,Bing Images,review-required,2026-07-31T04:27:52.565385+00:00
a2de0f9f3f10e7dc4f5d,Alexandra Quinn,"Alexandra Quinn's Instagram, Twitter & Facebook on IDCrawl",https://www.idcrawl.com/alexandra-quinn,https://www.looper.com/img/gallery/alexandra-quinns-entire-ncis-backstory-explained/l-intro-1634669840.jpg,https://ts1.mm.bing.net/th?id=OIP.y_QpIpNKD6AzW8ttPlp5GAHaEJ&pid=15.1,,,,,,,,,Bing Images,review-required,2026-07-31T04:27:52.565385+00:00
892f00d1601fefd5e9b3,Alexandra Quinn,Have A Look At How These NCIS Leading Ladies Are Doing Today | Novelodge,https://www.novelodge.com/worldwide/ncis-ta,https://d1hvy853o5y8ex.cloudfront.net/wp-content/uploads/2017/12/11104347/Jennifer-Esposito-as-Alexandra-Quinn.png,https://ts1.mm.bing.net/th?id=OIP.hp7EZcC9rMdKsf0fa4Z19gHaE1&pid=15.1,,,,,,,,,Bing Images,review-required,2026-07-31T04:27:52.565385+00:00
0680e7832db70e88ab00,Alexandra Quinn,"Jennifer Esposito - Actress, Baker",https://www.tvinsider.com/people/jennifer-esposito/,https://www.tvinsider.com/wp-content/uploads/2021/06/ncis-quinn-jennifer-esposito.jpg,https://ts2.mm.bing.net/th?id=OIP.7qie8C4S2iZ-QUHvSU4TRAHaE8&pid=15.1,,,,,,,,,Bing Images,review-required,2026-07-31T04:27:52.565385+00:00
0c776aa379f00351eb45,Alexandra Quinn,"Jennifer Esposito Ncis NCIS: What Happened To Alexandra Quinn,",https://fity.club/lists/j/jennifer-esposito-ncis/,https://static1.cbrimages.com/wordpress/wp-content/uploads/2022/03/NCIS-Alex-Quinn-.jpg,https://ts1.mm.bing.net/th?id=OIP.co5CMtTDMXf8CvkxGZxQ6QHaDt&pid=15.1,,,,,,,,,Bing Images,review-required,2026-07-31T04:27:52.565385+00:00
df8d2f805fd30a144ea1,Alexandra Quinn,NCIS Cast & Character Guide,https://screenrant.com/ncis-cast-character-guide/,https://static1.srcdn.com/wordpress/wp-content/uploads/2024/06/alexandra-quinn-looking-at-mark-harmon-in-ncis-1.jpg,https://ts1.mm.bing.net/th?id=OIP.1FWPVXiQVQkez2DYE8lUvwHaDt&pid=15.1,,,,,,,,,Bing Images,review-required,2026-07-31T04:27:52.565385+00:00
13c280897c3529427bfb,Alexandra Quinn,Navy CIS: Episodenguide und Staffeln: Jennifer Esposito spielte in der ...,https://www.netzwelt.de/buzz/222747_6-navy-cis-10-stars-mehr-teil-cbs-serie-heute.html,https://img.netzwelt.de/dw1200_dh675_sw2560_sh1440_sx0_sy0_sr16x9_nu0/picture/original/2023/07/jennifer-esposito-alexandra-quinn-377136.png,https://ts1.mm.bing.net/th?id=OIP.BV2clmMEDzq4i0wfcCoukAHaEK&pid=15.1,,,,,,,,,Bing Images,review-required,2026-07-31T04:27:52.565385+00:00
f6b024ad099c2ca7e9c0,Alexandra Quinn,my all time favorite ncis character,https://alexandra-quinn.tumblr.com/,https://64.media.tumblr.com/ec0637ec4354a8887495d0ff45c6cca1/4133b3caafc948fb-3c/s1280x1920/8339f0ea82a461ff3f03f112fc2bcb0535871699.jpg,https://ts2.mm.bing.net/th?id=OIP.t3WMZZe4np7dvxmvo8BHggHaLP&pid=15.1,,,,,,,,,Bing Images,review-required,2026-07-31T04:27:52.565385+00:00
11bd65eb6fbadb1150ab,Alexandra Quinn,my all time favorite ncis character on Tumblr,https://www.tumblr.com/alexandra-quinn,https://64.media.tumblr.com/8798f48558612acd2e346eb369878d26/d2a7c478ed816509-f1/s1280x1920/18c9172a3cd42c8287671ac1e874b9b0d88a2c85.jpg,https://ts2.mm.bing.net/th?id=OIP.-2zUBFpwBC0oAKrVQWSiPQHaD4&pid=15.1,,,,,,,,,Bing Images,review-required,2026-07-31T04:27:52.565385+00:00
f7d8fca76a7e2bba3b0d,Alexandra Quinn,my all time favorite ncis character on Tumblr,https://www.tumblr.com/alexandra-quinn,https://64.media.tumblr.com/44334f46a4ed6d2dedfd9b582d3aad21/a631712bd10e9669-2f/s1280x1920/6d2036d627baa322eb7e2bc8980639168888c65c.jpg,https://ts3.mm.bing.net/th?id=OIP.skjGsh7UNZr1f9HL5A8CsgHaK4&pid=15.1,,,,,,,,,Bing Images,review-required,2026-07-31T04:27:52.565385+00:00
af0481389108bc329da9,Alexandra Silk,11 Photos & High Res Pictures - Getty Images,https://www.gettyimages.com/editorial-images/entertainment/event/the-couples-corner-event-hosted-by-adam-eve/75068733,https://media.gettyimages.com/id/105026219/photo/alexandra-silk-during-the-couples-corner-event-hosted-by-adam-eve-at-hustler-hollywood-in-west.jpg?s=612x612&w=gi&k=20&c=jcWKKBLT9bq2qTb1nlRSA3jse7ajNSSSiTFFe2iL9JI=,https://ts1.mm.bing.net/th?id=OIP.J8MnpOjDeQXJeA8g_hEcLQAAAA&pid=15.1,,,,,,,,,Bing Images,review-required,2026-07-31T04:27:54.022963+00:00
646ee62b496e947db535,Alexandra Silk,Alexandra Silk - - SeaArt AI Model,https://www.seaart.ai/models/detail/f386e56b64d5bdc4efa8efa1ae1a6422,https://image.cdn2.seaart.me/temp-convert-webp/highwebp/static/images/20240101/2627a1b29926c861696a8ca60aaf4965_low.webp,https://ts1.mm.bing.net/th?id=OIP.hrWnkj6AZwF0x3upocADAQAAAA&pid=15.1,,,,,,,,,Bing Images,review-required,2026-07-31T04:27:54.022963+00:00
9b78004246bbe0ff6d51,Alexandra Silk,"Alexandra Silk - Alchetron, The Free Social Encyclopedia",https://alchetron.com/Alexandra-Silk,https://alchetron.com/cdn/alexandra-silk-a1494f6a-02bc-4df8-8bd1-1269a7635f9-resize-750.jpg,https://ts1.mm.bing.net/th?id=OIP.VnHFR35uYglVj69-42QAKwAAAA&pid=15.1,,,,,,,,,Bing Images,review-required,2026-07-31T04:27:54.022963+00:00
8342e10eba377550e05f,Alexandra Silk,Alexandra Silk - Profile Images — The Movie Database (TMDB),https://www.themoviedb.org/person/582014-alexandra-silk/images/profiles,https://image.tmdb.org/t/p/original/knh4xwrM4Tt6MId9SKMw5ANXHxA.jpg,https://ts4.explicit.bing.net/th?id=OIP.wfHwcBCmQVD1CGKQAdpb3AHaLG&pid=15.1,,,,,,,,,Bing Images,review-required,2026-07-31T04:27:54.022963+00:00
cbbbb3342da28cca876a,Alexandra Silk,"Alexandra Silk Biography/Wiki, Age, Height, Career, Photos & More",https://globalzonetoday.com/alexandra-silk/,https://i0.wp.com/globalzonetoday.com/wp-content/uploads/2020/10/Alexandra-Silk.jpg?ssl=1,https://ts4.mm.bing.net/th?id=OIP.eU68VuglGzA-6IMMlfuG7gHaF1&pid=15.1,,,,,,,,,Bing Images,review-required,2026-07-31T04:27:54.022963+00:00
9ad6be246eceac5c09e6,Alexandra Silk,Alexandra Silk Busts a Sex Myth! - YouTube,https://www.youtube.com/watch?v=DFj2u8U52X8,https://i.ytimg.com/vi/DFj2u8U52X8/maxresdefault.jpg,https://ts2.mm.bing.net/th?id=OIP.a30TPtP1OD5AgEBVWd9GPAHaEK&pid=15.1,,,,,,,,,Bing Images,review-required,2026-07-31T04:27:54.022963+00:00
a350602202f643a63521,Alexandra Silk,Alexandra Silk | GoldPoster,https://www.goldposter.com/celebrity/947407/,"https://img.goldposter.com/2021/11/alexandra-silk_photo_goldposter_com_1.jpg?x-oss-process=image/resize,m_fill,h_300,w_200/quality,q_80",https://ts2.explicit.bing.net/th?id=OIP.RKks4Gst0uXb0U2UmjS9mQAAAA&pid=15.1,,,,,,,,,Bing Images,review-required,2026-07-31T04:27:54.022963+00:00
7bd758b8a84af19b2e34,Alexandra Silk,Alexandra Silk — The Movie Database (TMDB),https://www.themoviedb.org/person/582014-alexandra-silk,https://media.themoviedb.org/t/p/w300_and_h450_bestv2/1qg5ZRDsi69xIe0p0we6vVP5vxh.jpg,https://ts4.mm.bing.net/th?id=OIP.ZytwQHGqvmEiqJQZN6PJoQAAAA&pid=15.1,,,,,,,,,Bing Images,review-required,2026-07-31T04:27:54.022963+00:00
7bf9994cf7aa54cc3298,Alexandra Silk,Alexandra Silk® (@AlexandraSilk) / Posts / X,https://x.com/AlexandraSilk,https://pbs.twimg.com/media/FahDE6bXEAEsjw6.jpg,https://ts1.mm.bing.net/th?id=OIP.AWO1pUQCyDGSe4sDIlCfpQHaHa&pid=15.1,,,,,,,,,Bing Images,review-required,2026-07-31T04:27:54.022963+00:00
d873bbf3d842df567f28,Alexandra Silk,Flickriver: Most interesting photos tagged with alexandrasilk,https://www.flickriver.com/photos/tags/alexandrasilk/interesting/,https://live.staticflickr.com/7305/12215664534_d2f9f9ff3b_z.jpg,https://ts2.mm.bing.net/th?id=OIP.HHUO2ZR4rt46plpmnX3_DgAAAA&pid=15.1,,,,,,,,,Bing Images,review-required,2026-07-31T04:27:54.022963+00:00
63008c7def3745e13911,Alexandra Silk,Flickriver: brh_images's photos tagged with actress,https://flickriver.com/photos/brh_images/tags/actress/,https://live.staticflickr.com/4050/4680312097_f27e79b72b_z.jpg,https://ts4.mm.bing.net/th?id=OIP.GDHSbD-nMCB4r6GA_ZFcbgAAAA&pid=15.1,,,,,,,,,Bing Images,review-required,2026-07-31T04:27:54.022963+00:00
56793be666d862b9a766,Alexandra Silk,Look who it is! I love these gals. The best of the best!!!!,https://x.com/AlexandraSilk/status/1233162094758883328,https://pbs.twimg.com/profile_images/533324830/alexandrasilkcom.jpg,https://ts1.mm.bing.net/th?id=OIP.UO_3fJUZ-GEK90EvDqfeQgAAAA&pid=15.1,,,,,,,,,Bing Images,review-required,2026-07-31T04:27:54.022963+00:00
1b837ba2d9afcbae7d7e,Alexandra Silk,The Couples Corner Event Hosted By Adam Eve Photos and Premium High Res ...,https://www.gettyimages.ca/photos/the-couples-corner-event-hosted-by-adam-eve,https://media.gettyimages.com/id/104929133/photo/alexandra-silk-during-the-couples-corner-event-hosted-by-adam-eve-at-hustler-hollywood-in-west.jpg?s=612x612&w=gi&k=20&c=NUXzLfTtLEzwP7HnnXyemsftvvjVHnmsnzv1BWj0GpQ=,https://ts1.mm.bing.net/th?id=OIP.GQfWlu9fvOYzAeea2_sFbgAAAA&pid=15.1,,,,,,,,,Bing Images,review-required,2026-07-31T04:27:54.022963+00:00
5137a34bf6aedb3e8154,Alexandra Silk,Unveiling Alexandra Silk: A Journey through the Life of an Iconic Star ...,https://www.youtube.com/watch?v=HqwbL2ND-5g,https://i.ytimg.com/vi/HqwbL2ND-5g/maxresdefault.jpg,https://ts4.mm.bing.net/th?id=OIP.2a4XbmZg1M1X8CHlPvs-jAHaEK&pid=15.1,,,,,,,,,Bing Images,review-required,2026-07-31T04:27:54.022963+00:00
70aa37c05319a4b104f2,Alexis Amore,"62 Alexis Amore Stock Photos, High-Res Pictures, and Images - Getty Images",https://www.gettyimages.es/fotos/alexis-amore,https://media.gettyimages.com/id/911346236/es/foto/las-vegas-ca-alexis-amore-attends-the-2018-adult-video-news-awards-held-at-hard-rock-hotel.jpg?s=612x612&w=gi&k=20&c=5o2CNcCi2UkJzGxLIGQHpp529hpqvjRdDFOYWn8EAJs=,https://ts2.explicit.bing.net/th?id=OIP.ioJMiEELAsGS6zBEEQdEwgAAAA&pid=15.1,,,,,,,,,Bing Images,review-required,2026-07-31T04:27:56.004892+00:00
88d9334e1304dd947127,Alexis Amore,Actriz porno peruana Alexis Amore se encuentra de vacaciones en Lima ...,https://www.americatv.com.pe/noticias/espectaculos/actriz-porno-peruana-alexis-amore-se-encuentra-vacaciones-lima-n132011,https://www.americatv.com.pe/noticias/_next/image?url=https:%2F%2Fe-an.americatv.com.pe%2Fespectaculos-actriz-porno-peruana-alexis-amore-se-encuentra-vacaciones-lima-n132011-640x360-74884.jpg&w=640&q=75,https://ts4.mm.bing.net/th?id=OIP.Alz59fnb7T6YXn7zA78-SQHaEK&pid=15.1,,,,,,,,,Bing Images,review-required,2026-07-31T04:27:56.004892+00:00
d8f49993a65fba82c314,Alexis Amore,Alexis Amore - Biography - IMDb,https://www.imdb.com/name/nm0025203/bio/,https://m.media-amazon.com/images/M/MV5BOGVhZWE5MTktNGUzOC00YWIzLTgxOGEtY2E0MzRkZDQ2Y2YyXkEyXkFqcGc@._V1_FMjpg_UX1000_.jpg,https://ts1.mm.bing.net/th?id=OIP.r6KyQty8lGj10U5bq3jSTQHaKe&pid=15.1,,,,,,,,,Bing Images,review-required,2026-07-31T04:27:56.004892+00:00
8ed9bbb87eb69d2f0da7,Alexis Amore,Alexis Amore - El Rinconcito Sexy,https://www.echicas.mx/alexis_amore/,https://www.echicas.mx/wp-content/uploads/alexis_amore.jpg?x23290,https://ts1.explicit.bing.net/th?id=OIP.QonRFMyBWvZ95TZ5qBw3wQAAAA&pid=15.1,,,,,,,,,Bing Images,review-required,2026-07-31T04:27:56.004892+00:00
9c45956356b2106652b2,Alexis Amore,"Alexis Amore - Facts, Bio, Career, Net Worth | AidWiki",https://aidwiki.com/alexis-amore,https://aidwiki.com/images/wiki/origin/2021_alexis_amore_aidwiki_1.jpg,https://ts3.mm.bing.net/th?id=OIP.Uw820_ovgyYufmbONRNehwHaFj&pid=15.1,,,,,,,,,Bing Images,review-required,2026-07-31T04:27:56.004892+00:00
eaf90e449304abe6bef7,Alexis Amore,"Alexis Amore - Películas, Series",https://www.cine.com/actores/alexis-amore,https://www.cine.com/media/actores/alexis-amore-691768_500.jpg,https://ts1.mm.bing.net/th?id=OIP.B749glmnXOF_tgwfknTMNAHaHa&pid=15.1,,,,,,,,,Bing Images,review-required,2026-07-31T04:27:56.004892+00:00
afe84c492a59c3945bcb,Alexis Amore,Alexis Amore - a photo on Flickriver,https://www.flickriver.com/photos/hootervillefan/6273413551/,https://live.staticflickr.com/6046/6273413551_d7a841ef2e_z.jpg,https://ts1.mm.bing.net/th?id=OIP.8hXa3qOYWfsi2BvjdzLv-gAAAA&pid=15.1,,,,,,,,,Bing Images,review-required,2026-07-31T04:27:56.004892+00:00
d4fe65ef1335dc2246be,Alexis Amore,Alexis Amore Celebrates Site Launch With Party at the Colony | AVN,https://avn.com/business/press-release/technology/alexis-amore-celebrates-site-launch-with-party-at-the-colony-491858.html,https://resize.avn.com/eyJidWNrZXQiOiJhdm4taW1hZ2VzIiwia2V5IjoicHJlc3NyZWxlYXNlLWltYWdlc1wvMjAxMlwvMTBcLzQ5MTg1OFwvVG9wU3RvcnlfQTRBQjYwOEUtMTlENy0xMUUyLTk1Q0MtRjg5MDE4RTBCMjU4LmpwZyIsImVkaXRzIjp7InJlc2l6ZSI6eyJ3aWR0aCI6MTAyNCwiaGVpZ2h0Ijo2MDAsImZpdCI6ImNvdmVyIiwicG9zaXRpb24iOiJ0b3AifX19,https://ts4.explicit.bing.net/th?id=OIP._KnXckJvZPvUw-ayCjeaDwHaEV&pid=15.1,,,,,,,,,Bing Images,review-required,2026-07-31T04:27:56.004892+00:00
4fe5e52f159bc36e5fef,Alexis Amore,Alexis Amore Photos and Premium High Res Pictures - Getty Images,https://www.gettyimages.dk/photos/alexis-amore,https://media.gettyimages.com/id/175808079/photo/lucky-starr-james-bartholet-selma-sins-and-alexis-amore-participates-in-bizzy-b-hosts-in-store.jpg?s=612x612&w=gi&k=20&c=ImmU1Cc63iDVNt7QSyd9xNj9X3QC3PkP_wvFqdMAdfo=,https://ts1.mm.bing.net/th?id=OIP.enn6e4R8O4IUk57GhJjUmAAAAA&pid=15.1,,,,,,,,,Bing Images,review-required,2026-07-31T04:27:56.004892+00:00
c12e08fd891d81f8b706,Alexis Amore,Alexis Amore Photos and Premium High Res Pictures - Getty Images,https://www.gettyimages.dk/photos/alexis-amore,https://media.gettyimages.com/id/175808043/photo/alexis-amore-participates-in-bizzy-b-hosts-in-store-signing-of-adult-film-stars-held-at-bizzy.jpg?s=612x612&w=gi&k=20&c=k8WemFk4VtxDDXF1gDg0eUwm7tWxPRquKKdLBOSFkoU=,https://ts1.mm.bing.net/th?id=OIP.rkS3rx601oqCzJg7SwJx-QAAAA&pid=15.1,,,,,,,,,Bing Images,review-required,2026-07-31T04:27:56.004892+00:00
b9a36c509e8f1e329fa7,Alexis Amore,Alexis Amore | OSOBNOSTI.CZ,https://www.osobnosti.cz/alexis-amore.php,https://imagebox.cz.osobnosti.cz/foto/alexis-amore/alexis-amore.jpg,https://ts4.explicit.bing.net/th?id=OIP.mRcnGl5-IGM0XlnxAn5X0AAAAA&pid=15.1,,,,,,,,,Bing Images,review-required,2026-07-31T04:27:56.004892+00:00
0dde89884c577a11267b,Alexis Amore,"Alexis Amore's Instagram, Twitter & Facebook on IDCrawl",https://www.idcrawl.com/alexis-amore,http://3.bp.blogspot.com/-GNIgLpsntto/Uhn4sNqS8MI/AAAAAAAAONw/PcnooTdthk0/w1200-h630-p-k-no-nu/Alexis+Amore+(1).jpg,https://ts3.mm.bing.net/th?id=OIP.9Uj6lyI_JWqV83zuU3R8hwAAAA&pid=15.1,,,,,,,,,Bing Images,review-required,2026-07-31T04:27:56.004892+00:00
f7300a033a512c013a84,Alexis Amore,Alexis Amore; Photos and Premium High Res Pictures - Getty Images,https://www.gettyimages.ie/photos/alexis-amore;,https://media.gettyimages.com/id/73759418/photo/alexis-amore-poses-at-exxxotica-miami-beach-at-the-miami-beach-convention-center-on-march-31.jpg?s=612x612&w=gi&k=20&c=39Q1Pqk4n_JYWaQnBybyofHplDg81JZUw8qUy2fXxO8=,https://ts4.mm.bing.net/th?id=OIP.8JIgiCs02KjTqeygPu3lkwAAAA&pid=15.1,,,,,,,,,Bing Images,review-required,2026-07-31T04:27:56.004892+00:00
93973be2d810ea0841bb,Alexis Amore,Alexis amore hi-res stock photography and images - Alamy,https://www.alamy.com/stock-photo/alexis-amore.html,https://c8.alamy.com/comp/DBKN8F/alexis-amore-exxxotica-chicago-2011-held-at-the-donald-e-stephens-DBKN8F.jpg,https://ts1.mm.bing.net/th?id=OIP.d_7wMhV6QpHaPWusil0O-QHaL1&pid=15.1,,,,,,,,,Bing Images,review-required,2026-07-31T04:27:56.004892+00:00
73fc553fc1bd7c0a2769,Alexis Amore,"Fame | Alexis Amore net worth and salary income estimation Jul, 2026 ...",https://peopleai.com/fame/identities/alexis-amore,https://peopleai.com/fame/identities/alexis-amore/thumbnail,https://ts1.mm.bing.net/th?id=OIP.gGRLBfuRMIFudP6m8cw2LAHaEK&pid=15.1,,,,,,,,,Bing Images,review-required,2026-07-31T04:27:56.004892+00:00
c7a37e380ada3497bd02,Alexis Amore,La actriz porno Alexis Amore pasa sus vacaciones en Lima | RPP Noticias,https://rpp.pe/famosos/celebridades/la-actriz-porno-alexis-amore-pasa-sus-vacaciones-en-lima-noticia-682410,https://e.rpp-noticias.io/xlarge/2014/04/06/fotos_entretenimiento_060414alexis_004.jpg,https://ts4.mm.bing.net/th?id=OIP.veJDkicdTfnHNmFVNrVhswHaEK&pid=15.1,,,,,,,,,Bing Images,review-required,2026-07-31T04:27:56.004892+00:00
35885361da309d22b433,Alexis Amore,"Sep 26, 2006; Hollywood, CA, USA; ALEXIS AMORE at the Wicked Adult DVD ...",https://www.alamy.com/sep-26-2006-hollywood-ca-usa-alexis-amore-at-the-wicked-adult-dvd-launch-party-for-the-new-feature-film-release-manhunters-held-at-the-white-loyus-lounge-in-hollywood-california-mandatory-credit-photo-by-glenn-weinerzuma-press-copyright-2006-by-glenn-weiner-image660282091.html,https://c8.alamy.com/comp/3AA6CF7/sep-26-2006-hollywood-ca-usa-alexis-amore-at-the-wicked-adult-dvd-launch-party-for-the-new-feature-film-release-manhunters-held-at-the-white-loyus-lounge-in-hollywood-california-mandatory-credit-photo-by-glenn-weinerzuma-press-copyright-2006-by-glenn-weiner-3AA6CF7.jpg,https://ts3.mm.bing.net/th?id=OIP.3xe-d99-uA2dSxgpO2cjNAHaKy&pid=15.1,,,,,,,,,Bing Images,review-required,2026-07-31T04:27:56.004892+00:00
a773e498da62dd9f8042,Alexis Fire,AFE Wallpapers | Alexis Fire Equipment Company,https://www.alexisfire.com/afewallpaper/,https://www.alexisfire.com/global_assets/uploads/main_slider_imgs/wallpapers/odessa.png,https://ts3.mm.bing.net/th?id=OIP.StLsrjijoEg-dTJES6Xp2gHaEK&pid=15.1,,,,,,,,,Bing Images,review-required,2026-07-31T04:27:57.448042+00:00
e913d61f36c72676448d,Alexis Fire,AFE Wallpapers | Alexis Fire Equipment Company,https://www.alexisfire.com/afewallpaper/,https://www.alexisfire.com/global_assets/uploads/main_slider_imgs/wallpapers/Wallpaper_Ursa.png,https://ts4.mm.bing.net/th?id=OIP.BaKqoFNviWvjZ8HWLxJMfAHaEK&pid=15.1,,,,,,,,,Bing Images,review-required,2026-07-31T04:27:57.448042+00:00
1b7beb0c71f40b789824,Alexis Fire,ALEXIS FIRE APPARATUS - HERITAGE FIRE EQUIPMENT,https://www.heritagefireequipment.com/alexis-fire-apparatus.html,https://www.heritagefireequipment.com/uploads/9/7/7/8/97789876/savanna-2448-2022-11-23-58-762x456_orig.jpg,https://ts2.mm.bing.net/th?id=OIP.G2iEY9oFycqyl0Wjz8j3nQHaEb&pid=15.1,,,,,,,,,Bing Images,review-required,2026-07-31T04:27:57.448042+00:00
d19faf688d746853f968,Alexis Fire,Alexis Fire Apparatus,https://blazeemergency.com/apparatus-sales/stuphen-fire-trucks/alexis-fire-apparatus/,https://blazeemergency.com/wp-content/uploads/2025/05/RenderedImage-scaled.jpeg,https://ts1.mm.bing.net/th?id=OIP.96QY9JGp_sV3s62xEw_R6wHaEV&pid=15.1,,,,,,,,,Bing Images,review-required,2026-07-31T04:27:57.448042+00:00
3c510c667f05c323ebb6,Alexis Fire,Alexis Fire Apparatus – RedSky Emergency Vehicles,https://redskyemergencyvehicles.com/products/alexis-fire-apparatus/,https://redskyemergencyvehicles.com/wp-content/uploads/2022/02/alexis-fire-apparatus-commercial-pumper-fire-truck-1.jpg,https://ts1.mm.bing.net/th?id=OIP.VY6ju-jCU-I9InGnvhORpgHaDJ&pid=15.1,,,,,,,,,Bing Images,review-required,2026-07-31T04:27:57.448042+00:00
4875758edb276af12012,Alexis Fire,Alexis Fire Apparatus – RedSky Emergency Vehicles,https://redskyemergencyvehicles.com/products/alexis-fire-apparatus/,https://redskyemergencyvehicles.com/wp-content/uploads/2022/02/alexis-fire-apparatus-rescue-fire-truck-1024x513.jpg,https://ts3.mm.bing.net/th?id=OIP.P-jrkKnjndUm5rk1ktIxGgHaDt&pid=15.1,,,,,,,,,Bing Images,review-required,2026-07-31T04:27:57.448042+00:00
7b344494bf9586a28b53,Alexis Fire,Alexis Fire Apparatus – RedSky Emergency Vehicles,https://redskyemergencyvehicles.com/products/alexis-fire-apparatus/,https://redskyemergencyvehicles.com/wp-content/uploads/2022/02/Alexis-fire-apparatus-brush-trucks-mini-units-1024x497.jpg,https://ts4.mm.bing.net/th?id=OIP.K4U5IKHE2jTEb0ejMfg0uwHaDm&pid=15.1,,,,,,,,,Bing Images,review-required,2026-07-31T04:27:57.448042+00:00
d1c446c9c6a7545c86f9,Alexis Fire,Alexis Fire Apparatus – RedSky Emergency Vehicles,https://redskyemergencyvehicles.com/products/alexis-fire-apparatus/,https://redskyemergencyvehicles.com/wp-content/uploads/2022/02/alexis-fire-apparatus-response-one.jpg,https://ts4.mm.bing.net/th?id=OIP.fhvkQ_dX3h2ThhKb9hU6YQHaD2&pid=15.1,,,,,,,,,Bing Images,review-required,2026-07-31T04:27:57.448042+00:00
06e2b45910bcde054f8f,Alexis Fire,Alexis Fire Equipment Company,https://alexisfire.com/,https://www.alexisfire.com/global_assets/uploads/main_slider_imgs/home_template.jpg,https://ts1.mm.bing.net/th?id=OIP.NkTxNLoJhHkdfvyeYI8_vQHaCU&pid=15.1,,,,,,,,,Bing Images,review-required,2026-07-31T04:27:57.448042+00:00
91a4f55161938e098dff,Alexis Fire,Alexis Fire Equipment Company Expands and Launches New Brand Identity ...,http://minnesotafirefighter.com/midwest-firefighter/alexis-fire-equipment-company-expands-and-launches-new-brand-identity-and,http://minnesotafirefighter.com/sites/default/files/styles/slideshow/public/field/image/Alexis Website.jpg?itok=ubV6N-Ru,https://ts3.mm.bing.net/th?id=OIP.qTmvME4QWXD_5gOIV-j5uwHaEM&pid=15.1,,,,,,,,,Bing Images,review-required,2026-07-31T04:27:57.448042+00:00
4396ddb4aa2a235ee7d9,Alexis Fire,Alexis Fire Equipment | RedStorm Fire & Rescue Apparatus,https://redstormfire.com/products/alexis-fire-equipment/,https://redstormfire.com/wp-content/uploads/2022/02/alexis-fire-apparatus-equalizer-fire-truck.jpg,https://ts3.mm.bing.net/th?id=OIP.F8uDu3xMySeQi_xZ8B608QHaD2&pid=15.1,,,,,,,,,Bing Images,review-required,2026-07-31T04:27:57.448042+00:00
90cc9d51678f0c364959,Alexis Fire,Alexis Fire Equipment | RedStorm Fire & Rescue Apparatus,https://redstormfire.com/products/alexis-fire-equipment/,https://redstormfire.com/wp-content/uploads/2022/02/alexis-fire-apparatus-custom-pumper-fire-truck.jpg,https://ts1.mm.bing.net/th?id=OIP.4b8mCotx0kTSfnoDhQ16zgHaD2&pid=15.1,,,,,,,,,Bing Images,review-required,2026-07-31T04:27:57.448042+00:00
52e1f763ccd54fbbfe20,Alexis Fire,"Alexis Fire Equipment — Northeastern Fire Associates, Inc.",https://www.northeasternfire.com/alexis-fire-equipment,https://images.squarespace-cdn.com/content/v1/5b71ab9e9d5abb377bf9be32/1571405733094-H0CRE8HNIE089E0WU2BY/Bellegrove_1920x1080.png,https://ts4.mm.bing.net/th?id=OIP.UXiJ2xeBHiScrOiJib6gRgHaEK&pid=15.1,,,,,,,,,Bing Images,review-required,2026-07-31T04:27:57.448042+00:00
2f0d302eeba0b09f10dc,Alexis Fire,Apparatus | Alexis Fire Equipment Company,https://www.alexisfire.com/apparatus-tab-listing/,https://www.alexisfire.com/global_assets/uploads/product_page_photos/ProductImg_Aerials.png,https://ts1.mm.bing.net/th?id=OIP.yjsYeGB7oRjPOqHgY-tlwgHaFI&pid=15.1,,,,,,,,,Bing Images,review-required,2026-07-31T04:27:57.448042+00:00
9e2090b259f532f77589,Alexis Fire,Apparatus | Alexis Fire Equipment Company,https://www.alexisfire.com/apparatus-tab-listing/,https://www.alexisfire.com/global_assets/uploads/product_page_photos/ProductImg_Rescues.png,https://ts1.mm.bing.net/th?id=OIP.tKsS_Tr-yNmMCXYDYv3rjQHaFI&pid=15.1,,,,,,,,,Bing Images,review-required,2026-07-31T04:27:57.448042+00:00
9ad4b3464c5c783d31f1,Alexis Fire,EQUALIZER | Alexis Fire Equipment Company,https://www.alexisfire.com/equalizer/,https://www.alexisfire.com/global_assets/uploads/2022/02/CommercialPumpers.jpg,https://ts1.mm.bing.net/th?id=OIP.ilH-AX7aFIxM5d7RNOgZ6gHaCU&pid=15.1,,,,,,,,,Bing Images,review-required,2026-07-31T04:27:57.448042+00:00
0864431964ab111f3f23,Alexis Fire,SIDE CONTROL 1500GPM PUMPER #2596 | Alexis Fire Equipment Company,https://www.alexisfire.com/listings/side-control-1500gpm-pumper-2596/,https://www.alexisfire.com/global_assets/uploads/chichester_2596/img_0076.jpg,https://ts3.mm.bing.net/th?id=OIP._EKYTevCayR9bOwVO0ntEAHaE8&pid=15.1,,,,,,,,,Bing Images,review-required,2026-07-31T04:27:57.448042+00:00
20a9e10e48beb9fdb27f,Alexis Fire,TANKERS | Alexis Fire Equipment Company,https://www.alexisfire.com/tanker-fire-truck/,https://www.alexisfire.com/global_assets/uploads/main_slider_imgs/home_dorr.jpg,https://ts4.mm.bing.net/th?id=OIP.o7dCgKGj7BJToM26csQh3AHaCU&pid=15.1,,,,,,,,,Bing Images,review-required,2026-07-31T04:27:57.448042+00:00
4e8ad0f809086fea8430,Alexis Fire,TOP MOUNT 1500GPM PUMPER #2582 | Alexis Fire Equipment Company,https://www.alexisfire.com/listings/top-mount-1500gpm-pumper-2582/,https://www.alexisfire.com/global_assets/uploads/athens_2582/img_0012.jpg,https://ts1.mm.bing.net/th?id=OIP.iuRhuhpPQE8wg70cremTEAHaE8&pid=15.1,,,,,,,,,Bing Images,review-required,2026-07-31T04:27:57.448042+00:00
a002cb266e60d663ca72,Alexis Fire,Thank You for Your Inquiry About Alexis Fire Equipment | RedStorm Fire ...,https://redstormfire.com/products/alexis-fire-equipment/thank-you/,https://redstormfire.com/wp-content/uploads/2022/02/alexis-fire-apparatus-tanker-fire-truck.jpg,https://ts1.mm.bing.net/th?id=OIP.iGtOTPwKCpExZvNSrcSmlQHaD2&pid=15.1,,,,,,,,,Bing Images,review-required,2026-07-31T04:27:57.448042+00:00
2a749ef6bef39d9a2f98,Alexis Texas,"2,090 Alexis Texas Photos & High Res Pictures - Getty Images",https://www.gettyimages.ie/photos/alexis-texas,https://media.gettyimages.com/id/520119508/photo/los-angeles-california-adult-film-actress-alexis-texas-attends-the-hustler-hollywood-new-store.jpg?s=612x612&w=gi&k=20&c=9F9WExq_OUZa-PzOy045kABB_KxKv6ItgdNnz6MvfYI=,https://ts4.mm.bing.net/th?id=OIP.bUC-_efh8GVA8_3sAti46wAAAA&pid=15.1,,,,,,,,,Bing Images,review-required,2026-07-31T04:27:58.917977+00:00
714e4bcac9e5d5b255ad,Alexis Texas,Alexis Texas - IMDb,https://www.imdb.com/es/name/nm2686712/,https://m.media-amazon.com/images/M/MV5BOWRlMjhkNGEtZGI3ZC00NmQxLThlMDctNmYyYTFlODJhN2VjXkEyXkFqcGc@._V1_FMjpg_UX1000_.jpg,https://ts3.mm.bing.net/th?id=OIP.b6BeewOQ28sActiQV4m2jQHaLH&pid=15.1,,,,,,,,,Bing Images,review-required,2026-07-31T04:27:58.917977+00:00
b88ec2dbe4442dc9acf4,Alexis Texas,Alexis Texas 04 2560x1600 HD wallpaper | Pxfuel,https://www.pxfuel.com/en/desktop-wallpaper-fmtae,https://e1.pxfuel.com/desktop-wallpaper/769/607/desktop-wallpaper-alexis-texas.jpg,https://ts3.explicit.bing.net/th?id=OIP.hp4t3UkWGCemHb2nQrHt3AHaLH&pid=15.1,,,,,,,,,Bing Images,review-required,2026-07-31T04:27:58.917977+00:00
f9dae609376bd6e07697,Alexis Texas,Alexis Texas 2025 Creator-Made Exclusive Content #962,https://admin.vpnranks.com/only-street233/alexis-texas-2025/,https://globalwikibio.com/wp-content/uploads/2023/04/Alexis-Texas-Wiki-Biography.jpg,https://ts4.mm.bing.net/th?id=OIP.SUeASCBQa-vSgC4uT8hjSAHaEK&pid=15.1,,,,,,,,,Bing Images,review-required,2026-07-31T04:27:58.917977+00:00
de662e8a7140bb5eaaac,Alexis Texas,Alexis Texas Exxxotica Miami Beach at the Miami Beach Convention Center ...,https://www.alamy.com/alexis-texas-exxxotica-miami-beach-at-the-miami-beach-convention-center-image62593976.html,https://c8.alamy.com/comp/DHRB74/alexis-texas-exxxotica-miami-beach-at-the-miami-beach-convention-center-DHRB74.jpg,https://ts2.explicit.bing.net/th?id=OIP.gp2jIhb4mbvgZ5shxMpV7gHaNH&pid=15.1,,,,,,,,,Bing Images,review-required,2026-07-31T04:27:58.917977+00:00
3235460f25a7419c5e74,Alexis Texas,Alexis Texas Face Poster – My Hot Posters,https://myhotposters.com/products/alexis-texas-face-poster-955,https://cdn.shopify.com/s/files/1/0747/3829/products/mHP0955_1024x1024.jpeg?v=1485014711,https://ts2.mm.bing.net/th?id=OIP.T4A6GkvQjboR-tSYNvFcIQHaLG&pid=15.1,,,,,,,,,Bing Images,review-required,2026-07-31T04:27:58.917977+00:00
d107c492672b136c3328,Alexis Texas,"Alexis Texas Husband, Age, Boyfriend, Wiki, Biography, Bio, Height,",https://anideacame.com/alexis-texas/,https://anideacame.com/wp-content/uploads/Alexis-Texas-Biography-1024x576.webp,https://ts1.mm.bing.net/th?id=OIP.zgp104zSYXPL5G1dxYPmfwHaEK&pid=15.1,,,,,,,,,Bing Images,review-required,2026-07-31T04:27:58.917977+00:00
0bb9dda6e5d3531f19c8,Alexis Texas,Alexis Texas Wallpapers - Wallpaper Cave,https://wallpapercave.com/alexis-texas-wallpapers,https://wallpapercave.com/wp/wp4251669.jpg,https://ts2.mm.bing.net/th?id=OIP.ToHU6Syh1kgVpkwMS3lHAAHaLI&pid=15.1,,,,,,,,,Bing Images,review-required,2026-07-31T04:27:58.917977+00:00
ebd5cba1afde4fae9c16,Alexis Texas,Alexis Texas Wallpapers - Wallpaper Cave,https://wallpapercave.com/alexis-texas-wallpapers,https://wallpapercave.com/wp/wp4251453.jpg,https://ts1.mm.bing.net/th?id=OIP.U3_eAqRfoQekxtGccs0BagHaF7&pid=15.1,,,,,,,,,Bing Images,review-required,2026-07-31T04:27:58.917977+00:00
8bc564f4efa38ea314f1,Alexis Texas,"Alexis Texas Wiki: Husband's Name, Age, Height, Career, Children ...",https://www.wikicelebs.com/alexis-texas-biography/,https://www.wikicelebs.com/wp-content/uploads/2023/06/Alexis-Texas-estimated-net-worth-is-approximately-3-million.jpg,https://ts1.mm.bing.net/th?id=OIP.6Lg7N0prNcZmm7FOSBVm_gHaG3&pid=15.1,,,,,,,,,Bing Images,review-required,2026-07-31T04:27:58.917977+00:00
9b9b274686ff607b5712,Alexis Texas,"Alexis Texas biography, 22 Photos, Age, Height, Real Name, Instagram ...",https://girlsbio.su/alexis-texas/,https://girlsbio.su/wp-content/uploads/2024/03/1711323620_470_alexis-texas.jpg,https://ts3.explicit.bing.net/th?id=OIP.bowIVrePjJ4WJ0ed0PccqQHaEk&pid=15.1,,,,,,,,,Bing Images,review-required,2026-07-31T04:27:58.917977+00:00
1023c30b169688b4a2eb,Alexis Texas,Alexis texas 2017 Banque de photographies et d’images à haute ...,https://www.alamyimages.fr/photos-images/alexis-texas-2017.html,https://c8.alamy.com/compfr/km95y8/expo-exxxotica-2017-a-new-jersey-convention-exposition-center-avec-alexis-texas-ou-edison-new-jersey-united-states-quand-03-novembre-2017-credit-derrick-saleurs-wenn-com-km95y8.jpg,https://ts2.mm.bing.net/th?id=OIP.9aL-MSmlgX6lXJMWJyFcxgHaL9&pid=15.1,,,,,,,,,Bing Images,review-required,2026-07-31T04:27:58.917977+00:00
297e762bcaf0742f2035,Alexis Texas,"CHICAGO, IL, USA - APRIL 12, 2024. Adult Entertainment Star Alexis ...",https://www.alamy.com/chicago-il-usa-april-12-2024-adult-entertainment-star-alexis-texas-at-the-exxxotica-chicago-convention-image603164887.html,https://c8.alamy.com/comp/2X18EY3/chicago-il-usa-april-12-2024-adult-entertainment-star-alexis-texas-at-the-exxxotica-chicago-convention-2X18EY3.jpg,https://ts1.mm.bing.net/th?id=OIP.ZgWIglfU35BGgWpZFZ34KQHaL4&pid=15.1,,,,,,,,,Bing Images,review-required,2026-07-31T04:27:58.917977+00:00
e871a097f2275394e904,Alexis Texas,IMG_8649 - Alexis Texas - a photo on Flickriver,http://www.flickriver.com/photos/animenut/4928419648/,http://farm5.staticflickr.com/4119/4928419648_a134669032_b.jpg,https://ts4.mm.bing.net/th?id=OIP.FcbzawZZ5OwHAHs51okb6QHaLG&pid=15.1,,,,,,,,,Bing Images,review-required,2026-07-31T04:27:58.917977+00:00
98ade0c4bd4da92402ac,Alexis Texas,Wallpapers Alexis Texas,https://fity.club/lists/suggestions/Wallpapers-alexis-texas/,https://cdn.wallpapersafari.com/8/49/z4sRND.jpg,https://ts1.explicit.bing.net/th?id=OIP._iod20GiF-AwOb0l8ZerJgHaEo&pid=15.1,,,,,,,,,Bing Images,review-required,2026-07-31T04:27:58.917977+00:00
338513ee7befc99da58d,Alia Janine,"18 Alia Janine Stock Photos, High-Res Pictures, and Images - Getty Images",https://www.gettyimages.com/photos/alia-janine,https://media.gettyimages.com/id/150588614/photo/hollywood-ca-adult-film-actress-alia-janine-at-the-girls-and-corpses-magazine-summer-issue.jpg?s=612x612&w=gi&k=20&c=qpoSp1eN1RWUXZYUpmi19TIEA9KL4ALkzjWmlW9Wo_M=,https://ts2.mm.bing.net/th?id=OIP.qAPmmK3nixJ4VHFu0SzbegAAAA&pid=15.1,,,,,,,,,Bing Images,review-required,2026-07-31T04:28:01.165595+00:00
7293f900be4ea7d3817a,Alia Janine,Alia Janine - IMDb,https://www.imdb.com/name/nm3682950/,https://m.media-amazon.com/images/M/MV5BZjAxZjdhNDUtMGI2ZC00OTdjLTk2NjktMjQ1ODE2ZmZiNjNkXkEyXkFqcGc@._V1_FMjpg_UX1000_.jpg,https://ts2.mm.bing.net/th?id=OIP.2ZorNuTvLHfMUwLogzgBiAHaKD&pid=15.1,,,,,,,,,Bing Images,review-required,2026-07-31T04:28:01.165595+00:00
a88ea612c6df90ea95f3,Alia Janine,"Alia Janine Age, Net Worth, Biography, Height & Career – Before Good",https://beforegood.com/celebrity/alia-janine/,https://beforegood.com/wp-content/uploads/2026/01/Alia-Janine-age.jpg,https://ts1.mm.bing.net/th?id=OIP.P6rVeBkHb9SiuqP0CASkKgAAAA&pid=15.1,,,,,,,,,Bing Images,review-required,2026-07-31T04:28:01.165595+00:00
27a5eb718d902d4a456c,Alia Janine,"Alia Janine Bio/Wiki, Age, Family, Height, Videos, Net Worth",https://insanebiography.com/alia-janine-biography/,https://insanebiography.com/wp-content/uploads/unknown_293016679_575897853981865_7737896081368496102_n-e1664628353421-scaled.jpg,https://ts3.mm.bing.net/th?id=OIP.NkXS6y8f_JWQ8xM0IKivLgHaGb&pid=15.1,,,,,,,,,Bing Images,review-required,2026-07-31T04:28:01.165595+00:00
deff8d77ffe22fed3dff,Alia Janine,"Alia Janine Bio/Wiki, Age, Family, Height, Videos, Net Worth",https://insanebiography.com/alia-janine-biography/,https://insanebiography.com/wp-content/uploads/unknown_293016679_575897853981865_7737896081368496102_n-1024x1024.jpg,https://ts1.mm.bing.net/th?id=OIP.j0vjbL-FRMHf8uYISiqMuwHaHa&pid=15.1,,,,,,,,,Bing Images,review-required,2026-07-31T04:28:01.165595+00:00
29daa0adb11020b25262,Alia Janine,"Alia Janine Presents: The Hardcore Comedy Show! on November 19, 2022 ...",https://thestandnyc.com/shows/show/5140/20221119-1159-pm-alia-janine-presents-the-hardcore-comedy-show,https://thestandnyc.com/images/shows/_sized/35874cdaa0484e5d8f723dfd7bc32e96_image!jpeg_6294521_jpg_HardcoreComedy.jpg,https://ts1.mm.bing.net/th?id=OIP.vVgicZwrUjUlrcgczLA_fQHaE8&pid=15.1,,,,,,,,,Bing Images,review-required,2026-07-31T04:28:01.165595+00:00
1d27399b609f2daf6f83,Alia Janine,Alia Janine Speaks on Transition From Porn to Comedy - YouTube,https://www.youtube.com/watch?v=yOzCw9FC39k,https://i.ytimg.com/vi/yOzCw9FC39k/maxresdefault.jpg,https://ts4.explicit.bing.net/th?id=OIP.0bNY7mnalAhZ6PLS8doysQHaEK&pid=15.1,,,,,,,,,Bing Images,review-required,2026-07-31T04:28:01.165595+00:00
a1af7b05a3f2fb1539bb,Alia Janine,Alia Janine | Artista | Filmow,https://filmow.com/alia-janine-a318126/,https://media.fstatic.com/J3ty_dhN0MJGGt3CoirSp1VH9Ks=/195x289/smart/media/artists/avatar/2014/01/alia-janine_a318126.jpg,https://ts4.mm.bing.net/th?id=OIP.5gRF_jKGJNcdUTYnCHlO7wAAAA&pid=15.1,,,,,,,,,Bing Images,review-required,2026-07-31T04:28:01.165595+00:00
1577dac3b0d46d0f4722,Alia Janine,Alia Janine | Flickr,https://www.flickr.com/photos/133245394@N06,https://live.staticflickr.com/294/20039706501_67da8affd3_z.jpg,https://ts2.mm.bing.net/th?id=OIP.LM-t99S4GrRpUqJ5oQ9fqgHaE7&pid=15.1,,,,,,,,,Bing Images,review-required,2026-07-31T04:28:01.165595+00:00
e31627e446ebef0bbf15,Alia Janine,Alia Janine — The Movie Database (TMDB),https://www.themoviedb.org/person/233388-alia-janine,https://www.themoviedb.org/t/p/w600_and_h900_bestv2/kl2rgTYR0hjjJRXtt056W6Z30mZ.jpg,https://ts2.mm.bing.net/th?id=OIP.t26h0RSgEeqNFFhVaRTOhwHaLH&pid=15.1,,,,,,,,,Bing Images,review-required,2026-07-31T04:28:01.165595+00:00
694a734e412db5dbf595,Alia Janine,Alia Janine's Upcoming Shows | Comedians | The Stand Restaurant ...,https://thestandnyc.com/comedians/alia-janine,https://thestandnyc.com/images/comedians/_square/alia-janine.jpg,https://ts2.mm.bing.net/th?id=OIP.wzD8fu79XwpsSRzU_ZJhMwAAAA&pid=15.1,,,,,,,,,Bing Images,review-required,2026-07-31T04:28:01.165595+00:00
9d9df27a07dfcd8a1044,Alia Janine,"AliaJanine.com - Alia Janine, Stand Up Comedy, Podcast",https://aliajanine.com/?page_id=60882,https://img1.wsimg.com/isteam/ip/523760c1-8a24-411a-90a3-a4ca575ee405/blowfull.jpg,https://ts2.mm.bing.net/th?id=OIP.7sSWj9ABjwJCZCHoUOqOUAHaJ4&pid=15.1,,,,,,,,,Bing Images,review-required,2026-07-31T04:28:01.165595+00:00
eadf0131c9dca9fc3686,Alia Janine,"AliaJanine.com - Alia Janine, Stand Up Comedy, Podcast",https://aliajanine.com/,https://img1.wsimg.com/isteam/ip/523760c1-8a24-411a-90a3-a4ca575ee405/IMG_8766.JPG/:/,https://ts3.mm.bing.net/th?id=OIP.rjf8WgoEtAUhH_aUTyshKwHaE8&pid=15.1,,,,,,,,,Bing Images,review-required,2026-07-31T04:28:01.165595+00:00
6491ecf6c80e4f58167b,Alia Janine,Backstage Unrated Talks to Ex Adult Star Alia Janine Turn Comedian ...,https://www.youtube.com/watch?v=1-LdB8_YHUk,https://i.ytimg.com/vi/1-LdB8_YHUk/hqdefault.jpg,https://ts2.mm.bing.net/th?id=OIP.Ttrmtxn8ev7sYHoZ2FD0dAHaFj&pid=15.1,,,,,,,,,Bing Images,review-required,2026-07-31T04:28:01.165595+00:00
ec74a90cf9339cb5d407,Alia Janine,"Fame | Alia Janine net worth and salary income estimation Jul, 2026 ...",https://peopleai.com/fame/identities/alia-janine,https://peopleai.com/fame/identities/alia-janine/thumbnail,https://ts2.mm.bing.net/th?id=OIP.dMuKxgxgwV0XmLnn06UooQHaEK&pid=15.1,,,,,,,,,Bing Images,review-required,2026-07-31T04:28:01.165595+00:00
e0d97cce86b80191ef67,Alia Janine,alia-janine-comedy-cellar_17639848186_o | Alia Janine | Flickr,https://www.flickr.com/photos/133245394@N06/19411802594,https://live.staticflickr.com/363/19411802594_9314559183_b.jpg,https://ts4.mm.bing.net/th?id=OIP.cNR-YtExnvA2HW3rqWO2YwHaE7&pid=15.1,,,,,,,,,Bing Images,review-required,2026-07-31T04:28:01.165595+00:00
f90e21f8a50ab2e09ba5,Alia Janine,alia-janine-performing-at-the-comedy-cellar_17663730672_o | Flickr,https://www.flickr.com/photos/133245394@N06/19846347858,https://live.staticflickr.com/294/19846347858_01a89ec62a_b.jpg,https://ts1.mm.bing.net/th?id=OIP.j-kMiVUxUoerS337UFyUAQHaNK&pid=15.1,,,,,,,,,Bing Images,review-required,2026-07-31T04:28:01.165595+00:00
0ff93aed1f75113a6c4a,Alisha Klass,A Peek Behind the Curtain: The Unforgettable Story of Alisha Klass ...,https://www.youtube.com/watch?v=zf4L-3OnpEA,https://i.ytimg.com/vi/zf4L-3OnpEA/maxresdefault.jpg,https://ts3.mm.bing.net/th?id=OIP.mbVyG2hUNPgsZ-OD7K9ILQHaEK&pid=15.1,,,,,,,,,Bing Images,review-required,2026-07-31T04:28:02.733579+00:00
f8e9977e9182e896356a,Alisha Klass,"ALISHA KLASS.PLAYBOY TV HOST.HOLLYWOOD, LOS ANGLES, USA.17/04/2001 ...",https://www.alamy.com/alisha-klassplayboy-tv-hosthollywood-los-angles-usa17042001bg95e29ac-image63860300.html,https://l450v.alamy.com/450v/dkw2cx/alisha-klassplayboy-tv-hosthollywood-los-angeles-usa17042001bg94b23ac-dkw2cx.jpg,https://ts1.mm.bing.net/th?id=OIP.O-6KEtOU4oFF_asdxE5vhAAAAA&pid=15.1,,,,,,,,,Bing Images,review-required,2026-07-31T04:28:02.733579+00:00
0206dab330fe8618b025,Alisha Klass,Adult actress Alisha Klass wins the award for best new starlet and ...,https://www.gettyimages.com.mx/detail/fotografía-de-noticias/adult-actress-alisha-klass-wins-the-award-for-fotografía-de-noticias/1443666243,https://media.gettyimages.com/id/1443666243/es/foto/adult-actress-alisha-klass-wins-the-award-for-best-new-starlet-and-was-also-up-for-awards-in.jpg?s=1024x1024&w=gi&k=20&c=oduFv3VcIyEEW1Sk5bCITOAnrbJvWopx3YiYQL-ZAiI=,https://ts3.mm.bing.net/th?id=OIP.v2h9-oXk0UOsJF-7z6WTwgHaLf&pid=15.1,,,,,,,,,Bing Images,review-required,2026-07-31T04:28:02.733579+00:00
f236f985fce89a17b99b,Alisha Klass,Alisha Klass (3 de Janeiro de 1972) | Artista | Filmow,https://filmow.com/alisha-klass-a118381/,https://media.fstatic.com/EDrtFGhTVz8dAy7eSEz7Y2KJnfU=/195x289/smart/media/artists/avatar/2011/10/b2e0039179c63b94b5ae962136897f78.jpg,https://ts4.explicit.bing.net/th?id=OIP.91rjZS-t4VAQKFR3MaBokwAAAA&pid=15.1,,,,,,,,,Bing Images,review-required,2026-07-31T04:28:02.733579+00:00
d36cf8a720bde5d2ec65,Alisha Klass,"Alisha Klass - Alchetron, The Free Social Encyclopedia",https://alchetron.com/Alisha-Klass,https://alchetron.com/cdn/alisha-klass-3070b4b5-389d-43eb-bc8a-c1f0a87c870-resize-750.jpeg,https://ts2.mm.bing.net/th?id=OIP.f6nYEd3r_ortfTUiyH71YwAAAA&pid=15.1,,,,,,,,,Bing Images,review-required,2026-07-31T04:28:02.733579+00:00
093a73b9cf7d687cf0d5,Alisha Klass,Alisha Klass - IMDb,https://www.imdb.com/name/nm0458315/bio/,"https://m.media-amazon.com/images/M/MV5BMTk1ODg0MzYyN15BMl5BanBnXkFtZTcwMDMwODExOA@@._V1_UX67_CR0,0,67,98_AL_.jpg",https://ts4.mm.bing.net/th?id=OIP.shNwJRBop0u1RJJmYtbPAAAAAA&pid=15.1,,,,,,,,,Bing Images,review-required,2026-07-31T04:28:02.733579+00:00
e15f8d9df18b47f068fb,Alisha Klass,Alisha Klass - SeaArt AI Model,https://www.seaart.ai/models/detail/d9c604e8ec9ba9d01a75fff3afaeb1e3,https://image.cdn2.seaart.me/temp-convert-webp/highwebp/static/images/20240701/4fcf5a64586d52101b9f853a0ea40174_low.webp,https://ts4.mm.bing.net/th?id=OIP.wXKhrrSbu5gR7NR4k7ZRNwHaGM&pid=15.1,,,,,,,,,Bing Images,review-required,2026-07-31T04:28:02.733579+00:00
38ff653bbf353a4852c4,Alisha Klass,Alisha Klass - TV Guide,https://www.tvguide.com/celebrities/alisha-klass/3030013783/,https://content.internetvideoarchive.com/content/hdphotos/9507/009507/009507_1280x720_346410_008.jpg,https://ts4.mm.bing.net/th?id=OIP.94s7brFNpNwJSA6x2b0c-gHaEK&pid=15.1,,,,,,,,,Bing Images,review-required,2026-07-31T04:28:02.733579+00:00
ad90bf378cc0a75e327e,Alisha Klass,Alisha Klass Biography | Pantheon,https://pantheon.world/profile/person/Alisha_Klass,https://static.pantheon.world/profile/people/887544.jpg,https://ts3.mm.bing.net/th?id=OIP.vHtlQdzJUhrbBVDM4qx1hQAAAA&pid=15.1,,,,,,,,,Bing Images,review-required,2026-07-31T04:28:02.733579+00:00
b5c674a965ef572c7d30,Alisha Klass,"Alisha Klass Biography, Wiki, Age, Height, Weight, Career and Net Worth ...",https://famousbiographys.com/alisha-klass/,https://famousbiographys.com/wp-content/uploads/2026/03/poet-1.jpg,https://ts4.mm.bing.net/th?id=OIP.UXqiwtSlYfPIsKL3QkdO5gHaD7&pid=15.1,,,,,,,,,Bing Images,review-required,2026-07-31T04:28:02.733579+00:00
db0bda21bec22319ef55,Alisha Klass,Alisha Klass Taille - LaCélébrité,https://lacelebrite.fr/alisha-klass-taille/,https://lacelebrite.fr/wp-content/uploads/2025/02/Alisha-Klass-Taille.jpg,https://ts2.mm.bing.net/th?id=OIP.7aUqTp-8HW9DNzQyFrZ5MgHaD2&pid=15.1,,,,,,,,,Bing Images,review-required,2026-07-31T04:28:02.733579+00:00
a5d66eb348aaad7e99d3,Alisha Klass,"Alisha Klass on IMDb: Movies, TV, Celebs, and more... - Video Gallery ...",https://www.imdb.com/name/nm0458315/videogallery,"https://m.media-amazon.com/images/M/MV5BMTk1ODg0MzYyN15BMl5BanBnXkFtZTcwMDMwODExOA@@._V1_UY1200_CR83,0,630,1200_AL_.jpg",https://ts1.mm.bing.net/th?id=OIP.DxIcgPjp-YhXIu9Jvzt-dwHaOG&pid=15.1,,,,,,,,,Bing Images,review-required,2026-07-31T04:28:02.733579+00:00
194056bf8b44b767bab9,Alisha Klass,Alisha Klass | Celebrities lists.,https://waytofamous.com/15522-alisha-klass.html,https://waytofamous.com/images/alisha-klass-05.jpg,https://ts3.mm.bing.net/th?id=OIP.MS4reg98XvTfgHoeeoafVgAAAA&pid=15.1,,,,,,,,,Bing Images,review-required,2026-07-31T04:28:02.733579+00:00
2de8423c9ccaf3b6d81a,Alisha Klass,Alisha Klass — The Movie Database (TMDB),https://www.themoviedb.org/person/109447-alisha-klass,https://media.themoviedb.org/t/p/w500/pOOk0xMqRyzvF1QLFpoELCHC5mf.jpg,https://ts2.mm.bing.net/th?id=OIP.yA_YJwhCK-9LKFzFdrMIRgHaLH&pid=15.1,,,,,,,,,Bing Images,review-required,2026-07-31T04:28:02.733579+00:00
e1472048c57b3bd9b176,Alisha Klass,"May 18, 2001; Hollywood, CA, USA; ALISHA KLASS in 'The Center of the ...",https://www.alamy.com/stock-photo-may-18-2001-hollywood-ca-usa-alisha-klass-in-the-center-of-the-world-90112087.html,https://l450v.alamy.com/450v/f6gxtn/may-18-2001-hollywood-ca-usa-alisha-klass-in-the-center-of-the-world-f6gxtn.jpg,https://ts4.mm.bing.net/th?id=OIP.bsWPVdEJqMXtC319PDmVgwAAAA&pid=15.1,,,,,,,,,Bing Images,review-required,2026-07-31T04:28:02.733579+00:00
0a25f2cc9e1b832e7df2,Alisha Klass,Quel âge a Alisha Klass,http://age-des-celebrites.com/age-de-alisha-klass.php,http://www.age-des-celebrites.com/photos/K/alisha-klass.png,https://ts2.mm.bing.net/th?id=OIP.uFJ_uw2CNeLnbLySZfvixgAAAA&pid=15.1,,,,,,,,,Bing Images,review-required,2026-07-31T04:28:02.733579+00:00
bd17a218bfcdd583415e,Amber Lynn,AMBER LYNN - ORIGINAL GALLERY TRANSPARENCY #1 | eBay,https://www.ebay.com/itm/135231495681,https://i.ebayimg.com/images/g/6pkAAOSw~RRm2WRg/s-l400.jpg,https://ts1.mm.bing.net/th?id=OIP.B5RO7HtyA774AtsrHDnnrAAAAA&pid=15.1,,,,,,,,,Bing Images,review-required,2026-07-31T04:28:04.739882+00:00
1a6747772bc0c104c3ba,Amber Lynn,Amber Lynn,https://www.imdb.com/pt/name/nm0528606/mediaviewer/rm4292167425/,https://m.media-amazon.com/images/M/MV5BZTVmMDM1OTgtZmRiZS00Njg4LTgwZjQtZDJjYzFiYmM4OWZiXkEyXkFqcGc@._V1_.jpg,https://ts4.mm.bing.net/th?id=OIP.7fJew56jNcAln21U9vZhowHaMO&pid=15.1,,,,,,,,,Bing Images,review-required,2026-07-31T04:28:04.739882+00:00
647a38feef13ce6e1f96,Amber Lynn,Amber Lynn,https://www.imdb.com/pt/name/nm0528606/mediaviewer/rm1538747137/,https://m.media-amazon.com/images/M/MV5BNTdiZTNmOGQtMzUyOC00YjQzLWJhZTQtNmNmMWNkZGU2YTQ5XkEyXkFqcGc@._V1_.jpg,https://ts2.explicit.bing.net/th?id=OIP.YV-wwEE1NYa0fEHtwG0QWQHaJ4&pid=15.1,,,,,,,,,Bing Images,review-required,2026-07-31T04:28:04.739882+00:00
75895bc4e9ee7e4549e8,Amber Lynn,Amber Lynn,https://www.imdb.com/name/nm0528606/mediaviewer/rm1629378817/,https://m.media-amazon.com/images/M/MV5BZTM5MTc3NGQtYTQyMy00YzFhLWE1MWItZDc3OWMyYzlmMjRjXkEyXkFqcGc@._V1_FMjpg_UX1000_.jpg,https://ts1.mm.bing.net/th?id=OIP.DtndmH4wQUOosw5xJ5C8EwHaLH&pid=15.1,,,,,,,,,Bing Images,review-required,2026-07-31T04:28:04.739882+00:00
be8cae72aa3f692e4b25,Amber Lynn,Amber Lynn,https://www.imdb.com/name/nm0528606/mediaviewer/rm4291534337,https://m.media-amazon.com/images/M/MV5BOTRiMmRhMDUtYWUzOC00MWI5LWJmNTktY2Q5OWNlNGNmMmVhXkEyXkFqcGc@._V1_FMjpg_UX1000_.jpg,https://ts2.mm.bing.net/th?id=OIP.REj72FKwfd8jzHBbj0e0qgHaLG&pid=15.1,,,,,,,,,Bing Images,review-required,2026-07-31T04:28:04.739882+00:00
bf6b47a09418a798daed,Amber Lynn,Amber Lynn,https://www.imdb.com/name/nm0528606/mediaviewer/rm444372225,https://m.media-amazon.com/images/M/MV5BODFjOTUyZjYtMDk4NS00ODY1LTg0NjYtMWNlOTAxOTNmMjEyXkEyXkFqcGc@._V1_FMjpg_UX1000_.jpg,https://ts4.mm.bing.net/th?id=OIP.sLiYZO7BVLOBb0PjRR_msQHaFQ&pid=15.1,,,,,,,,,Bing Images,review-required,2026-07-31T04:28:04.739882+00:00
379bdd31df37d1f26201,Amber Lynn,Amber Lynn : Roger Paul Inc.,https://rogerpaulinc.com/gallery/amber-lynn/,https://rogerpaulinc.com/wp-content/uploads/2022/11/Amber-Lynn-Image-1.jpg,https://ts2.explicit.bing.net/th?id=OIP.Hhnj_HD8A0I4A-qRKT9EFAHaEt&pid=15.1,,,,,,,,,Bing Images,review-required,2026-07-31T04:28:04.739882+00:00
869c67ce6121a9fc09bb,Amber Lynn,Amber Lynn Actress Stock Photos - Free & Royalty-Free Stock Photos from ...,https://www.dreamstime.com/photos-images/amber-lynn-actress.html,https://thumbs.dreamstime.com/b/actress-amber-lynn-attends-los-angeles-film-premiere-beneath-us-all-laemmles-town-center-los-angeles-ca-september-th-los-290458371.jpg,https://ts3.mm.bing.net/th?id=OIP.UgNIk7XQf-IYW4qDacj75wHaLH&pid=15.1,,,,,,,,,Bing Images,review-required,2026-07-31T04:28:04.739882+00:00
f6d7aa77ca2300a3a527,Amber Lynn,Amber Lynn Bach Captivating Legacy Of A Fantasy Star,https://www.loadedvideo.com/amber-lynn-bach/,https://www.loadedvideo.com/wp-content/uploads/2024/11/amber-lynn-bach.jpg,https://ts4.mm.bing.net/th?id=OIP.npdQITv5APlM9d-zoZEVfQHaHa&pid=15.1,,,,,,,,,Bing Images,review-required,2026-07-31T04:28:04.739882+00:00
36b9c847b8be49e87207,Amber Lynn,"Amber Lynn Death Fact Check, Birthday & Age | Dead or Kicking",https://deadorkicking.com/amber-lynn-dead-or-alive/,https://deadorkicking.com/wp-content/uploads/featured-img/a/amber-lynn.jpg,https://ts3.explicit.bing.net/th?id=OIP.MTAH-TNIfJRjJhSrYvTb0AAAAA&pid=15.1,,,,,,,,,Bing Images,review-required,2026-07-31T04:28:04.739882+00:00
96df7514c0d388c3767c,Amber Lynn,"Amber Lynn Wiki, Height, Husband, Biography & More",https://wikistarbio.com/amber-lynn/,https://wikistarbio.com/wp-content/uploads/2025/02/Amber-Lynn-Wiki-Height-Husband-Biography-More-241x300.jpg,https://ts4.mm.bing.net/th?id=OIP.O35jhLt7ODXuaKOe1Nde5AAAAA&pid=15.1,,,,,,,,,Bing Images,review-required,2026-07-31T04:28:04.739882+00:00
f19362d14a73b3a1d5b1,Amber Lynn,Amber Lynn at Attends Los Angeles Nollywood Awards at The Miracle ...,https://lacelebs.co/amber-lynn-at-attends-los-angeles-nollywood-awards-at-the-miracle-theatre-in-inglewood-08-07-2018/,https://lacelebs.co/wp-content/uploads/2018/08/amber-lynn-at-attends-los-angeles-nollywood-awards-at-the-miracle-theatre-in-inglewood-08-07-2018-1.jpg,https://ts1.mm.bing.net/th?id=OIP.AVtxVguDPsL3ZeyfBak-XwHaLH&pid=15.1,,,,,,,,,Bing Images,review-required,2026-07-31T04:28:04.739882+00:00
2e0af2a9195a1ad0f16e,Amber Lynn,Amber Lynn – Vikipedija,https://lt.wikipedia.org/wiki/Amber_Lynn,https://upload.wikimedia.org/wikipedia/commons/thumb/3/38/Amber_Lynn_AEE_2013.jpg/250px-Amber_Lynn_AEE_2013.jpg,https://ts3.mm.bing.net/th?id=OIP.dbbFg-FJtevHBSrDwHgd1QAAAA&pid=15.1,,,,,,,,,Bing Images,review-required,2026-07-31T04:28:04.739882+00:00
e095d3b957531409d67c,Amber Lynn,Picture of Amber Lynn Ashley,https://www.listal.com/viewimage/29470430,https://iv1.lisimg.com/image/29470430/740full-amber-lynn-ashley.jpg,https://ts4.mm.bing.net/th?id=OIP.M0DhhQkOwkVaPZ8eKCQ6igHaJQ&pid=15.1,,,,,,,,,Bing Images,review-required,2026-07-31T04:28:04.739882+00:00
b02125c9743b379c8233,Amber Lynn,"Stream Amber Lynn music | Listen to songs, albums, playlists for free ...",https://soundcloud.com/amber-lynn-hamby-palacios,https://i1.sndcdn.com/avatars-WGV3VCU1bojJBq7s-mRlDPA-t500x500.jpg,https://ts3.mm.bing.net/th?id=OIP.TJyZY06oYJSoC8VqNaX3DgHaHa&pid=15.1,,,,,,,,,Bing Images,review-required,2026-07-31T04:28:04.739882+00:00
440c8ae61294e287fd23,Amber Rayne,Adult Entertainment Stars: Where Are They Now?,https://living.alot.com/entertainment/adult-entertainment-stars-where-are-they-now--19515,https://assets.alot.com/assets/common/entertainment/u19515_slide_23516.jpg,https://ts4.explicit.bing.net/th?id=OIP.uCrfqzZN51dLsbm7-fZ0zAHaFj&pid=15.1,,,,,,,,,Bing Images,review-required,2026-07-31T04:28:06.268331+00:00
08ab60cbea8a5eb4aea0,Amber Rayne,"Amber RAYNE : Biographie, Tombe, Citations, Forum... - JeSuisMort.com",https://www.jesuismort.com/tombe/amber-rayne,https://www.jesuismort.com/img/celebrite/visage/amber-rayne.jpg,https://ts1.mm.bing.net/th?id=OIP.qBbVRPp0vDPENYCdkMC5LwAAAA&pid=15.1,,,,,,,,,Bing Images,review-required,2026-07-31T04:28:06.268331+00:00
f4ead51023eaf1ede6ad,Amber Rayne,"Amber Rayne Cause Of Death Age, Height, Weight, Boyfriend, Net Worth ...",https://aajivanbiography.com/amber-rayne/,https://aajivanbiography.com/wp-content/uploads/2026/02/Amber-Rayne.jpg,https://ts4.mm.bing.net/th?id=OIP.Xj_h3Wowg2PJ1RwNiaTM1AHaEK&pid=15.1,,,,,,,,,Bing Images,review-required,2026-07-31T04:28:06.268331+00:00
daf29e664015cac33ba6,Amber Rayne,Amber Rayne Celebrity Profile – Hollywood Life,https://hollywoodlife.com/celeb/amber-rayne/,https://hollywoodlife.com/wp-content/uploads/2016/04/amber-rayne-bio-photo.jpg?quality=100&w=330,https://ts1.mm.bing.net/th?id=OIP.2u30AlTU43GuU_3JqelUkwAAAA&pid=15.1,,,,,,,,,Bing Images,review-required,2026-07-31T04:28:06.268331+00:00
75784e21fa45046b5e01,Amber Rayne,Amber Rayne — The Movie Database (TMDB),https://www.themoviedb.org/person/132400-amber-rayne,https://www.themoviedb.org/t/p/w600_and_h900_bestv2/ki7EmPgbAIkmK7wZy1A5d1FzbFi.jpg,https://ts4.mm.bing.net/th?id=OIP.8udHLjynyv9wwWZ0Gk8qIAHaLH&pid=15.1,,,,,,,,,Bing Images,review-required,2026-07-31T04:28:06.268331+00:00
11ae29aac54cbb01da60,Amber Rayne,"Amber Rayne's Instagram, Twitter & Facebook on IDCrawl",https://www.idcrawl.com/amber-rayne,https://www.famousbirthdays.com/faces/rayne-amber-image.jpg,https://ts2.explicit.bing.net/th?id=OIP.hVC7zpxi-JmoT6h9V1z0HQAAAA&pid=15.1,,,,,,,,,Bing Images,review-required,2026-07-31T04:28:06.268331+00:00
0195d8ffa4eb3404f09c,Amber Rayne,"Amber Rayne, porn star who accused James Deen of sexual assault, dies at 31",https://www.rappler.com/entertainment/128282-amber-rayne-james-deen-sexual-assault-dies/,https://www.rappler.com/tachyon/r3-assets/E16C5E81C6204B76B5DF0724F8C602F7/img/291B7BB59F6F4D2596B931104800CFE1/20160405-Amber_Rayne.jpg,https://ts4.explicit.bing.net/th?id=OIP._iWRThWdcVUj1wpd2wVLtQHaEK&pid=15.1,,,,,,,,,Bing Images,review-required,2026-07-31T04:28:06.268331+00:00
07f3ac791dde1a7b297d,Amber Rayne,CANON MOVIES: AMBER RAYNE (1984 - 2016),https://canonmovies.blogspot.com/2016/04/amber-rayne-1984-2016.html,https://blogger.googleusercontent.com/img/b/R29vZ2xl/AVvXsEjXCJr8MULCQrC6Hd899WGs7Xv9fgec7OPSIRRZmHUjR7yMBm_cpPie9M5wgM54MN6AlvIGOLj_ejHvnNbbnE-CXkxwAnPf-Ebu00YFS1TMu8uFf-qgxBbv0Efba2Kn2KpFW6ygxA/w1200-h630-p-k-no-nu/AMBER+RAYNE+1.jpg,https://ts1.explicit.bing.net/th?id=OIP.4gixwsB4pJtYy_ZKsrT0ygHaD5&pid=15.1,,,,,,,,,Bing Images,review-required,2026-07-31T04:28:06.268331+00:00
55efcd4fdbddc5a7d464,Amber Rayne,Ex-porn actress Holly Jee says James Deen choked her unconscious ...,https://www.dailymail.com/news/article-3353404/Former-adult-film-actress-says-James-Deen-choked-unconscious-TENTH-allegation-against-embattled-porn-star.html,https://i.dailymail.co.uk/i/pix/2015/12/07/16/2EFF3DF100000578-3346545-image-a-15_1449506351655.jpg,https://ts4.mm.bing.net/th?id=OIP.OYc_9IiIq7oxRJpav-ZGkQDJEs&pid=15.1,,,,,,,,,Bing Images,review-required,2026-07-31T04:28:06.268331+00:00
f8724ccede840db7ae1e,Amber Rayne,"Jessica Rayne (Actress) Age, Biography, Height, Weight, Family ...",https://celebritate.com/celebrity/jessica-rayne/,https://celebritate.com/wp-content/uploads/2023/05/Jessica-Rayne.jpg,https://ts3.explicit.bing.net/th?id=OIP.32NF_-qFM-XVWBI0Od2QugHaIO&pid=15.1,,,,,,,,,Bing Images,review-required,2026-07-31T04:28:06.268331+00:00
1fd0901b15c85ac9a5b9,Amber Rayne,Porn star Amber Rayne dies days after heartbreaking goodbye to beloved ...,https://www.irishmirror.ie/showbiz/celebrity-news/porn-star-amber-rayne-dies-7689471,https://i2-prod.irishmirror.ie/incoming/article7689050.ece/ALTERNATES/s615b/Amber-Rayne.jpg,https://ts2.mm.bing.net/th?id=OIP.eS5M32bvJNaMcbpthvMNrQHaLm&pid=15.1,,,,,,,,,Bing Images,review-required,2026-07-31T04:28:06.268331+00:00
c0754c4f6c7e8831f193,Amber Rayne,Porn star Amber Rayne who accused James Deen of rape found dead aged 31 ...,https://www.mirror.co.uk/3am/celebrity-news/porn-star-amber-rayne-who-7688976,https://i2-prod.mirror.co.uk/incoming/article7688959.ece/ALTERNATES/s1200d/Amber-Rayne.jpg,https://ts4.mm.bing.net/th?id=OIP.EjDN6VFOHMy0hkjy_JwUvQHaEK&pid=15.1,,,,,,,,,Bing Images,review-required,2026-07-31T04:28:06.268331+00:00
c4b1dffd880552461270,Amber Rayne,"Porn star Amber Rayne, who accused fellow actor James Deen of sexual ...",https://www.youtube.com/watch?v=hdG45nwo2SM,https://i.ytimg.com/vi/hdG45nwo2SM/maxresdefault.jpg,https://ts3.explicit.bing.net/th?id=OIP.8ALc7ll4rQKOQk2eFiK2RAHaEK&pid=15.1,,,,,,,,,Bing Images,review-required,2026-07-31T04:28:06.268331+00:00
9e792460b995ea477bd8,Amber Rayne,Porno yıldızı Amber Rayne evinde ölü bulundu - Haberler Magazin,https://www.hurriyet.com.tr/kelebek/magazin/porno-yildizi-amber-rayne-evinde-olu-bulundu-40081854,https://i4.hurimg.com/i/hurriyet/75/770x0/57039ec518c7731754a0f731.jpg,https://ts2.explicit.bing.net/th?id=OIP.LRPwhYbKM48cKBJ3kAYDFAHaOL&pid=15.1,,,,,,,,,Bing Images,review-required,2026-07-31T04:28:06.268331+00:00
d4155f3b381d980f18ef,Amber Rayne,Who is Amber Rayne? Porn star who accused James Deen of sexual assault ...,https://www.mirror.co.uk/3am/celebrity-news/who-amber-rayne-porn-star-7689353,https://i2-prod.mirror.co.uk/article7689221.ece/ALTERNATES/s1200e/Amber-Rayne.jpg,https://ts1.mm.bing.net/th?id=OIP.gVz-2syW2UeO8bwn_OBEGgHaE6&pid=15.1,,,,,,,,,Bing Images,review-required,2026-07-31T04:28:06.268331+00:00
7b6d7b16cdfdd6125384,Amy Fisher,30 Facts about the movie Lolita - Facts.net,https://facts.net/movie/30-facts-about-the-movie-lolita/,https://facts.net/wp-content/uploads/2023/10/20-intriguing-facts-about-amy-fisher-1697075174.jpg,https://ts3.mm.bing.net/th?id=OIP.lRm-YvroXLdFGtsnerP5-gHaE7&pid=15.1,,,,,,,,,Bing Images,review-required,2026-07-31T04:28:08.036630+00:00
1b993c03b781d9da00d4,Amy Fisher,"Amy Fisher : la ""lolita de Long Island"" - LA NACION",https://www.lanacion.com.ar/el-mundo/amy-fisher-la-lolita-de-long-island-nid824001/,https://resizer.glanacion.com/resizer/WHM5eXBHdg-vimMPJIIUqfek-hk=/768x0/filters:format(webp):quality(70)/cloudfront-us-east-1.images.arcpublishing.com/lanacionar/2FO6OW5YARHUFCA2A4UFGXBQQ4.jpg,https://ts2.mm.bing.net/th?id=OIP.GsC3l-f0g6hysEXvsvuA4wHaKd&pid=15.1,,,,,,,,,Bing Images,review-required,2026-07-31T04:28:08.036630+00:00
c1e6bf5b36a8c7a8fa23,Amy Fisher,Amy Fisher Children,https://ar.inspiredpencil.com/pictures-2023/amy-fisher-children,http://www.todayifoundout.com/wp-content/uploads/2015/05/amy-fisher.jpg,https://ts1.mm.bing.net/th?id=OIP.gu8COtWGEmEOFTgNcXSqbwHaFP&pid=15.1,,,,,,,,,Bing Images,review-required,2026-07-31T04:28:08.036630+00:00
c753cef8234c2111da75,Amy Fisher,Amy Fisher and Lou Bellera divorce 8 years after sex tape and 16 after ...,http://www.dailymail.co.uk/news/article-3153687/Amy-Fisher-husband-divorce-16-years-Long-Island-Lolita-sprung-jail-eight-years-couple-s-sex-tape-public.html,https://i.dailymail.co.uk/i/pix/2015/07/08/16/2A58472000000578-0-image-m-68_1436368945354.jpg,https://ts2.explicit.bing.net/th?id=OIP.wFGHARhPb4-bfrhc1CFYYgHaMF&pid=15.1,,,,,,,,,Bing Images,review-required,2026-07-31T04:28:08.036630+00:00
cfeec0c3fc7fdb769e66,Amy Fisher,"Amy Fisher, The 17-Year-Old Who Shot Mary Jo Buttafuoco",https://allthatsinteresting.com/amy-fisher,https://allthatsinteresting.com/wordpress/wp-content/uploads/2024/04/amy-fisher-in-handcuffs.jpg,https://ts2.mm.bing.net/th?id=OIP._iwq1hjdgwNeOKg9qkeLpQHaGj&pid=15.1,,,,,,,,,Bing Images,review-required,2026-07-31T04:28:08.036630+00:00
83fe5d16adecf6b5edb2,Amy Fisher,Amy Fisher: 25 Years after the 'Long Island Lolita' Case,https://standardnews.com/amy-fisher-buttafuoco-anniversary/,http://media.standardnews.com/wp-content/uploads/2017/05/26171832/long-island-lolita-65ae5a1e-6fa3-4d9b-8d4d-3f277a395e9b1.jpg,https://ts2.mm.bing.net/th?id=OIP.ywR_JN2wKfkcx3UajGbvpAHaD9&pid=15.1,,,,,,,,,Bing Images,review-required,2026-07-31T04:28:08.036630+00:00
ffae9da29b894da8bc00,Amy Fisher,Amy Fisher: My Story (1992),https://www.imdb.com/title/tt0103682/mediaviewer/rm644979712/,https://m.media-amazon.com/images/M/MV5BMjE1NzM0OTU2M15BMl5BanBnXkFtZTcwMDk5NTIyMQ@@._V1_FMjpg_UX1000_.jpg,https://ts2.mm.bing.net/th?id=OIP.aMgdT02IH1_XDZUKPRnvrAHaL7&pid=15.1,,,,,,,,,Bing Images,review-required,2026-07-31T04:28:08.036630+00:00
e86cb780f39e104ed951,Amy Fisher,Amy Fisher: My Story (1992) | MUBI,https://mubi.com/en/us/films/amy-fisher-my-story-lethal-lolita,https://images.mubicdn.net/images/film/180556/cache-254431-1745494097/image-w1280.jpg,https://ts3.mm.bing.net/th?id=OIP.ywwIYoeAyCQIGVP2v-n71gHaEK&pid=15.1,,,,,,,,,Bing Images,review-required,2026-07-31T04:28:08.036630+00:00
85ce23aba96589ac99b2,Amy Fisher,Amy Fisher: The Long Island Lolita Who Shot Her Lover’s Wife,https://thelegit.org/amy-fisher-the-long-island-lolita-who-shot-her-lovers-wife/,https://m.media-amazon.com/images/M/MV5BMjIzMTk4MjA0NV5BMl5BanBnXkFtZTcwMDc5MzQ3OA@@._V1_.jpg,https://ts3.mm.bing.net/th?id=OIP.cVyb3nwtCxbUow88CnYCtgHaJ6&pid=15.1,,,,,,,,,Bing Images,review-required,2026-07-31T04:28:08.036630+00:00
84d5bef825575f005953,Amy Fisher,Amy fisher 1992 hi-res stock photography and images - Alamy,https://www.alamy.com/stock-photo/amy-fisher-1992.html,https://c8.alamy.com/comp/2D5C6XC/amy-fisher-walks-from-the-albion-womens-correctional-facility-may-10-with-her-attorneys-including-bruce-barketr-fisher-nicknamed-the-notorious-long-island-lolita-for-shooting-her-lovers-wife-in-the-head-walked-out-of-prison-on-monday-after-serving-nearly-seven-years-behind-bars-for-the-attack-now-24-fisher-who-as-a-teenager-was-at-the-center-of-the-bizarre-case-that-spawned-television-dramas-books-and-countless-headlines-had-been-in-prison-since-1992-when-she-pleaded-guilty-to-shooting-mary-jo-buttafuoco-on-the-porch-of-the-womans-home-in-the-suburban-long-island-town-of-massa-2D5C6XC.jpg,https://ts1.mm.bing.net/th?id=OIP.t0iuWCPoTwyVpH4ccMrn4wHaG_&pid=15.1,,,,,,,,,Bing Images,review-required,2026-07-31T04:28:08.036630+00:00
b9267d34ca7f58e1754b,Amy Fisher,Amy fisher 1992 hi-res stock photography and images - Alamy,https://www.alamy.com/stock-photo/amy-fisher-1992.html,https://c8.alamy.com/comp/3AEBY08/aug-05-2004-new-york-ny-usa-amy-fisher-at-her-home-in-long-island-amy-elizabeth-fisher-born-august-21-1974-in-merrick-new-york-dubbed-the-long-island-lolita-by-the-press-was-convicted-in-1992-of-shooting-the-wife-mary-jo-buttafuoco-of-her-lover-joey-buttafuoco-with-whom-she-began-an-affair-as-a-16-year-old-student-at-kennedy-high-school-in-bellmore-the-case-drew-a-great-deal-of-media-attention-fisher-served-seven-years-in-prison-for-aggravated-assault-and-was-released-in-1999-she-has-since-gone-on-to-become-a-writer-credit-image-melissa-lynnzumapresscom-3AEBY08.jpg,https://ts4.mm.bing.net/th?id=OIP.0nCBvSbSIrBBujAZiwCydgHaL4&pid=15.1,,,,,,,,,Bing Images,review-required,2026-07-31T04:28:08.036630+00:00
2b3ac164473f9bb4ae93,Amy Fisher,"CRIME HUNTER: Surviving Long Island Lolita Amy Fisher, Joey Buttafuoco ...",https://torontosun.com/news/world/crime-hunter-surviving-long-island-lolita-amy-fisher-and-joey-buttafuoco,https://smartcdn.gprod.postmedia.digital/torontosun/wp-content/uploads/2022/05/lolita3-e1652467397677.jpg,https://ts1.mm.bing.net/th?id=OIP.YDBFZ814p9AMa3scHBCh8wHaFE&pid=15.1,,,,,,,,,Bing Images,review-required,2026-07-31T04:28:08.036630+00:00
e598775b92eba6340871,Amy Fisher,Here's What Happened To Amy Fisher,https://www.grunge.com/803798/heres-what-happened-to-amy-fisher/,https://www.grunge.com/img/gallery/heres-what-happened-to-amy-fisher/l-intro-1647634478.jpg,https://ts4.mm.bing.net/th?id=OIP.qWRiviOxusZcu6U88IswKwHaEK&pid=15.1,,,,,,,,,Bing Images,review-required,2026-07-31T04:28:08.036630+00:00
1058d3432e7e2bba02e7,Amy Fisher,"Mary Jo Buttafuoco speaks out in new documentary, says she forgives ...",https://www.foxnews.com/entertainment/mary-jo-buttafuoco-speaks-out-in-new-documentary-says-she-forgives-long-island-lolita-amy-fisher,https://a57.foxnews.com/static.foxnews.com/foxnews.com/content/uploads/2018/09/640/320/Getty_AmyFisher.jpg?ve=1&tl=1,https://ts4.mm.bing.net/th?id=OIP.ENSK7GyHKg7dZ7lrEzpbbgHaDt&pid=15.1,,,,,,,,,Bing Images,review-required,2026-07-31T04:28:08.036630+00:00
734a812cd28a25e080a7,Amy Fisher,"Mary Jo Buttafuoco, shot by 'Long Island Lolita' Amy Fisher, tells her ...",https://www.foxnews.com/us/long-island-lolita-survivor-mary-jo-buttafuoco-bullet-head-will-get-me-eventually,https://a57.foxnews.com/static.foxnews.com/foxnews.com/content/uploads/2026/01/1200/675/amy-jo-fisher-released.jpg?ve=1&tl=1,https://ts4.mm.bing.net/th?id=OIP.j9I6r5voDzb9e4HgnmJShwHaEK&pid=15.1,,,,,,,,,Bing Images,review-required,2026-07-31T04:28:08.036630+00:00
e068532a1afa770117cc,Amy Fisher,"PEOPLE MAG: Amy Fisher The Long Island Lolita ,October 12, 1992, LN In ...",https://www.ebay.com/itm/364792383892,https://i.ebayimg.com/images/g/CKwAAOSwAP5l9f7k/s-l1600.jpg,https://ts2.mm.bing.net/th?id=OIP.NP57-hqDDdQuNDShDGychQHaIm&pid=15.1,,,,,,,,,Bing Images,review-required,2026-07-31T04:28:08.036630+00:00
843913f1725ed07cc6cd,Amy Fisher,Prime Video: Amy Fisher season-1,https://www.primevideo.com/-/fr/detail/0FF7EG246EU09SHOT7LSO2RFKG,https://m.media-amazon.com/images/S/pv-target-images/53be288052211922a5fbbdafab5383365e6f46c242d6c581ff07a10d0c4a76f2._SX1080_FMjpg_.jpg,https://ts3.mm.bing.net/th?id=OIP.l59rIVcjeqUHOwEgTpgKCQHaEK&pid=15.1,,,,,,,,,Bing Images,review-required,2026-07-31T04:28:08.036630+00:00
b5f1dcf106f01c036a9b,Amy Fisher,Prime Video: Amy Fisher season-1,https://www.primevideo.com/-/fr/detail/0FF7EG246EU09SHOT7LSO2RFKG,https://m.media-amazon.com/images/S/pv-target-images/9bd4977ae5f0f831a80a1c6ca3bba8ab77a453034a2509cd23c791fdc0d409d9.jpg,https://ts3.mm.bing.net/th?id=OIP.EuY8anStmev0nr7HxIKxQAHaJ4&pid=15.1,,,,,,,,,Bing Images,review-required,2026-07-31T04:28:08.036630+00:00
32bbd4085c1edff95b3c,Amy Fisher,The lover 1992 hi-res stock photography and images - Alamy,https://www.alamy.com/stock-photo/the-lover-1992.html,https://c8.alamy.com/comp/3AEBY12/aug-05-2004-new-york-ny-usa-amy-fisher-at-her-home-in-long-island-with-her-husband-and-son-amy-elizabeth-fisher-born-august-21-1974-in-merrick-new-york-dubbed-the-long-island-lolita-by-the-press-was-convicted-in-1992-of-shooting-the-wife-mary-jo-buttafuoco-of-her-lover-joey-buttafuoco-with-whom-she-began-an-affair-as-a-16-year-old-student-at-kennedy-high-school-in-bellmore-the-case-drew-a-great-deal-of-media-attention-fisher-served-seven-years-in-prison-for-aggravated-assault-and-was-released-in-1999-she-has-since-gone-on-to-become-a-writer-credit-image-melissa-lyn-3AEBY12.jpg,https://ts1.mm.bing.net/th?id=OIP.y9gFwUjuKqz7bcien3J0ugHaFc&pid=15.1,,,,,,,,,Bing Images,review-required,2026-07-31T04:28:08.036630+00:00
1d0c3ea949c6d6f52ed2,Amy Fisher,What happened to Amy Fisher? | The US Sun,https://www.the-sun.com/news/8766365/who-amy-fisher-where-now/,https://www.the-sun.com/wp-content/uploads/sites/6/2023/08/ES_AMY-FISHER_OFFPLAT.jpg?strip=all&quality=100&w=1920&h=1080&crop=1,https://ts1.mm.bing.net/th?id=OIP.OTS0apac6H3TyieZ06ms2AHaEK&pid=15.1,,,,,,,,,Bing Images,review-required,2026-07-31T04:28:08.036630+00:00
72c008a4e90d641a6afd,Amy Lindsay,2024 GFOAz Summer Conference,https://www.leagueaz.org/e/24gfoaz_summer/,https://www.leagueaz.org/e/24gfoaz_summer/images/headshots/Amy_Lindsay.jpg,https://ts3.explicit.bing.net/th?id=OIP.KLszJaDJrozvYgLW2KuhswHaIO&pid=15.1,,,,,,,,,Bing Images,review-required,2026-07-31T04:28:09.491910+00:00
7b8b951e02d008da1f64,Amy Lindsay,"Amy Lindsay - Alchetron, The Free Social Encyclopedia",https://alchetron.com/Amy-Lindsay,https://alchetron.com/cdn/amy-lindsay-f9524ddc-f0ed-4657-8051-6c4cc937607-resize-750.jpeg,https://ts2.mm.bing.net/th?id=OIP.dAHZezkygXaEbQN0JMxslQHaLG&pid=15.1,,,,,,,,,Bing Images,review-required,2026-07-31T04:28:09.491910+00:00
c5d1f9bdf60ff03fd393,Amy Lindsay,Amy Lindsay - Amazon Web Services (AWS) | LinkedIn,https://uk.linkedin.com/in/amy-lindsay,https://media.licdn.com/dms/image/v2/C4E16AQFYufPOA15ZIA/profile-displaybackgroundimage-shrink_200_800/profile-displaybackgroundimage-shrink_200_800/0/1652348804678?e=2147483647&v=beta&t=iXgXtx7s8HklIeb9DmqzxU6fpkqPNgm89duvU1WeUl4,https://ts1.mm.bing.net/th?id=OIF.7XeEm6Ik%2fLwCUETGRpYheQ&pid=15.1,,,,,,,,,Bing Images,review-required,2026-07-31T04:28:09.491910+00:00
87deb17a435d1cccef75,Amy Lindsay,"Amy Lindsay - Post only 1 Photo or GIF per post of ""AMY LINDSAY ...","https://www.filmboards.com/t/Amy-Lindsay/Post-only-1-Photo-or-GIF-per-post-of-""AMY-LINDSAY""-3421665/",https://ilarge.lisimg.com/image/9714727/1118full-amy-lindsay.jpg,https://ts3.mm.bing.net/th?id=OIP.bjG5jDL7h_uLliGYIzGOXwHaEa&pid=15.1,,,,,,,,,Bing Images,review-required,2026-07-31T04:28:09.491910+00:00
82230374bf042c3f4808,Amy Lindsay,Amy Lindsay - Profile Images — The Movie Database (TMDB),https://www.themoviedb.org/person/1012982-amy-lindsay/images/profiles,https://image.tmdb.org/t/p/original/zQRLiQOfEnj4y04zziaq7ZiJpDa.jpg,https://ts4.explicit.bing.net/th?id=OIP.3CsidbdkMBfqNDLBVSb95gHaLH&pid=15.1,,,,,,,,,Bing Images,review-required,2026-07-31T04:28:09.491910+00:00
10f0225040660309702d,Amy Lindsay,Amy Lindsay Birth,https://fity.club/lists/suggestions/Amy-Lindsay-Birth/,https://static.independent.co.uk/s3fs-public/thumbnails/image/2016/02/12/12/Amy-Lindsay.jpg?width=1200&height=1200&fit=crop,https://ts4.explicit.bing.net/th?id=OIP.WYGSlihb0Dy076Ho7H7KmQHaHa&pid=15.1,,,,,,,,,Bing Images,review-required,2026-07-31T04:28:09.491910+00:00
50a782ec7740f9f59608,Amy Lindsay,Amy Lindsay Personally Signed Star Trek Voyager 8 x 10 Photograph Fram ...,https://exclusivesignings.com.au/products/amy-lindsay-personally-signed-star-trek-voyager-8-x-10-photograph-framed,https://exclusivesignings.com.au/cdn/shop/files/amy-lindsay-star-trek-voyager-Signed-8x10-Exclusive-Signings.jpg?v=1742262612,https://ts2.mm.bing.net/th?id=OIP.BAsWJJWbD6tXZNuFchFNhAHaHa&pid=15.1,,,,,,,,,Bing Images,review-required,2026-07-31T04:28:09.491910+00:00
0cd3695da31c4590457e,Amy Lindsay,Amy Lindsay Photography | HCC PN 2025,https://www.amylindsayphotography.com/hccpn2025,https://www.amylindsayphotography.com/img/s/v-10/p519836123-4.jpg,https://ts3.mm.bing.net/th?id=OIP.SkoAz7HcvoBNu1CYUeLfcgAAAA&pid=15.1,,,,,,,,,Bing Images,review-required,2026-07-31T04:28:09.491910+00:00
99087589a5e11027c324,Amy Lindsay,"Amy Lindsay | Biography, Movie Highlights and Photos | AllMovie",https://www.allmovie.com/artist/amy-lindsay-an99368,https://fastly-s3.allmovie.com/iva/name/99368/300/99368.jpg,https://ts2.explicit.bing.net/th?id=OIP.uJKl6Xs16__W5_AMqp05_wAAAA&pid=15.1,,,,,,,,,Bing Images,review-required,2026-07-31T04:28:09.491910+00:00
6c82a5b70ecc310a47eb,Amy Lindsay,Amy Lindsay | Sin City Diaries Wiki | Fandom,https://sin-city-diaries.fandom.com/wiki/Amy_Lindsay,https://static.wikia.nocookie.net/sin_city_diaries/images/6/62/Amy_Lindsay.jpg/revision/latest?cb=20241228002838,https://ts3.explicit.bing.net/th?id=OIP.X8Wxg5zmmlybl84nUyZZcwHaJG&pid=15.1,,,,,,,,,Bing Images,review-required,2026-07-31T04:28:09.491910+00:00
9d7dbcd42652ac359db7,Amy Lindsay,"Amy Lindsay's Instagram, Twitter & Facebook on IDCrawl",https://www.idcrawl.com/amy-lindsay,https://i.ytimg.com/vi/Zbfw6beZxAg/maxresdefault.jpg,https://ts3.mm.bing.net/th?id=OIP.NfBiPhQUGzIFyP5JPIiAkAHaEK&pid=15.1,,,,,,,,,Bing Images,review-required,2026-07-31T04:28:09.491910+00:00
9e8a34412d87e0cebcdb,Amy Lindsay,"Amy Lindsay's Instagram, Twitter & Facebook on IDCrawl",https://www.idcrawl.com/amy-lindsay,https://ilarge.lisimg.com/image/9714725/1118full-amy-lindsay.jpg,https://ts2.explicit.bing.net/th?id=OIP.Yqtijt4i6LpmlO-Dw4YzcwHaEj&pid=15.1,,,,,,,,,Bing Images,review-required,2026-07-31T04:28:09.491910+00:00
f1517e71ea55fb6d51c1,Amy Lindsay,"Amy Lindsay's Instagram, Twitter & Facebook on IDCrawl",https://www.idcrawl.com/amy-lindsay,https://alchetron.com/cdn/amy-lindsay-a2fc0225-9f3b-4424-9e86-6b44fa78f7c-resize-750.jpeg,https://ts1.explicit.bing.net/th?id=OIP.IEJ1kAwctaf8riHTMO0NJwHaNH&pid=15.1,,,,,,,,,Bing Images,review-required,2026-07-31T04:28:09.491910+00:00
bd7de58c38d0ccaf4eb8,Amy Lindsay,"Amy Lindsay: Películas, biografía y listas en MUBI",https://mubi.com/es/cast/amy-lindsay,https://images.mubicdn.net/images/cast_member/188869/cache-318922-1520577395/image-w856.jpg,https://ts1.mm.bing.net/th?id=OIP.gi3czoYlzcfIRZZaoiZoqwHaIy&pid=15.1,,,,,,,,,Bing Images,review-required,2026-07-31T04:28:09.491910+00:00
534349e8ee53e7781c90,Amy Lindsay,"Meet Amy Lindsay, the porn actress who starred in a Ted Cruz ad",https://www.mysanantonio.com/news/local/politics/article/Meet-Amy-Lindsay-the-porn-actress-who-starred-in-6825990.php,https://s.hdnux.com/photos/43/65/15/9392983/3/1200x0.jpg,https://ts4.mm.bing.net/th?id=OIP.HnYfn3QP1h9rG2Lnr72idQHaEw&pid=15.1,,,,,,,,,Bing Images,review-required,2026-07-31T04:28:09.491910+00:00
16fdeb2c0263ac0bcaf2,Amy Lindsay,Picture of Amy Lindsay,https://www.listal.com/viewimage/9714724,https://ilarge.lisimg.com/image/9714724/740full-amy-lindsay.jpg,https://ts3.mm.bing.net/th?id=OIP.z7MWwv5LP6Wc_21dF0GdBgHaE7&pid=15.1,,,,,,,,,Bing Images,review-required,2026-07-31T04:28:09.491910+00:00
699288728d169fdfc873,Amy Lindsay,STAR TREK VOYAGER HEROES & VILLAINS AUTOGRAPH AMY LINDSAY AS LANA ...,https://www.ebay.com.au/itm/256134703550,https://i.ebayimg.com/images/g/pd8AAOSwwK9kqQyq/s-l500.jpg,https://ts3.mm.bing.net/th?id=OIP.BFXk-WWIXBdTpVT_yQu-PQAAAA&pid=15.1,,,,,,,,,Bing Images,review-required,2026-07-31T04:28:09.491910+00:00
01f53563d79b90bcbe88,Amy Lindsay,Star Trek Voyager Heroes Villains Amy Lindsay auto. card | eBay,https://www.ebay.com/itm/303059566925,https://i.ebayimg.com/images/g/y90AAOSwKk5cYlq4/s-l1600.jpg,https://ts2.mm.bing.net/th?id=OIP.rbXEKUXRny1EC8_uJEBLUgHaJg&pid=15.1,,,,,,,,,Bing Images,review-required,2026-07-31T04:28:09.491910+00:00
2019b42b992b3c5977b6,An Nanba,"'Invitación Nanba (Tamil) Lyrical | Kuberaa | Dhanush, Nagarjuna ...",https://videoblogs.com/musica/aditya-music-tamil-invitacion-nanba-tamil-lyrical-kuberaa-dhanush-nagarjuna-rashmika-sekhar-kammula-dsp,https://i.ytimg.com/vi/wAcXj8lx1Bo/maxresdefault.jpg,https://ts3.mm.bing.net/th?id=OIP.UQJCvYtHKb29D6sFZNz3MwHaEK&pid=15.1,,,,,,,,,Bing Images,review-required,2026-07-31T04:28:13.029106+00:00
b847ca039704bba820fc,An Nanba,Actors Born March 7,https://www.awardsandshows.com/features/7th-march.php,https://www.awardsandshows.com/images/an-nanba.jpg,https://ts1.mm.bing.net/th?id=OIP.fr3Z9yh1i2GvEjl0-FQXwgAAAA&pid=15.1,,,,,,,,,Bing Images,review-required,2026-07-31T04:28:13.029106+00:00
f45b0478000ea290434c,An Nanba,"An Nanba Biography: Wiki, Age, Career, Height, Weight, Boyfriend, Net ...",https://biographyexpress.com/an-nanba-biography-wiki-age-career-height-weight-boyfriend-net-worth-more/,https://biographyexpress.com/wp-content/uploads/An Nanba Biography-1773893920.webp,https://ts1.explicit.bing.net/th?id=OIP.qOTMFBKBpj41bRYC4Nia2gHaJ4&pid=15.1,,,,,,,,,Bing Images,review-required,2026-07-31T04:28:13.029106+00:00
3e36e3e1cf8c04e12ee4,An Nanba,How to Master the Art of SAMURAI WALK Vol.1 【Nanba Walking & Nanba ...,https://budojapan.com/aiki-jujutsu/nanba01/,https://budojapan.com/wp/wp-content/uploads/REED-NANBA.Still012.jpg,https://ts2.mm.bing.net/th?id=OIP.8GslPjuZZMuh1d2P-ex9dwHaEK&pid=15.1,,,,,,,,,Bing Images,review-required,2026-07-31T04:28:13.029106+00:00
841b240f2dcb3ab07894,An Nanba,How to Master the Art of SAMURAI WALK Vol.2 【Nanba Flow Movements ...,https://budojapan.com/aiki-jujutsu/nanba02/,https://budojapan.com/wp/wp-content/uploads/REED-NANBA.Still016.jpg,https://ts1.mm.bing.net/th?id=OIP.i3fnUuOR0w_1_vPCsoWUBgHaEK&pid=15.1,,,,,,,,,Bing Images,review-required,2026-07-31T04:28:13.029106+00:00
1e8b9a0eac4dea67135a,An Nanba,How to Master the Art of SAMURAI WALK Vol.3 【Nanba Flow Movements: the ...,https://budojapan.com/aiki-jujutsu/nanba03/,https://budojapan.com/wp/wp-content/uploads/REED-NANBA.Still032.jpg,https://ts1.mm.bing.net/th?id=OIP.ewSfiWgHmLJ_IH9mV__UswHaEK&pid=15.1,,,,,,,,,Bing Images,review-required,2026-07-31T04:28:13.029106+00:00
07e5ce93e89504ff5719,An Nanba,How to Master the Art of SAMURAI WALK Vol.5 【Nanba Accessories: the Art ...,https://budojapan.com/aiki-jujutsu/nanba05/,https://budojapan.com/wp/wp-content/uploads/REED-NANBA.Still051.jpg,https://ts1.mm.bing.net/th?id=OIP.XJPxSx3MQUQEU5Prph6lcQHaEK&pid=15.1,,,,,,,,,Bing Images,review-required,2026-07-31T04:28:13.029106+00:00
d9cfe97b25a582caa0f7,An Nanba,How to Master the Art of SAMURAI WALK Vol.5 【Nanba Accessories: the Art ...,https://budojapan.com/aiki-jujutsu/nanba05/,https://budojapan.com/wp/wp-content/uploads/REED-NANBA.Still061-1024x576.jpg,https://ts1.mm.bing.net/th?id=OIP.7MBSXi_sGfN0UvTCNOgeggHaEK&pid=15.1,,,,,,,,,Bing Images,review-required,2026-07-31T04:28:13.029106+00:00
2bbbdae6e028d59ed741,An Nanba,NEW VOD!! Nanba Walking Video series How to Master the Art of SAMURAI WALK,https://budojapan.com/samuraiwalk/,https://budojapan.com/wp/wp-content/uploads/REED-NANBA.Still033.jpg,https://ts4.mm.bing.net/th?id=OIP.YQPjtqHIebpTWVYjoYKFlwHaEK&pid=15.1,,,,,,,,,Bing Images,review-required,2026-07-31T04:28:13.029106+00:00
d4104cd460c65bb1a005,An Nanba,NEW VOD!! Nanba Walking Video series How to Master the Art of SAMURAI WALK,https://budojapan.com/samuraiwalk/,https://budojapan.com/swn/img/nanba_vol3.jpg,https://ts3.mm.bing.net/th?id=OIP.-aIupjReInmHWOkbGhD5VAAAAA&pid=15.1,,,,,,,,,Bing Images,review-required,2026-07-31T04:28:13.029106+00:00
2ba80fb9c3878cee763d,An Nanba,Namba Parks (なんばパークス Nanba Pākusu) is an office and shopping complex ...,https://www.pinterest.com/pin/410812797233226490/,https://i.pinimg.com/originals/eb/13/34/eb1334e253b01aee297b9049886ac5c0.jpg,https://ts1.mm.bing.net/th?id=OIP.8KCjSztirqbYnQ6o8E6l8AHaLG&pid=15.1,,,,,,,,,Bing Images,review-required,2026-07-31T04:28:13.029106+00:00
a35af21d1a301d44344a,An Nanba,SUPD-046 난바 안 | AVDBS,https://www.avdbs.com/menu/dvd.php?dvd_idx=789003,https://i1.avdbs.com/actor/a03/3802_n.jpg,https://ts1.explicit.bing.net/th?id=OIP.L9JvZ7fHcZ4FegYZsAdD9AAAAA&pid=15.1,,,,,,,,,Bing Images,review-required,2026-07-31T04:28:13.029106+00:00
00ad25faae4808393a0f,An Nanba,Sirens of the East: Ann Nanba 南波杏: Pure White,https://sirensoftheeast.blogspot.com/2011/09/ann-nanba-pure-white.html,https://3.bp.blogspot.com/-8d5hxNgboys/TmjC4wTuMHI/AAAAAAAADCE/ENqkryA_9Bw/s1600/0011-ann-nanba-11.jpg,https://ts3.mm.bing.net/th?id=OIP.n8JUFC-cvgY1NKhfHCf6KAHaFt&pid=15.1,,,,,,,,,Bing Images,review-required,2026-07-31T04:28:13.029106+00:00
c07d0f97a2f245693e30,An Nanba,Sirens of the East: Ann Nanba 南波杏: Pure White,https://sirensoftheeast.blogspot.com/2011/09/ann-nanba-pure-white.html,https://3.bp.blogspot.com/-QX2vhhgpEAg/TmjC2hozVjI/AAAAAAAADB4/PO8RtVnUQho/s1600/0008-ann-nanba-2.jpg,https://ts4.mm.bing.net/th?id=OIP.bXJ_7UekEx7b2Dy0yi1aDwHaLn&pid=15.1,,,,,,,,,Bing Images,review-required,2026-07-31T04:28:13.029106+00:00
0c1dca442e127d554cca,An Nanba,japanese sexy woman gallery: ann nanba,https://japanwomangallery.blogspot.com/2008/04/ann-nanba_26.html,https://3.bp.blogspot.com/_DdfOuWRgnjw/SBMv6VNgb7I/AAAAAAAAI0w/Dyw3pyn_8B8/s400/an+Nanba+(3).jpg,https://ts2.mm.bing.net/th?id=OIP.-glZrrVzbPMo64H8nYStCgAAAA&pid=15.1,,,,,,,,,Bing Images,review-required,2026-07-31T04:28:13.029106+00:00
13b4e5ebd82d695430f1,An Nanba,全一覽-亞洲 | 叢林百花 SorinHyakka,https://sorinhyakka.com/actresses/oriental/,https://sorinhyakka.com/wp-content/uploads/headshots-Nanba-An.jpg,https://ts2.explicit.bing.net/th?id=OIP.VvzgWGOe_ddTrjlVODFpOwAAAA&pid=15.1,,,,,,,,,Bing Images,review-required,2026-07-31T04:28:13.029106+00:00
e488beea48f8ffc5da72,Andrea Absolonová,Andrea Absolonová (1976–2004),https://ancestors.familysearch.org/en/L9C6-PHY/andrea-absolonova'-1976-2004,https://tree-portraits-pgp.familysearchcdn.org/rdxaq/thumb200s.jpg,https://ts2.explicit.bing.net/th?id=OIP.RCtWnlhfUkIatbtoCngMmAAAAA&pid=15.1,,,,,,,,,Bing Images,review-required,2026-07-31T04:28:14.452970+00:00
7d7e5095fbdfa06fd6ec,Andrea Absolonová,Andrea Absolonová - Její tělo - POSTAVY.cz,https://www.postavy.cz/andrea-absolonova/,https://www.postavy.cz/foto/andrea-absolonova-foto.jpg,https://ts1.mm.bing.net/th?id=OIP.-x_t7bfqA4e-9xa4vvc6TgAAAA&pid=15.1,,,,,,,,,Bing Images,review-required,2026-07-31T04:28:14.452970+00:00
8e5a59c4516ac602a2c6,Andrea Absolonová,Andrea Absolonová | Celebrity Blesk.cz,https://celebwiki.blesk.cz/osobnost/7970/andrea-absolonova/,https://1884403144.rsc.cdn77.org/foto/andrea-absolonova-lea-de-mae-pornoherecka-crop/Mzc0eDIzNi9jZW50ZXIvbWlkZGxlL2ZpbHRlcnM6cXVhbGl0eSg4NSk6bm9fdXBzY2FsZSgpOmZvY2FsKDI2MXg1MTM6Njk3eDEwMTApL2ltZw/8778104-crop.jpg?v=0&st=51ERlyCoct_uItbuiBKsCcXmWKGQkXI16BXJ3YFlP8U&ts=1600812000&e=0,https://ts3.mm.bing.net/th?id=OIP.MOGVkvZ2v-xBZuGf1J9ILwAAAA&pid=15.1,,,,,,,,,Bing Images,review-required,2026-07-31T04:28:14.452970+00:00
81851047d48afe08c58b,Andrea Absolonová,Andrea Absolonová | Heroine.cz,https://www.heroine.cz/tema/andrea-absolonova,https://nextpagemedia.s3.amazonaws.com/nextpagemedia/production/files/2023/01/30/08/40/32/2fea6afd-6a09-4e14-b1d2-cb5f46ae7cd1/jeji-telo-cover-verze.jpg,https://ts1.mm.bing.net/th?id=OIP.Yo2GgpIp_rn0QLpfyJvVLQHaE8&pid=15.1,,,,,,,,,Bing Images,review-required,2026-07-31T04:28:14.452970+00:00
3bee12c555bb7ef6f03b,Andrea Absolonová,"Andrea Absolonová – Lea De Mae: Kariéra, osobní život – nejnovější ...",https://www.extra.cz/tema/andrea-absolonova,https://media.extra.cz/static/img/2021/03/163556656-c98852-280x280.jpg,https://ts2.mm.bing.net/th?id=OIP.Du2Rg9yhfM9d6atGSvbAcAAAAA&pid=15.1,,,,,,,,,Bing Images,review-required,2026-07-31T04:28:14.452970+00:00
af1b19f0eec848233599,Andrea Absolonová,"Andrea Absolonová – Lea De Mae: Kariéra, osobní život – nejnovější ...",https://www.extra.cz/tema/andrea-absolonova,https://media.extralife.cz/static/img/2020/12/177e745-112053-a8.jpg,https://ts3.mm.bing.net/th?id=OIP.lOl2prZX4N8amNQIjEewLwHaFm&pid=15.1,,,,,,,,,Bing Images,review-required,2026-07-31T04:28:14.452970+00:00
38a1b609570cd1885611,Andrea Absolonová,"Andrea Absolonová: z olympijské naděje hvězdou filmů pro dospělé, život ...",https://medium.seznam.cz/clanek/blablabla-andrea-absolonova-z-olympijske-nadeje-hvezdou-filmu-pro-dospele-zivot-mlade-krasce-vzala-rakovina-216152,"https://d8-a.sdn.cz/d_8/c_imgrestricted_og_A/nDJ4VEZEqBMnoOHGsFKClWE/b209/a.webp?fl=cro,0,0,1536,864|res,1200,,1|jpg,80,,1",https://ts2.mm.bing.net/th?id=OIP.AyN7Oo0TBA4GI-U-82TjCQHaEK&pid=15.1,,,,,,,,,Bing Images,review-required,2026-07-31T04:28:14.452970+00:00
2144787d414d0cce00d8,Andrea Absolonová,"Joyce's Take: Andrea Absolonová, Who Was at Times Lea De Mae... a ...",https://joycestake.blogspot.com/2017/12/andrea-absolonova-who-was-at-times-lea.html,https://1.bp.blogspot.com/-lSW_FPlWAE0/WkF6ErA2ypI/AAAAAAAAL_g/eLsRL1gJSzA9G5ah8qZsgFyOjG3Ca7CeACLcBGAs/s1600/Z17.jpg,https://ts4.mm.bing.net/th?id=OIP.3TVYSqG-dgatjYoShqRSsAHaJr&pid=15.1,,,,,,,,,Bing Images,review-required,2026-07-31T04:28:14.452970+00:00
b8b0cc08f5433d6ed004,Andrea Absolonová,"Joyce's Take: Andrea Absolonová, Who Was at Times Lea De Mae... a ...",https://joycestake.blogspot.com/2017/12/andrea-absolonova-who-was-at-times-lea.html,https://1.bp.blogspot.com/-LWHIejQFkOU/WkF6BPcqkNI/AAAAAAAAL_c/ZzjSKeCKu489ZZFMJWXrgB6ZEaJzlG7TQCLcBGAs/s320/Z16.jpg,https://ts1.mm.bing.net/th?id=OIP.WpOWeQYwDyLEHvY76NP4MQAAAA&pid=15.1,,,,,,,,,Bing Images,review-required,2026-07-31T04:28:14.452970+00:00
bb57262fd02a5b43a395,Andrea Absolonová,"Joyce's Take: Andrea Absolonová, Who Was at Times Lea De Mae... a ...",https://joycestake.blogspot.com/2017/12/andrea-absolonova-who-was-at-times-lea.html,https://1.bp.blogspot.com/-qAhPWj7pDpk/WkF6NGpghLI/AAAAAAAAL_o/_0_wTzNnFGY8jZBkvKgp5xJGDX5owSRRQCLcBGAs/s1600/Z19.JPG,https://ts3.explicit.bing.net/th?id=OIP.eh5rlijEUcMlDqND86Gd3wHaLE&pid=15.1,,,,,,,,,Bing Images,review-required,2026-07-31T04:28:14.452970+00:00
f9efb43aaa15082be243,Andrea Absolonová,"Joyce's Take: Andrea Absolonová, Who Was at Times Lea De Mae... a ...",https://joycestake.blogspot.com/2017/12/andrea-absolonova-who-was-at-times-lea.html,https://3.bp.blogspot.com/-gwMSco0pcfc/WkF8DskdIaI/AAAAAAAAMBU/ps3M7Je6UR85rQBxq4pJUzcLcl0PzUxXACLcBGAs/s1600/Z44.JPG,https://ts3.mm.bing.net/th?id=OIP.SsvwLZDzUkgZPZWfWy4V4wAAAA&pid=15.1,,,,,,,,,Bing Images,review-required,2026-07-31T04:28:14.452970+00:00
6113caac6bef2b305c3f,Andrea Absolonová,Místo olympiády světovou pornohvězdou. Andreu Absolonovou zabil nádor ...,https://www.lidovky.cz/magazin/andrea-absolonova-zivot-olympiada-porno-jeji-telo.A150930_114917_lide_ELE/foto,https://1gr.cz/fotky/lidovky/15/094/org/MPR3bd4a0_LeaDeMae003_adj_XAT.jpg,https://ts3.mm.bing.net/th?id=OIP.iwWKFahzkveGV4sTZnCONAHaE9&pid=15.1,,,,,,,,,Bing Images,review-required,2026-07-31T04:28:14.452970+00:00
c98ec18dd1e84b51f55e,Andrea Absolonová,Nadějná sportovkyně Andrea Absolonová: Po úrazu začala točit filmy pro ...,https://medium.seznam.cz/clanek/eva-slachova-nadejna-sportovkyne-andrea-absolonova-po-urazu-zacala-tocit-filmy-pro-dospele-zemrela-mlada-30585,"https://d8-a.sdn.cz/d_8/c_imgrestricted_QK_M/rPbSg/andrea-absolonova.jpeg?fl=cro,0,695,2384,1341|res,1200,,1|jpg,80,,1",https://ts1.mm.bing.net/th?id=OIP.H4yjXkDezWC30tE8VjIPKAAAAA&pid=15.1,,,,,,,,,Bing Images,review-required,2026-07-31T04:28:14.452970+00:00
eec76bc1e0c0e6f2dacc,Andrea Absolonová,Tragický príbeh českej skokanky do vody Andrey Absolonovej,https://sport24.pluska.sk/ostatne/ostatne/tragicky-pribeh-ceskej-skokanky-vody-tazke-zranenie-ju-priviedlo-pornu,https://dam.production02.nmh.nmheagle.sk/api/image/1680x1260/7ad/7ad7026e-1ba1-11ef-b315-ca36e7882062.webp,https://ts4.mm.bing.net/th?id=OIP.z0FRUsQENibFZG4JaqxUyQHaFj&pid=15.1,,,,,,,,,Bing Images,review-required,2026-07-31T04:28:14.452970+00:00
6a30c04a81f7c6bc6cb2,Andrea Absolonová,True-Life Story Of Athlete’s Journey To Adult Films Will Shock You ...,https://www.timesnownews.com/entertainment-news/hollywood/her-body-true-life-story-of-athletes-journey-to-adult-films-will-shock-you-article-113189130,"https://static.tnn.in/thumb/msid-113190145,thumbsize-62598,width-1280,height-720,resizemode-75/113190145.jpg",https://ts1.mm.bing.net/th?id=OIP.9yXxdxqQ--kdwRF-rwbjXwHaEK&pid=15.1,,,,,,,,,Bing Images,review-required,2026-07-31T04:28:14.452970+00:00
4b44a1acd10bbbc6b0bb,Andrea Absolonová,"Z plaveckej šampiónky slávna pornohviezda! Príbeh, ktorý vás dostane",https://www1.pluska.sk/gal/soubiznis/domaci-soubiznis/plaveckej-sampionky-slavna-pornohviezda-pribeh-ktry-vas-dostane/24,https://dam.nmhmedia.sk/image/a90e22df-55d4-4a58-ab09-ace4d96a55d0_dam-urlxkbsys.jpg/1024/0,https://ts4.mm.bing.net/th?id=OIP.jD0ZiIGHgxLkuk6hyjlKuQHaHa&pid=15.1,,,,,,,,,Bing Images,review-required,2026-07-31T04:28:14.452970+00:00
fc377d79185ee5b4c48f,Andrea Absolonová,Zo skokanskej veže k pornofilmu. Šokujúca dráma o športovkyni - Film a ...,https://kultura.pravda.sk/film-a-televizia/clanok/640071-zo-skokanskej-veze-k-pornofilmu-sokujuci-film-o-sportovkyni/,https://ipravda.sk/res/2022/09/12/thumbs/andrea-absolonova-clanokW.jpg,https://ts1.mm.bing.net/th?id=OIP.iD6YpxNgBuGdRur4ZbkDUgHaEK&pid=15.1,,,,,,,,,Bing Images,review-required,2026-07-31T04:28:14.452970+00:00
2a5a0ceed35f10b9b949,Andrea True,"'More, More, More': The Search for Andrea True, and the Creation of a ...",https://www.therialtoreport.com/2017/05/21/andrea-true-2/,https://www.therialtoreport.com/wp-content/uploads/2017/05/RR-Andrea-True-02.jpg,https://ts2.mm.bing.net/th?id=OIP.3BJjks37hFVhNYIZtGGWjwHaHd&pid=15.1,,,,,,,,,Bing Images,review-required,2026-07-31T04:28:15.915748+00:00
2ae7c8e23ac600bc31c9,Andrea True,Andrea True Connection Album and Singles Chart History | Music Charts ...,http://www.musicchartsarchive.com/artists/andrea-true-connection,http://www.musicchartsarchive.com/sites/default/files/artists/true-andrea.jpg,https://ts3.mm.bing.net/th?id=OIP.IvBSZef5YFF8X6YmJ2P_igAAAA&pid=15.1,,,,,,,,,Bing Images,review-required,2026-07-31T04:28:15.915748+00:00
23497ac66942012d2f3c,Andrea True,"Andrea True Connection ~ More, More, More 1976 Disco Purrfection Version",https://music.youtube.com/watch?v=-DdPJhUUkTk,https://i.ytimg.com/vi/-DdPJhUUkTk/maxresdefault.jpg?sqp=-oaymwEmCIAKENAF8quKqQMa8AEB-AH-CYAC0AWKAgwIABABGH8gNShAMA8=&rs=AOn4CLBSA6bLJwolVoWE-zo45HXN6MsctQ,https://ts3.mm.bing.net/th?id=OIP.x6ZiEsdCXYRbKOCyjmkMLwHaEK&pid=15.1,,,,,,,,,Bing Images,review-required,2026-07-31T04:28:15.915748+00:00
9f36d309bc15f59b9c00,Andrea True,"Andrea True Connection’s “More, More, More” Is Get-Up-And-Dance Classic ...",https://variety.show/watch/v=4604c05/,https://variety.show/wp-content/uploads/2020/05/PIN-Andrea-True-Connections-More-More-More-Is-Get-Up-And-Dance-Classic-2.jpg,https://ts3.mm.bing.net/th?id=OIP.TOMHKtrQ8LdB0yb1uEshNAHaLH&pid=15.1,,,,,,,,,Bing Images,review-required,2026-07-31T04:28:15.915748+00:00
5d607bde2b7798d72de1,Andrea True,"Andrea True – More More More (2007, 256 kbps, File) - Discogs",https://www.discogs.com/release/24294326-Andrea-True-More-More-More,https://i.discogs.com/DOOyarLe2oFy0hlXHEZtXVWeICuejjP-cULjXjgHl98/rs:fit/g:sm/q:90/h:600/w:600/czM6Ly9kaXNjb2dz/LWRhdGFiYXNlLWlt/YWdlcy9SLTI0Mjk0/MzI2LTE2NjEyOTU3/ODMtNjY0OC5qcGVn.jpeg,https://ts1.mm.bing.net/th?id=OIP.x412uqaD-u4XFqkO6V14cAHaHa&pid=15.1,,,,,,,,,Bing Images,review-required,2026-07-31T04:28:15.915748+00:00
28246176b8e302c94aa9,Andrea True,"Andrea True, who sang More More More, dies aged 68 - BBC News",https://www.bbc.com/news/entertainment-arts-15908790,https://ichef.bbci.co.uk/news/1024/media/images/56963000/jpg/_56963805_56963713.jpg,https://ts2.mm.bing.net/th?id=OIP.I53tmv7Q2fQsc2OEedNVGgHaEK&pid=15.1,,,,,,,,,Bing Images,review-required,2026-07-31T04:28:15.915748+00:00
db39884023a82d5f7732,Andrea True,"Andrea True, who sang More More More, dies aged 68 - BBC News",https://www.bbc.com/news/entertainment-arts-15908790,https://ichef.bbci.co.uk/news/624/mcs/media/images/56963000/jpg/_56963706_56963705.jpg,https://ts2.mm.bing.net/th?id=OIP.6f1tVGRgE1Q12WroKLfJxQHaEK&pid=15.1,,,,,,,,,Bing Images,review-required,2026-07-31T04:28:15.915748+00:00
553111a9bd0dd10f18d7,Andrea True,"Andrea True: Disco diva of 'More, More, More' fame | The Independent ...",https://www.independent.co.uk/news/obituaries/andrea-true-disco-diva-of-more-more-more-fame-6268171.html,https://static.independent.co.uk/s3fs-public/thumbnails/image/2011/11/25/21/50-true.jpg?quality=75&width=1200&auto=webp,https://ts4.mm.bing.net/th?id=OIP.2_qPsYKl9CkMDmNQR4S2WwHaJ4&pid=15.1,,,,,,,,,Bing Images,review-required,2026-07-31T04:28:15.915748+00:00
62b028bb7cefa2f8b911,Andrea True,Andrea True: Her Last Interview - Podcast 70 - The Rialto Report,https://www.therialtoreport.com/2017/06/11/andrea-true/,https://www.therialtoreport.com/wp-content/uploads/2017/06/RR-IMG_2684.jpg,https://ts3.mm.bing.net/th?id=OIP.oshnoIin9TgF99YFJBvqAwHaF9&pid=15.1,,,,,,,,,Bing Images,review-required,2026-07-31T04:28:15.915748+00:00
74c46b90336809a11605,Andrea True,Hysterically Assertive.: ANDREA TRUE: FROM PORNSTAR TO UNSUNG DISCO DIVA,https://hystericallyassertive.blogspot.com/2013/08/andrea-true-from-pornstar-to-unsung.html,https://1.bp.blogspot.com/-FTTvMN6Fxzw/UhDRYFc7bxI/AAAAAAAABhc/rF1ZSZcSOmQ/s1600/ANDREA+TRUE+-+MORE+MORE+MORE+IMPORT+-+FULL+SIZE.jpg,https://ts2.mm.bing.net/th?id=OIP.1ffm1uYY5ytakVXCCanoaQHaHV&pid=15.1,,,,,,,,,Bing Images,review-required,2026-07-31T04:28:15.915748+00:00
694ed77b863e593b08b0,Andrea True,MORE MORE MORE (EN ESPAÑOL) - Andrea True Connection - LETRAS.COM,https://www.letras.com/andrea-true-connection/392094/traduccion.html,https://akamai.sscdn.co/uploadfile/letras/fotos/3/1/8/c/318c3b2666c77ada14e3e468b3cc14ab.jpg,https://ts3.mm.bing.net/th?id=OIP.b52GeNTnOI1oocsMtL3fugHaI6&pid=15.1,,,,,,,,,Bing Images,review-required,2026-07-31T04:28:15.915748+00:00
9449283aa9080ea70a10,Andrea True,"More, More, More de Andrea True - Noticias251",https://noticias251.com/2022/05/14/more-more-more-de-andrea-true/,https://noticias251.com/wp-content/uploads/2022/05/Andrea-True..jpg,https://ts2.mm.bing.net/th?id=OIP.ccYoYLdJW7L11bwXoHUSKwHaEo&pid=15.1,,,,,,,,,Bing Images,review-required,2026-07-31T04:28:15.915748+00:00
7c6daa0662fb89385530,Andrea True,"More, More, More | Andrea True Connection | Cleopatra Records",https://cleopatrarecords.bandcamp.com/album/more-more-more,https://f4.bcbits.com/img/0028354815_10.jpg,https://ts4.mm.bing.net/th?id=OIP.CKbx9RA5ej_0Ty6hpi5HkQHaHa&pid=15.1,,,,,,,,,Bing Images,review-required,2026-07-31T04:28:15.915748+00:00
8d348429aafcd525f39c,Andrea True,"Música Disco: Quem era Andrea True Connection, ícone de ‘’More, More ...",https://radiosocialplusbrasil.com.br/quem-era-andrea-true-icone-de-more-more-more/,https://radiosocialplusbrasil.com.br/wp-content/uploads/2024/07/MUSICA-EM-PAUTA-RADIO-SOCIAL-PLUIS-BRASIL-ANDREA-TRUE.jpg,https://ts4.mm.bing.net/th?id=OIP.UPmfKlwD_F-34YiTN455UgHaEK&pid=15.1,,,,,,,,,Bing Images,review-required,2026-07-31T04:28:15.915748+00:00
1ec39863984c014219fb,Andrea True,"The Andrea True Connection - More, More, More (Disco Music 1975) (Album ...",https://www.youtube.com/watch?v=AJUlThw2jf4,https://i.ytimg.com/vi/AJUlThw2jf4/maxresdefault.jpg,https://ts3.mm.bing.net/th?id=OIP.hyRI2EGI4NEPLHmEDsI8-wHaEK&pid=15.1,,,,,,,,,Bing Images,review-required,2026-07-31T04:28:15.915748+00:00
7a06aef2d470cdf39a16,Andrea True,Top Disco Songs of All Time: Giorgio Moroder's Favorites,https://www.billboard.com/lists/top-disco-songs-all-time/,https://www.billboard.com/wp-content/uploads/2022/05/Andrea-True-Connection–More-More-More-billboard-1240.jpg,https://ts1.mm.bing.net/th?id=OIP.q6PtSG2Kb48xQm--Mp2s8wHaJq&pid=15.1,,,,,,,,,Bing Images,review-required,2026-07-31T04:28:15.915748+00:00
980264e1f386d79573d6,Andrea True,‎More More More (Re-Recorded - Sped Up) - EP by Andrea True Connection ...,https://music.apple.com/us/album/more-more-more-re-recorded-sped-up-ep/1685926803,https://is1-ssl.mzstatic.com/image/thumb/Music126/v4/37/9c/48/379c4816-7d5b-fc58-29bd-73005a2b8885/889466446870.jpg/1200x1200bf-60.jpg,https://ts3.mm.bing.net/th?id=OIP._Qt7HpxYa2R5c6pYVvtrrQHaHa&pid=15.1,,,,,,,,,Bing Images,review-required,2026-07-31T04:28:15.915748+00:00
a67371fe97e65cba2180,Andrea True,"“More, More, More”: Andrea True and the Jamaican Connection",https://jamaicans.com/the-story-of-more-more-more-andrea-true-and-the-jamaican-connection/,https://jamaicans.com/wp-content/uploads/2026/03/The-Story-of-More-More-More-Andrea-True-and-the-Jamaican-Connection-1536x864.jpg,https://ts4.mm.bing.net/th?id=OIP.mmfWJU2EGw6bYf-arJSc7QHaEK&pid=15.1,,,,,,,,,Bing Images,review-required,2026-07-31T04:28:15.915748+00:00
53b80b7a8d87b1f8c285,Angel Kelly,An Angel - Kelly Family - YouTube,https://www.youtube.com/watch?v=LTm9ui-26F0,https://i.ytimg.com/vi/LTm9ui-26F0/maxresdefault.jpg?sqp=-oaymwEmCIAKENAF8quKqQMa8AEB-AH-CYAC0AWKAgwIABABGGUgXyhQMA8=&rs=AOn4CLBoEGG5tjleLbb36Jyb4idjMUZfbQ,https://ts1.mm.bing.net/th?id=OIP.NpCSM8wjfDXaiG22hhhvOgHaEK&pid=15.1,,,,,,,,,Bing Images,review-required,2026-07-31T04:28:19.242103+00:00
81f241e9b719bfab4b5e,Angel Kelly,"Angel Kelly - Facts, Bio, Career, Net Worth | AidWiki",https://aidwiki.com/angel-kelly,https://aidwiki.com/images/wiki/origin/angel_kelly_aidwiki_1.jpg,https://ts1.mm.bing.net/th?id=OIP.tk4rABejDLt7tTG7o5M2KwHaIY&pid=15.1,,,,,,,,,Bing Images,review-required,2026-07-31T04:28:19.242103+00:00
193d89f92a295e5ddf7b,Angel Kelly,Angel Kelly by jeffra1967 on DeviantArt,https://www.deviantart.com/jeffra1967/art/Angel-Kelly-1015686987,https://images-wixmp-ed30a86b8c4ca887773594c2.wixmp.com/f/52fb69d0-50dc-41d1-8aa4-d190066729d5/dgspp3f-f3178951-9105-408e-bb86-129b689cd93c.jpg?token=eyJ0eXAiOiJKV1QiLCJhbGciOiJIUzI1NiJ9.eyJzdWIiOiJ1cm46YXBwOjdlMGQxODg5ODIyNjQzNzNhNWYwZDQxNWVhMGQyNmUwIiwiaXNzIjoidXJuOmFwcDo3ZTBkMTg4OTgyMjY0MzczYTVmMGQ0MTVlYTBkMjZlMCIsIm9iaiI6W1t7InBhdGgiOiJcL2ZcLzUyZmI2OWQwLTUwZGMtNDFkMS04YWE0LWQxOTAwNjY3MjlkNVwvZGdzcHAzZi1mMzE3ODk1MS05MTA1LTQwOGUtYmI4Ni0xMjliNjg5Y2Q5M2MuanBnIn1dXSwiYXVkIjpbInVybjpzZXJ2aWNlOmZpbGUuZG93bmxvYWQiXX0.rD7U76pXTsD2eyJnKn2PolIJ14SieVf7bvOK_fwJj9c,https://ts3.mm.bing.net/th?id=OIP.ixpAZdK7T_aZ4V7mUIKXBAHaHa&pid=15.1,,,,,,,,,Bing Images,review-required,2026-07-31T04:28:19.242103+00:00
4f998bd4d55c72f20239,Angel Kelly,"Angel Kelly editorial image. Image of shrine, angel, caldwell - 25134475",https://www.dreamstime.com/royalty-free-stock-photo-angel-kelly-image25134475,https://thumbs.dreamstime.com/z/angel-kelly-25134475.jpg,https://ts1.mm.bing.net/th?id=OIP.uWnPHJ2OPhI2F8TXMftnKAHaLx&pid=15.1,,,,,,,,,Bing Images,review-required,2026-07-31T04:28:19.242103+00:00
4a687676b32f3f76f1b8,Angel Kelly,Angel Kelly: A Trailblazer in the Mature Film Industry – iconsofsin.com,https://iconsofsin.com/angel-kelly-a-trailblazer-in-the-mature-film-industry/,https://i.ytimg.com/vi/OvQAv36sgEM/maxresdefault.jpg,https://ts1.mm.bing.net/th?id=OIP.v0bbRyftHtzhF5EQdtksdAHaEK&pid=15.1,,,,,,,,,Bing Images,review-required,2026-07-31T04:28:19.242103+00:00
bcf51fb0fd51801a9453,Angel Kelly,Angel Kelly: Breaking Racial Barriers in the Mature Film Industry ...,https://iconsofsin.com/angel-kelly-breaking-racial-barriers-in-the-mature-film-industry/,https://iconsofsin.com/wp-content/uploads/2025/04/angel-kelly-breaking-racial-barriers-in-the-mature-film-industry-1080x608.jpg,https://ts3.mm.bing.net/th?id=OIP.1Tiw_LVw6MQuy3Wtwx7lIwHaEK&pid=15.1,,,,,,,,,Bing Images,review-required,2026-07-31T04:28:19.242103+00:00
21cc8edcd524330e6a8e,Angel Kelly,Angel Kelly: Giving You the Best That I Got - Podcast 99 - The Rialto ...,https://www.therialtoreport.com/2020/06/28/angel-kelly/,https://www.therialtoreport.com/wp-content/uploads/2020/06/RR_Angel_Now1.jpg,https://ts2.explicit.bing.net/th?id=OIP.t4-RLgHA2e_P6S0GWAkfVwAAAA&pid=15.1,,,,,,,,,Bing Images,review-required,2026-07-31T04:28:19.242103+00:00
153fb8813a1f6fe7affe,Angel Kelly,Angel kelly hi-res stock photography and images - Alamy,https://www.alamy.com/stock-photo/angel-kelly.html,https://c8.alamy.com/comp/T56W57/los-angeles-ca-february-25-2006-angel-kelly-caldwell-at-the-37th-annual-naacp-image-awards-at-the-shrine-auditorium-los-angeles-2006-paul-smith-featureflash-T56W57.jpg,https://ts4.mm.bing.net/th?id=OIP.6uxIWMtsry5Z0UMncaB7fAHaL7&pid=15.1,,,,,,,,,Bing Images,review-required,2026-07-31T04:28:19.242103+00:00
d819b4da895bd9d4fe9e,Angel Kelly,Charlies Angels Kelly Lynch Kelly Lynch TV Guide,https://fity.club/lists/suggestions/Charlies-Angels-Kelly-Lynch/,https://imagez.tmz.com/image/74/1by1/2024/01/17/748248ccbe664691a2079ede9526f6de_xl.jpg,https://ts1.mm.bing.net/th?id=OIP.rlRRIZMSebiISGObsHcxYwHaHa&pid=15.1,,,,,,,,,Bing Images,review-required,2026-07-31T04:28:19.242103+00:00
84a6a67499681f11fb72,Angel Kelly,Former Adult Film Star Angel Kelly BrinkTV Interview {NSFW} {NOT ...,https://www.youtube.com/watch?v=LOZzQykqiLk,https://i.ytimg.com/vi/LOZzQykqiLk/maxresdefault.jpg?sqp=-oaymwEmCIAKENAF8quKqQMa8AEB-AHUBoAC4AOKAgwIABABGGMgYyhjMA8=&rs=AOn4CLDIczGYZ-n81Yg3YXk1AXXm9bO86A,https://ts4.mm.bing.net/th?id=OIP.KpiCMWzFvZnOM5ge1_rNewHaEK&pid=15.1,,,,,,,,,Bing Images,review-required,2026-07-31T04:28:19.242103+00:00
7d4bc4b7d8e8c6cebf06,Angel Kelly,Kelly Lynch Charlies Angels 2000 Charlie's Angels (2000) • 20 Years,https://fity.club/lists/suggestions/kelly-lynch-charlies-angels-2000/,https://c8.alamy.com/comp/HCBN0G/charlies-angels-kelly-lynch-2000-c-columbiacourtesy-everett-collection-HCBN0G.jpg,https://ts2.mm.bing.net/th?id=OIP.YEGsOBbgYXrFH0nKTeBwHgHaFd&pid=15.1,,,,,,,,,Bing Images,review-required,2026-07-31T04:28:19.242103+00:00
a7864f7c625a96827e4d,Angel Kelly,Michael Patrick Kelly is a songwriter,https://artists.spotify.com/songwriter/3rjukJRbduRnGwB37rZgx7,https://i.scdn.co/image/ab67616d0000b273478a893e8b718c62834eb74c,https://ts1.mm.bing.net/th?id=OIP.5xsrsPKySs5LEveLZBZ3YgHaHa&pid=15.1,,,,,,,,,Bing Images,review-required,2026-07-31T04:28:19.242103+00:00
ea0d76f5082ea7e0a3a3,Angel Kelly,Oral Majority 7 – Movie Details,https://themoviething.com/results.php?id=752369,https://image.tmdb.org/t/p/w500/t7yiJ9Jx8gEcGdDj7are9x7jfu0.jpg,https://ts1.mm.bing.net/th?id=OIP.r5QgvzG7zshfpTam4HyFYgHaLH&pid=15.1,,,,,,,,,Bing Images,review-required,2026-07-31T04:28:19.242103+00:00
92f33bf600ac28592e02,Angel Kelly,The legendary adult actress (pornstar) Angel Kelly on BET around 1989 ...,https://www.youtube.com/watch?v=wayVVTYncQ0,https://i.ytimg.com/vi/wayVVTYncQ0/maxresdefault.jpg,https://ts2.mm.bing.net/th?id=OIP.PkyvYWDfbmX0YwR6gt7GiQHaEK&pid=15.1,,,,,,,,,Bing Images,review-required,2026-07-31T04:28:19.242103+00:00
d9ad8f68627027c40179,Angel Kelly,Whatever happened to the Pornstar Angel Kelly? - YouTube,https://www.youtube.com/watch?v=skdi6L8FRLM,https://i.ytimg.com/vi/skdi6L8FRLM/maxresdefault.jpg,https://ts1.explicit.bing.net/th?id=OIP.8sdXq8rNG_BWcvO1sCud7QHaEK&pid=15.1,,,,,,,,,Bing Images,review-required,2026-07-31T04:28:19.242103+00:00
fc277abcae6bd81edb7b,Angel Kelly,"Wo entstand eigentlich das ""An Angel""-Cover der Kellys? | 90s90s",https://www.90s90s.de/an-angel-cover-kelly-family,https://images.90s90s.de/files/2020-11/kelly-family-an-angel.png?h=&rect=0%2C0%2C794%2C596&w=625,https://ts1.mm.bing.net/th?id=OIP.RDOMmNXcTFm9Ffgo1NymfwHaFj&pid=15.1,,,,,,,,,Bing Images,review-required,2026-07-31T04:28:19.242103+00:00
9c1cce3c76f8f4756b3c,Angela White,Actrice de films pour adultes Angela White assiste aux XBIZ Awards à l ...,https://www.alamyimages.fr/actrice-de-films-pour-adultes-angela-white-assiste-aux-xbiz-awards-a-l-hotel-the-westin-bonaventure-a-los-angeles-usa-le-17-janvier-2019-dans-le-monde-d-utilisation-image232025586.html,https://c8.alamy.com/compfr/rddk02/actrice-de-films-pour-adultes-angela-white-assiste-aux-xbiz-awards-a-l-hotel-the-westin-bonaventure-a-los-angeles-usa-le-17-janvier-2019-dans-le-monde-d-utilisation-rddk02.jpg,https://ts4.mm.bing.net/th?id=OIP.xwAFhTTwcHD5ECtVLEtq5AHaM0&pid=15.1,,,,,,,,,Bing Images,review-required,2026-07-31T04:28:20.710087+00:00
e50226e05f18b1e2dc25,Angela White,Angela White - Profile Images — The Movie Database (TMDB),https://www.themoviedb.org/person/1535848-angela-white/images/profiles,https://www.themoviedb.org/t/p/original/4YArEocnplmnMP1c7W9fESwRGJc.jpg,https://ts4.mm.bing.net/th?id=OIP.qVaRmHaN1gzU1YlPVSRrhQHaLF&pid=15.1,,,,,,,,,Bing Images,review-required,2026-07-31T04:28:20.710087+00:00
2524d10de4fa2da7e9b1,Angela White,"Angela White Biography, Recognitions, Net Worth, Age And Social Media ...",https://onlywikis.com/angela-white/,https://onlywikis.com/wp-content/uploads/2023/06/angela-white-awards.jpg,https://ts3.mm.bing.net/th?id=OIP.zqSV4rv3XvtDpOhC-rnTcwHaEK&pid=15.1,,,,,,,,,Bing Images,review-required,2026-07-31T04:28:20.710087+00:00
a79d8b3a801d7c3287d2,Angela White,Angela White High Resolution Stock Photography and Images - Alamy,https://www.alamy.com/stock-photo/angela-white.html,https://c8.alamy.com/comp/2CAKX2X/los-angeles-jan-16-angela-white-at-the-2020-xbiz-awards-at-the-jw-marriot-la-live-on-january-16-2020-in-los-angeles-ca-2CAKX2X.jpg,https://ts1.mm.bing.net/th?id=OIP.m7AgNtlU66icVo6zan1BGwHaL4&pid=15.1,,,,,,,,,Bing Images,review-required,2026-07-31T04:28:20.710087+00:00
24a33bca8dc9883d322d,Angela White,Angela White at XBIZ Awards 2023 : r/ClassyPornstars,https://www.reddit.com/r/ClassyPornstars/comments/10gdd4g/angela_white_at_xbiz_awards_2023/,https://preview.redd.it/angela-white-at-xbiz-awards-2023-v0-4zt8clphf2da1.jpg?width=698&format=pjpg&auto=webp&s=97ab61cd7a9cd1b09e2445d6421a41d52311c3e1,https://ts2.mm.bing.net/th?id=OIP.gT13RBgxdDCj4SC8rAnclQHaLd&pid=15.1,,,,,,,,,Bing Images,review-required,2026-07-31T04:28:20.710087+00:00
f7083250edd9f94d779d,Angela White,"Angela White at arrivals for 2019 XBIZ Awards, Westin Bonaventure Hotel ...",https://www.alamy.com/angela-white-at-arrivals-for-2019-xbiz-awards-westin-bonaventure-hotel-los-angeles-ca-january-17-2019-photo-by-priscilla-granteverett-collection-image232027893.html,https://c8.alamy.com/comp/RDDNXD/angela-white-at-arrivals-for-2019-xbiz-awards-westin-bonaventure-hotel-los-angeles-ca-january-17-2019-photo-by-priscilla-granteverett-collection-RDDNXD.jpg,https://ts3.mm.bing.net/th?id=OIP._D5FpKD8CMcEOPdkM4V1_AHaL4&pid=15.1,,,,,,,,,Bing Images,review-required,2026-07-31T04:28:20.710087+00:00
05faeb3ff368655b4dd3,Angela White,Angela White attends the 2023 XBIZ Awards held at Hollywood Palladium ...,https://www.gettyimages.ca/detail/news-photo/angela-white-attends-the-2023-xbiz-awards-held-at-hollywood-news-photo/1457224142,https://media.gettyimages.com/id/1457224142/photo/2023-xbiz-awards.jpg?s=1024x1024&w=gi&k=20&c=CKVxaHN9LPvhvpuh-PNLUOTCSZbGKtX62amAjYr-Wno=,https://ts4.mm.bing.net/th?id=OIP.PvO0QzhFcc324nqivHeJuAHaLQ&pid=15.1,,,,,,,,,Bing Images,review-required,2026-07-31T04:28:20.710087+00:00
dd736811513ee5883d73,Angela White,"Angela White's Instagram, Twitter & Facebook on IDCrawl",https://www.idcrawl.com/angela-white,https://image.tmdb.org/t/p/original/yXTkk1CrUeGt2gQNYASQveGMfny.jpg,https://ts4.explicit.bing.net/th?id=OIP.oxnV4Mq6ZalDhY01IRfQxAHaLH&pid=15.1,,,,,,,,,Bing Images,review-required,2026-07-31T04:28:20.710087+00:00
4d59e908ddb926c54f59,Angela White,Angela white hi-res stock photography and images - Alamy,https://www.alamy.com/stock-photo/angela-white.html,https://c8.alamy.com/comp/2AAMBHY/november-21-2019-los-angeles-ca-usa-los-angeles-nov-21-angela-white-at-the-2020-avn-awards-nominations-party-at-the-avalon-on-november-21-2019-in-los-angeles-ca-credit-image-kay-blakezuma-wire-2AAMBHY.jpg,https://ts2.mm.bing.net/th?id=OIP.oPHWEJKhZwKaMGpvgmaEEAHaL9&pid=15.1,,,,,,,,,Bing Images,review-required,2026-07-31T04:28:20.710087+00:00
68f555648b45281f1469,Angela White,Angela white hi-res stock photography and images - Alamy,https://www.alamy.com/stock-photo/angela-white.html,https://c8.alamy.com/comp/2AAKG1F/los-angeles-ca-21st-nov-2019-angela-white-at-arrivals-for-adult-video-news-avn-awards-nomination-party-avalon-hollywood-los-angeles-ca-november-21-2019-credit-priscilla-granteverett-collectionalamy-live-news-2AAKG1F.jpg,https://ts1.mm.bing.net/th?id=OIP.SuYFpVGmmzH1U9CxrGz88gHaL9&pid=15.1,,,,,,,,,Bing Images,review-required,2026-07-31T04:28:20.710087+00:00
7db44bf9c84eb9a41d46,Angela White,Angela white hi-res stock photography and images - Alamy,https://www.alamy.com/stock-photo/angela-white.html,https://c8.alamy.com/comp/2ANWJTD/angela-white-attends-the-2020-xbiz-awards-at-hotel-westin-bonaventure-in-los-angeles-usa-on-16-january-2020-usage-worldwide-2ANWJTD.jpg,https://ts3.mm.bing.net/th?id=OIP.iig2n3VRD8VGIUJoXrTURAHaLw&pid=15.1,,,,,,,,,Bing Images,review-required,2026-07-31T04:28:20.710087+00:00
b7eefce371b667179f66,Angela White,Aussie porn star Angela White gives film studies lectures at university ...,https://www.news.com.au/lifestyle/relationships/sex/aussie-porn-star-angela-white-gives-film-studies-lectures-at-university/news-story/d993d34326cf98090fd405b424530730,https://content.api.news/v3/images/bin/b8207d2918910e19e7a19526fc4cb8cb,https://ts2.explicit.bing.net/th?id=OIP.LZ0-kOMzugG5fxHyl-BRowHaFj&pid=15.1,,,,,,,,,Bing Images,review-required,2026-07-31T04:28:20.710087+00:00
38e32d2d1c831a47c129,Angela White,Australia's biggest porn star Angela White on what men do WRONG in the ...,https://www.dailymail.co.uk/tvshowbiz/article-11437047/Australias-biggest-porn-star-Angela-White-men-WRONG-bedroom.html,https://i.dailymail.co.uk/1s/2022/11/18/14/64629099-11437047-In_2020_Angela_made_history_by_becoming_the_first_three_time_Fem-a-56_1668780197706.jpg,https://ts3.mm.bing.net/th?id=OIP.tp0_zCQzgkyTMB7mRkC8BwHaJW&pid=15.1,,,,,,,,,Bing Images,review-required,2026-07-31T04:28:20.710087+00:00
246fc977f0e80c409590,Angela White,Porn star Angela White breaks silence on reports she 'almost died',https://nypost.com/2023/03/29/porn-star-angela-white-breaks-silence-on-reports-she-almost-died/,https://nypost.com/wp-content/uploads/sites/2/2023/03/NYPICHPDPICT000004888392.jpg,https://ts1.mm.bing.net/th?id=OIP.BOQfbR9Ym6GUe2BQ3JddTQHaFO&pid=15.1,,,,,,,,,Bing Images,review-required,2026-07-31T04:28:20.710087+00:00
960555389ae48180f350,Angela White,Porn star Angela White breaks silence on reports she 'almost died',https://nypost.com/2023/03/29/porn-star-angela-white-breaks-silence-on-reports-she-almost-died/,https://nypost.com/wp-content/uploads/sites/2/2023/03/NYPICHPDPICT000008936139.jpg,https://ts4.mm.bing.net/th?id=OIP.hIrZyFe1WpYUgBAUdBg6JAHaFN&pid=15.1,,,,,,,,,Bing Images,review-required,2026-07-31T04:28:20.710087+00:00
3a33c4a57658d793d398,Angela White,Porn star Angela White on the best part of her career | news.com.au ...,https://www.news.com.au/lifestyle/relationships/sex/porn-will-never-get-better-than-this/news-story/145e32ec23562b903e73d0c31e36fbac,https://content.api.news/v3/images/bin/c90264c1170873c79f79d1139ac726df,https://ts4.mm.bing.net/th?id=OIP.Vmvk5RLYUjjZNn_CtomaWwHaFj&pid=15.1,,,,,,,,,Bing Images,review-required,2026-07-31T04:28:20.710087+00:00
fc3c9ddd1f5d4d33ccf4,Angela White,Porn star Angela White says politics is ‘too sleazy’ for her | Herald Sun,https://www.heraldsun.com.au/entertainment/fiona-byrne/global-porn-star-angela-white-declares-politics-is-too-sleazy/news-story/f70187a7bbadcfb3d33b1e60d19aa8da,https://content.api.news/v3/images/bin/994c9334cbf8376ff208384a8c42a3a0,https://ts2.mm.bing.net/th?id=OIP.wHj38fPuaRlr28jBpXJGfwHaEK&pid=15.1,,,,,,,,,Bing Images,review-required,2026-07-31T04:28:20.710087+00:00
da6f0cfc48cd3b0f1f45,Angela White,Who Is Angela White,https://rentry.co/Who-Is-Angela-White,https://c8.alamy.com/comp/2ANWJT9/angela-white-attends-the-2020-xbiz-awards-at-hotel-westin-bonaventure-in-los-angeles-usa-on-16-january-2020-usage-worldwide-2ANWJT9.jpg,https://ts2.mm.bing.net/th?id=OIP.2BVDYE2XrQWa1ik50p2YHQHaMW&pid=15.1,,,,,,,,,Bing Images,review-required,2026-07-31T04:28:20.710087+00:00
7a0f1867764b282bcd1c,Angelica Bella,ANGELICA BELLA Addio alla star che ha infiammato una generazione - YouTube,https://www.youtube.com/watch?v=gne8Nkcixa8,https://i.ytimg.com/vi/gne8Nkcixa8/maxresdefault.jpg,https://ts2.mm.bing.net/th?id=OIP.nG4fUJrtaOMnsOGXSp3VOAHaEK&pid=15.1,,,,,,,,,Bing Images,review-required,2026-07-31T04:28:22.139717+00:00
50608b19f143e6f7d374,Angelica Bella,ANGELICA BELLA la più bella Stella dell'Eros Scomparsa Troppo Presto ...,https://www.youtube.com/watch?v=ndM8Qq_1AI4,https://i.ytimg.com/vi/ndM8Qq_1AI4/maxresdefault.jpg,https://ts1.mm.bing.net/th?id=OIP.5z8-G_DFMsb6iYrDiRYrPwHaEK&pid=15.1,,,,,,,,,Bing Images,review-required,2026-07-31T04:28:22.139717+00:00
42ef245fc451c116619e,Angelica Bella,Angelica Bella (1968-2021),https://www.reddit.com/r/AngelicaBella/,https://external-preview.redd.it/OPWfgK9z6G79BpANuwPgwi2QwauNR1_8dbFmVlYsgLU.jpg?width=640&crop=smart&auto=webp&s=c779b41b10b3ca14b58b417657f8f07a328104cd,https://ts1.mm.bing.net/th?id=OIP.YBLo1HwO0LGBUVVBA5llzQHaKe&pid=15.1,,,,,,,,,Bing Images,review-required,2026-07-31T04:28:22.139717+00:00
c2ff6e2ca43c6c330145,Angelica Bella,Angelica Bella (1968-2021) | IL MORTO DEL MESE,https://www1.ilmortodelmese.com/2021/09/angelica-bella-1968-2021.html,https://1.bp.blogspot.com/-MDafrDYw9ZM/YUNTktJV6wI/AAAAAAAAO4c/deZtyEAUTJAoUwar6F1hjCFvElm9dLAaQCNcBGAsYHQ/s16000/200367845_4406993992665038_7351360415820828607_n.jpeg,https://ts4.mm.bing.net/th?id=OIP.iwRJ-zsOR__LbaMTR12ECwHaFK&pid=15.1,,,,,,,,,Bing Images,review-required,2026-07-31T04:28:22.139717+00:00
82e84d70cde2680efa38,Angelica Bella,"Angelica Bella (Actor) Age, Wiki, Biography, Photos, Family, Husband ...",https://modelwhispers.com/angelica-bella/,https://modelwhispers.com/wp-content/uploads/Angelica-Bella.jpg,https://ts3.explicit.bing.net/th?id=OIP.d2HspwR0YPCEVUwUHk2q1AHaIO&pid=15.1,,,,,,,,,Bing Images,review-required,2026-07-31T04:28:22.139717+00:00
5b14aaa4126afc522ea6,Angelica Bella,"Angelica Bella - Alchetron, The Free Social Encyclopedia",https://alchetron.com/Angelica-Bella,https://alchetron.com/cdn/angelica-bella-a66a9754-24be-4e37-9df5-2c00ee92db6-resize-750.jpg,https://ts3.explicit.bing.net/th?id=OIP.G8I2iTpwdQMODPpIhIbi0QHaF4&pid=15.1,,,,,,,,,Bing Images,review-required,2026-07-31T04:28:22.139717+00:00
33a44c9b09773184e9c8,Angelica Bella,Angelica Bella - Biografía y Filmografía,https://www.comparandonos.com/television/famosos/angelica-bella-1869118,https://www.comparandonos.com/plds/tv/actores/185/angelica-bella.webp,https://ts2.explicit.bing.net/th?id=OIP.vDfQ4ARBUZPzteeZSXgaagHaLH&pid=15.1,,,,,,,,,Bing Images,review-required,2026-07-31T04:28:22.139717+00:00
c477cc6c6e71ae6eee77,Angelica Bella,Angelica Bella Biography and Filmography,http://www.spybee.com/angelica_bella.html,http://www.spybee.com/images/angelica_bella.jpg,https://ts4.mm.bing.net/th?id=OIP.-9ycEQBsaKK4MaCnGQU1TQAAAA&pid=15.1,,,,,,,,,Bing Images,review-required,2026-07-31T04:28:22.139717+00:00
24a577ec0f76e62d5b17,Angelica Bella,Angelica Bella Biography film actress and model from Hungary career in ...,https://www.youtube.com/watch?v=eudVsMSagrI,https://i.ytimg.com/vi/eudVsMSagrI/maxresdefault.jpg,https://ts2.mm.bing.net/th?id=OIP.cqQjHshfut4a6gKt7jaj4AHaEK&pid=15.1,,,,,,,,,Bing Images,review-required,2026-07-31T04:28:22.139717+00:00
80a2df5900c62e6c3b85,Angelica Bella,"Angelica Bella Biography: Wiki, Age, Career, Height, Weight, Boyfriend ...",https://wikiindetail.com/angelica-bella-biography/,https://wikiindetail.com/wp-content/uploads/Angelica Bella Biography-1772475486.webp,https://ts4.mm.bing.net/th?id=OIP.DDkDewwmJk7XUryXIzdi_gHaJ4&pid=15.1,,,,,,,,,Bing Images,review-required,2026-07-31T04:28:22.139717+00:00
34e52baf77061d2eca8c,Angelica Bella,"Angelica Bella's Instagram, Twitter & Facebook on IDCrawl",https://www.idcrawl.com/angelica-bella,https://i0.wp.com/globalzonetoday.com/wp-content/uploads/2021/10/Angelica-Bella.jpg,https://ts2.mm.bing.net/th?id=OIP.YUTjLdrTetS9eoouSOW9TAHaGj&pid=15.1,,,,,,,,,Bing Images,review-required,2026-07-31T04:28:22.139717+00:00
06cc63e3fd4b394e706b,Angelica Bella,"Angelica Bella: Biography, Wiki, Age, Height, Career And Photos - High ...",https://www.highratedgabru.com/angelica-bella/,https://www.highratedgabru.com/wp-content/uploads/2025/02/Angelica-Bella-Photo.jpg,https://ts4.mm.bing.net/th?id=OIP.jRf9d8Wj5zyW5dBSIw1S6AHaHi&pid=15.1,,,,,,,,,Bing Images,review-required,2026-07-31T04:28:22.139717+00:00
7f9cab94d07bcc1c615b,Angelica Bella,"Angelica Bella: Biography, Wiki, Age, Height, Career And Photos - High ...",https://www.highratedgabru.com/angelica-bella/,https://www.highratedgabru.com/wp-content/uploads/2025/03/Angelica-Bella-Biography-Wiki-Age-Height-Career-And-Photos.jpg,https://ts3.mm.bing.net/th?id=OIP.HIsLRJEFQ7tV8oFpfK0MdQHaDt&pid=15.1,,,,,,,,,Bing Images,review-required,2026-07-31T04:28:22.139717+00:00
d5b2977f9a3cfee6fe6f,Angelica Bella,Angélica mostra a filha com a sobrinha neta em festa nos EUA,https://bebemamae.com/famosos/angelica-mostra-a-filha-com-a-sobrinha-neta-em-festa-nos-eua/,https://bebemamae.com/wp-content/uploads/2022/10/angelica-bella-aniversario-4-anos-frozen.jpg,https://ts1.mm.bing.net/th?id=OIP.PV3tT19aPA95RkPxfABdtgHaEI&pid=15.1,,,,,,,,,Bing Images,review-required,2026-07-31T04:28:22.139717+00:00
2eb382301475db0536fe,Angelica Bella,Photo de Angelica Bella - Affiche Angelica Bella - Photo 0 sur 1 - AlloCiné,https://www.allocine.fr/personne/fichepersonne-521687/photos/detail/?cmediafile=19735168,https://fr.web.img4.acsta.net/medias/nmedia/18/84/31/36/19735168.jpg,https://ts3.explicit.bing.net/th?id=OIP.wRPTEQyOPs7tYtU58QcITQAAAA&pid=15.1,,,,,,,,,Bing Images,review-required,2026-07-31T04:28:22.139717+00:00
aa9f52555c6e90f91a60,Angelina Castro,"(2026) Angelina Castro wiki/bio, Age, height, weight",https://globalwikibio.com/angelina-castro-wiki-bio/,https://globalwikibio.com/wp-content/uploads/2023/05/Angelina-Castro-wikibio-1024x576.jpg,https://ts4.mm.bing.net/th?id=OIP.UtVns3rTKdz-Ew_RrJ9bdwHaEK&pid=15.1,,,,,,,,,Bing Images,review-required,2026-07-31T04:28:23.539916+00:00
d3f60e793b434e767d4b,Angelina Castro,ANGELINA CASTRO AEE 2013 INTERVIEW - YouTube,https://www.youtube.com/watch?v=OWKoXf1d2lM,https://i.ytimg.com/vi/OWKoXf1d2lM/maxresdefault.jpg,https://ts2.mm.bing.net/th?id=OIP.21B5JlUKcKjXNV5om3OQ6gHaEK&pid=15.1,,,,,,,,,Bing Images,review-required,2026-07-31T04:28:23.539916+00:00
17e2b01a6dbe0882d6bb,Angelina Castro,"Angelina Castro - actress - biography, photo, best movies and TV shows",https://en.kinorium.com/name/2399210/,https://images.kinorium.com/persona/180/2399210.jpg?1533007622,https://ts1.explicit.bing.net/th?id=OIP.Cp4tV4h5fBF11Gy13G2XkQAAAA&pid=15.1,,,,,,,,,Bing Images,review-required,2026-07-31T04:28:23.539916+00:00
3cbfcf003b26f47ac124,Angelina Castro,Angelina Castro @ eXXXotica Miami 2010 | eXXXotica 2010 Miam… | Flickr,https://www.flickr.com/photos/brh_images/4680315361/,https://live.staticflickr.com/4061/4680315361_7e448daf00_b.jpg,https://ts1.explicit.bing.net/th?id=OIP.eyNSYvGjJ7L-jLu7u1IrYQHaLJ&pid=15.1,,,,,,,,,Bing Images,review-required,2026-07-31T04:28:23.539916+00:00
48798f007b1250f0b9f2,Angelina Castro,"Angelina Castro Biography/Wiki, Age, Height, Career, Photos & More",https://globalzonetoday.com/angelina-castro/,https://globalzonetoday.com/wp-content/uploads/2021/11/Angelina-Castro.jpg,https://ts3.mm.bing.net/th?id=OIP.Mc5b95Cfk0wctw4YcgASswAAAA&pid=15.1,,,,,,,,,Bing Images,review-required,2026-07-31T04:28:23.539916+00:00
62fd79d1f6d9f839c14b,Angelina Castro,"Angelina Castro Biography/Wiki, Age, Height, Career, Photos & More",https://globalzonetoday.com/angelina-castro/,https://i0.wp.com/globalzonetoday.com/wp-content/uploads/2021/11/Angelina_Castro.jpg?ssl=1,https://ts2.mm.bing.net/th?id=OIP.Gs3JmuUFxXa9d_81md061gAAAA&pid=15.1,,,,,,,,,Bing Images,review-required,2026-07-31T04:28:23.539916+00:00
5868153be2c849431f2b,Angelina Castro,Angelina Castro entró al porno por su sentido del humor,https://ginaulmos.com/f/angelina-castro-entró-al-porno-por-su-sentido-del-humor,https://img1.wsimg.com/isteam/ip/be38fbc7-a38d-48d7-83d9-078991b587ce/ginaangelina.jpg,https://ts2.mm.bing.net/th?id=OIP.dSagLHPUDyWK7Mw9EqHwxgHaIv&pid=15.1,,,,,,,,,Bing Images,review-required,2026-07-31T04:28:23.539916+00:00
d15baa73ec111996c32a,Angelina Castro,Angelina Castro es un show: La popular actriz se considera patrimonio ...,https://www.youtube.com/watch?v=qGe3Jc4V7EM,https://i.ytimg.com/vi/qGe3Jc4V7EM/maxresdefault.jpg,https://ts2.mm.bing.net/th?id=OIP.7zP5ysnlslPwHj2dfu-bHwHaEK&pid=15.1,,,,,,,,,Bing Images,review-required,2026-07-31T04:28:23.539916+00:00
bf918256e4d3d79e19c7,Angelina Castro,Angelina Castro explica cómo funciona el cine para adultos: “Si somos ...,https://www.cuballama.com/noticias/angelina-castro-explica-como-funciona-el-cine-para-adultos-si-somos-dos-trabajamos-menos/,https://cdn1.mediawpaccore.net/wp-content/uploads/2023/09/29125914/Angelina-Castro.jpg,https://ts4.mm.bing.net/th?id=OIP.JA8sFgkL2JMZk5W75jZqXQHaD4&pid=15.1,,,,,,,,,Bing Images,review-required,2026-07-31T04:28:23.539916+00:00
291f672723890d2f9000,Angelina Castro,Angelina Castro — The Movie Database (TMDB),https://www.themoviedb.org/person/582549-angelina-castro,https://media.themoviedb.org/t/p/w300_and_h450_bestv2/yDpme3qitrH2P3B9N4515ItFX7v.jpg,https://ts3.explicit.bing.net/th?id=OIP.J3N6-yajaCao9uaPf0Hi_gAAAA&pid=15.1,,,,,,,,,Bing Images,review-required,2026-07-31T04:28:23.539916+00:00
997765468f41c634fff6,Angelina Castro,"Angelina Castro's Instagram, Twitter & Facebook on IDCrawl",https://www.idcrawl.com/angelina-castro,https://i0.wp.com/globalzonetoday.com/wp-content/uploads/2021/11/Angelina-Castro-1.jpg?ssl=1,https://ts2.mm.bing.net/th?id=OIP.iWjvo__GLrhCvfZK46vtMQAAAA&pid=15.1,,,,,,,,,Bing Images,review-required,2026-07-31T04:28:23.539916+00:00
01a087ed2d013e4e1a93,Angelina Castro,"Angelina Castro, un 'patrimonio' de Miami",https://noticias.cubitanow.com/youtuber-daniela-reyes-revela-por-que-termino-su-relacion-con-el-cantante-de-los-angeles/angelina-castro-un-patrimonio-de-miami,https://cdncubitanowads-102a5.kxcdn.com/images/angelina-castro-un-patrimonio-de-miami-Angelina.jpg,https://ts3.mm.bing.net/th?id=OIP.me5JFQwEp050AabGQqs1kAHaD4&pid=15.1,,,,,,,,,Bing Images,review-required,2026-07-31T04:28:23.539916+00:00
bc2ada9a4d1678d736bc,Angelina Castro,"Angelina de Castro, actriz de cine para adultos, confiesa cuántas ...",https://www.bluradio.com/sociedad/sexualidad/actriz-de-cine-para-adultos-se-destapa-y-confiesa-cuantas-parejas-ha-tenido-en-la-industria-rs15,https://caracoltv.brightspotcdn.com/dims4/default/8a298b5/2147483647/strip/true/crop/1284x782+0+0/resize/400x244!/quality/75/?url=http:%2F%2Fcaracol-brightspot.s3.us-west-2.amazonaws.com%2F90%2F54%2F4bf0f7ed4ec5acb7122274e680a4%2Factriz-angelina-castro.jpeg,https://ts3.mm.bing.net/th?id=OIP.wsvqDD5ya7LV0FKD1CcOXQAAAA&pid=15.1,,,,,,,,,Bing Images,review-required,2026-07-31T04:28:23.539916+00:00
f754adeb4282620178c8,Angelina Castro,"Angelina de Castro, actriz de cine para adultos, confiesa cuántas ...",https://www.bluradio.com/sociedad/sexualidad/actriz-de-cine-para-adultos-se-destapa-y-confiesa-cuantas-parejas-ha-tenido-en-la-industria-rs15,https://caracoltv.brightspotcdn.com/dims4/default/a7e7725/2147483647/strip/true/crop/1168x1600+0+0/resize/336x460!/quality/75/?url=http%3A%2F%2Fcaracol-brightspot.s3.us-west-2.amazonaws.com%2F78%2F65%2F7c84ba0b41678d087e11430a6cd1%2Fangelina-castro-actriz.jpeg,https://ts2.mm.bing.net/th?id=OIP.Aob1s559LqfSZXwhHnblvgAAAA&pid=15.1,,,,,,,,,Bing Images,review-required,2026-07-31T04:28:23.539916+00:00
7b984c5f3de84f231f86,Angelina Castro,Angelina houston | Angela white fashion,https://www.pinterest.com/pin/angelina-houston--577094139729042663/,https://i.pinimg.com/736x/3d/32/8a/3d328a921984798db50fa3963a7eee55.jpg,https://ts3.mm.bing.net/th?id=OIP.64ofPLCLM_r6ogDKoDCqnAHaL3&pid=15.1,,,,,,,,,Bing Images,review-required,2026-07-31T04:28:23.539916+00:00
1e64d50adaa20d5b8a13,Angelina Castro,"Mila Kuznetsova - Bio, Family | Famous Birthdays",https://www.famousbirthdays.com/people/mila-kuznetsova.html,https://www.famousbirthdays.com/faces/castro-angelina-image.jpg,https://ts1.mm.bing.net/th?id=OIP.462mOANgD1R1nX5zBewaQQAAAA&pid=15.1,,,,,,,,,Bing Images,review-required,2026-07-31T04:28:23.539916+00:00
79bb4b994cf74cbd9424,Angelina Castro,"Susana Pérez dedica emotiva felicitación a Angelina Castro: ""Mujer para ...",https://www.cibercuba.com/noticias/2023-09-06-u194224-e42839-s27065-susana-perez-dedica-emotiva-felicitacion-angelina-castro,https://cdn0.celebritax.com/sites/default/files/styles/watermark_100/public/1694018587-susana-perez-dedica-emotiva-felicitacion-angelina-castro-mujer-asombrar-logran-conocerla.jpg,https://ts1.mm.bing.net/th?id=OIP.gAf00lf6YRBAFFuWENzLrgHaD4&pid=15.1,,,,,,,,,Bing Images,review-required,2026-07-31T04:28:23.539916+00:00
ab89a71fd2bd21a1f41f,Angelique Morgan,708 Frenchy Morgan Photos & High Res Pictures - Getty Images,https://www.gettyimages.com/photos/frenchy-morgan,https://media.gettyimages.com/id/454560070/photo/borehamwood-england-angelique-frenchy-morgan-is-evicted-from-the-celebrity-big-brother-house.jpg?s=612x612&w=gi&k=20&c=oAgQOlqfvvqX9jaIhxmb0T0MtcXC2jWwFUboZSFqx34=,https://ts3.mm.bing.net/th?id=OIP.edrljN_xbZslIfBaNaPlDgAAAA&pid=15.1,,,,,,,,,Bing Images,review-required,2026-07-31T04:28:24.911674+00:00
6a1561ae3c58d2c9ab41,Angelique Morgan,"Angelique ""Frenchy"" Morgan at arrivals for Cirque du Soleil's Fourth ...",https://www.alamy.com/stock-photo-angelique-frenchy-morgan-at-arrivals-for-cirque-du-soleils-fourth-100007830.html,https://c8.alamy.com/comp/FPKN06/angelique-frenchy-morgan-at-arrivals-for-cirque-du-soleils-fourth-FPKN06.jpg,https://ts4.mm.bing.net/th?id=OIP.nErq5H-sMWfcRVLXg_5yHgHaL4&pid=15.1,,,,,,,,,Bing Images,review-required,2026-07-31T04:28:24.911674+00:00
bb9af22665e0e3fd35d2,Angelique Morgan,"Angelique ""Frenchy"" Morgan at arrivals for Cirque du Soleil's Fourth ...",https://www.alamy.com/stock-photo-angelique-frenchy-morgan-at-arrivals-for-cirque-du-soleils-fourth-100007832.html,https://c8.alamy.com/comp/FPKN08/angelique-frenchy-morgan-at-arrivals-for-cirque-du-soleils-fourth-FPKN08.jpg,https://ts1.mm.bing.net/th?id=OIP.y7vyOcTfTBUZS97bCroNxQHaL4&pid=15.1,,,,,,,,,Bing Images,review-required,2026-07-31T04:28:24.911674+00:00
d1a092555308ef62d847,Angelique Morgan,"Angelique ""Frenchy"" Morgan at arrivals for Cirque du Soleil's Fourth ...",https://www.alamy.com/stock-photo-angelique-frenchy-morgan-at-arrivals-for-cirque-du-soleils-fourth-100007833.html,https://c8.alamy.com/comp/FPKN09/angelique-frenchy-morgan-at-arrivals-for-cirque-du-soleils-fourth-FPKN09.jpg,https://ts4.mm.bing.net/th?id=OIP.RN5Z24T3RpOMgbx0dwQHwgHaL4&pid=15.1,,,,,,,,,Bing Images,review-required,2026-07-31T04:28:24.911674+00:00
f7106ffb3ccfb1c797e5,Angelique Morgan,"Angelique ""Frenchy"" Morgan at arrivals for Cirque du Soleil's Fourth ...",https://www.alamy.com/stock-photo-angelique-frenchy-morgan-at-arrivals-for-cirque-du-soleils-fourth-100007831.html,https://c8.alamy.com/comp/FPKN07/angelique-frenchy-morgan-at-arrivals-for-cirque-du-soleils-fourth-FPKN07.jpg,https://ts2.mm.bing.net/th?id=OIP.m7rIElg5nMWq2LjaqWdsVwHaL4&pid=15.1,,,,,,,,,Bing Images,review-required,2026-07-31T04:28:24.911674+00:00
88b8d4bf93b81d01c7ef,Angelique Morgan,Angelique 'Frenchy' Morgan hosts her music video release party for ...,https://www.alamy.com/stock-photo-angelique-frenchy-morgan-hosts-her-music-video-release-party-for-frenchy-119355906.html,https://c8.alamy.com/comp/GX53JX/angelique-frenchy-morgan-hosts-her-music-video-release-party-for-frenchy-GX53JX.jpg,https://ts3.mm.bing.net/th?id=OIP._cjIkRCBNga8VwmiWNX7hgHaKW&pid=15.1,,,,,,,,,Bing Images,review-required,2026-07-31T04:28:24.911674+00:00
f81706f1de82c0e00385,Angelique Morgan,Angelique Frenchy Morgan Photos and Premium High Res Pictures - Getty ...,https://www.gettyimages.com/photos/angelique-frenchy-morgan,https://media.gettyimages.com/id/985934638/photo/television-personality-angelique-frenchy-morgan-attends-the-opening-night-of-le-magique.jpg?s=612x612&w=gi&k=20&c=ufbBEsmzmHKx3RHaVYa0nS7WTm2Mc9lkEI5Ts4MO9Bg=,https://ts3.mm.bing.net/th?id=OIP.X_EoC1ElBnnfoQhR_ebiowAAAA&pid=15.1,,,,,,,,,Bing Images,review-required,2026-07-31T04:28:24.911674+00:00
c5795c9b81050b13cf7a,Angelique Morgan,Angelique Morgan,https://ar.inspiredpencil.com/pictures-2023/angelique-morgan,https://c8.alamy.com/comp/F6174R/celebrity-big-brother-uk-star-angelique-frenchy-morgan-is-seen-celebrating-F6174R.jpg,https://ts1.mm.bing.net/th?id=OIP.XzyIg-eK223ZCgPtehPUFAHaHm&pid=15.1,,,,,,,,,Bing Images,review-required,2026-07-31T04:28:24.911674+00:00
16cf95c4499ce5a5e6de,Angelique Morgan,Angelique Morgan - IMDb,https://www.imdb.com/name/nm2472444/?nmdp=1,https://m.media-amazon.com/images/M/MV5BOGIyNTliNmItMjE2MS00ZTQ3LWFiNTQtYjQyYWRhNWM0ZTJjXkEyXkFqcGc@._V1_FMjpg_UX1000_.jpg,https://ts4.mm.bing.net/th?id=OIP.Ym7xPLQ635KqukYcm-aO-AHaFj&pid=15.1,,,,,,,,,Bing Images,review-required,2026-07-31T04:28:24.911674+00:00
988a638954752eeba8b0,Angelique Morgan,Angelique Morgan Interview - Celebrity Big Brother - YouTube,https://www.youtube.com/watch?v=69rdQPziSfc,https://i.ytimg.com/vi/69rdQPziSfc/maxresdefault.jpg,https://ts1.explicit.bing.net/th?id=OIP.ywgkZKZuogDRFswvpntBrwHaEK&pid=15.1,,,,,,,,,Bing Images,review-required,2026-07-31T04:28:24.911674+00:00
b8b23b58547dd6a52efd,Angelique Morgan,Celebrity Angelique 'Frenchy' Morgan spotted at Craig's restaurant ...,https://www.alamy.com/stock-photo-celebrity-angelique-frenchy-morgan-spotted-at-craigs-restaurant-featuring-89744439.html,https://c8.alamy.com/comp/F605XF/celebrity-angelique-frenchy-morgan-spotted-at-craigs-restaurant-featuring-F605XF.jpg,https://ts1.mm.bing.net/th?id=OIP.qM9Pd5RNGsjswVfzx8oxcQHaPq&pid=15.1,,,,,,,,,Bing Images,review-required,2026-07-31T04:28:24.911674+00:00
a09d15748ddae61abf1e,Angelique Morgan,Celebrity Big Brother U.K. star Angelique 'Frenchy' Morgan helped ...,https://www.alamy.com/stock-photo-celebrity-big-brother-uk-star-angelique-frenchy-morgan-helped-celebrate-101978847.html,https://c8.alamy.com/comp/FWWF1K/celebrity-big-brother-uk-star-angelique-frenchy-morgan-helped-celebrate-FWWF1K.jpg,https://ts1.explicit.bing.net/th?id=OIP.an6qu-lzXZJ_M54GyMm3HwHaMV&pid=15.1,,,,,,,,,Bing Images,review-required,2026-07-31T04:28:24.911674+00:00
834d57373a0c21ac8be2,Angelique Morgan,Celebrity Big Brother UK Star Angelique 'Frenchy' Morgan is seen ...,https://www.alamy.com/stock-photo-celebrity-big-brother-uk-star-angelique-frenchy-morgan-is-seen-celebrating-89767344.html,https://c8.alamy.com/comp/F6174G/celebrity-big-brother-uk-star-angelique-frenchy-morgan-is-seen-celebrating-F6174G.jpg,https://ts3.mm.bing.net/th?id=OIP.DRt9TmOaxZIHijh_JVdpSgHaL4&pid=15.1,,,,,,,,,Bing Images,review-required,2026-07-31T04:28:24.911674+00:00
785a9b40f8aee95819ee,Angelique Morgan,Frenchy morgan dressed all in pink hi-res stock photography and images ...,https://www.alamy.com/stock-photo/frenchy-morgan-dressed-all-in-pink.html,https://c8.alamy.com/comp/F5TP0Y/reality-star-angelique-frenchy-morgan-arrives-at-craigs-in-west-hollywood-F5TP0Y.jpg,https://ts4.mm.bing.net/th?id=OIP.JaaBhyudmD79Tk_GM1VsGQHaOj&pid=15.1,,,,,,,,,Bing Images,review-required,2026-07-31T04:28:24.911674+00:00
d7aad65ae77a8cacae33,Angelique Morgan,"March 18, 2016 Las Vegas, NV. Angelique 'Frenchy' Morgan Cirque du ...",https://www.alamy.com/march-18-2016-las-vegas-nv-angelique-frenchy-morgan-cirque-du-soleils-fourth-annual-one-night-for-one-drop-held-at-the-cleveland-clinic-lou-ruvo-center-for-brain-health-image464269448.html,https://c8.alamy.com/comp/2HY98BM/march-18-2016-las-vegas-nv-angelique-frenchy-morgan-cirque-du-soleils-fourth-annual-one-night-for-one-drop-held-at-the-cleveland-clinic-lou-ruvo-center-for-brain-health-2HY98BM.jpg,https://ts2.mm.bing.net/th?id=OIP.IZxua_EqaD1AndLIBwjmiAHaL4&pid=15.1,,,,,,,,,Bing Images,review-required,2026-07-31T04:28:24.911674+00:00
fadb18e0386e52d42271,Angelique Morgan,"Reality star Angelique ""Frenchy"" Morgan celebrates her 40th Birthday ...",https://www.alamy.com/stock-photo-reality-star-angelique-frenchy-morgan-celebrates-her-40th-birthday-89787122.html,https://l450v.alamy.com/450v/f61mkh/us-tv-reality-star-angelique-frenchy-morgan-sighted-at-coffee-bean-f61mkh.jpg,https://ts2.mm.bing.net/th?id=OIP.QNlTEkfiRMY9pwYNJZwGUgAAAA&pid=15.1,,,,,,,,,Bing Images,review-required,2026-07-31T04:28:24.911674+00:00
e417b7b81c0c56b8a652,Angelique Morgan,Tv Personality Angelique Morgan Photos and Premium High Res Pictures ...,https://www.gettyimages.dk/photos/tv-personality-angelique-morgan,https://media.gettyimages.com/id/166408733/photo/tv-personality-angelique-frenchy-morgan-attends-the-1st-annual-realitywanted-reality-tv-awards.jpg?s=612x612&w=gi&k=20&c=oLM47QfIfw7jfI9PDCBqSBiYoXGnpwVcyvBeyOFgP2c=,https://ts2.mm.bing.net/th?id=OIP.IbSgd-rGEERwI4IZfGZw-wAAAA&pid=15.1,,,,,,,,,Bing Images,review-required,2026-07-31T04:28:24.911674+00:00
ebbbf8a930c14264cc01,Anna Claire Clouds,ANNA CLAIRE CLOUDS | Scrolller,https://scrolller.com/anna-claire-clouds-1isznakmo0,https://images.scrolller.com/femto/anna-claire-clouds-bb0194qptq.jpg,https://ts4.mm.bing.net/th?id=OIP.e8tr__Enw9FJ-VSPcUgqtgHaO0&pid=15.1,,,,,,,,,Bing Images,review-required,2026-07-31T04:28:28.232785+00:00
b35539972563c724a282,Anna Claire Clouds,AVN大奖2023|最佳女演员提名名单出炉 - 哔哩哔哩,https://www.bilibili.com/read/cv20266232/,https://i0.hdslb.com/bfs/article/51492608120cea260ca07a50a18bda63b10b985d.jpg,https://ts4.mm.bing.net/th?id=OIP.53l6k-6njTsHdLPvVDV8CQHaKf&pid=15.1,,,,,,,,,Bing Images,review-required,2026-07-31T04:28:28.232785+00:00
b75511e9271e23380803,Anna Claire Clouds,Anna Claire Clouds - About - Entertainment.ie,https://entertainment.ie/person/anna-claire-clouds-705636/,https://images.entertainment.ie/person/w780_b3j8obAuUEiC0l3NHyLMsRXdA1P.jpg,https://ts3.explicit.bing.net/th?id=OIP.TBABEi_E04R6EKE4S4B7PgHaLH&pid=15.1,,,,,,,,,Bing Images,review-required,2026-07-31T04:28:28.232785+00:00
d659ff658100b31c696a,Anna Claire Clouds,"Anna Claire Clouds - Películas, Series",https://www.cine.com/actores/anna-claire-clouds,https://www.cine.com/media/actores/anna-claire-clouds-2484562_500.jpg,https://ts1.explicit.bing.net/th?id=OIP.BeznjKWlAN-TxMsK8gJ6cQHaHa&pid=15.1,,,,,,,,,Bing Images,review-required,2026-07-31T04:28:28.232785+00:00
4281cb7f9a72335d7d0d,Anna Claire Clouds,Anna Claire Clouds - Profile Images — The Movie Database (TMDB),https://www.themoviedb.org/person/2977412-anna-claire-clouds/images/profiles,https://image.tmdb.org/t/p/original/wJMDGUvvWVHtmbS7RFh5mpr1e7X.jpg,https://ts4.explicit.bing.net/th?id=OIP.hi1Rb_LNBjD0x8XqdhV1XQHaLG&pid=15.1,,,,,,,,,Bing Images,review-required,2026-07-31T04:28:28.232785+00:00
de4e43707db8b12dfd4b,Anna Claire Clouds,"Anna Claire Clouds - Âge, famille, biographie | Famous Birthdays",https://fr.famousbirthdays.com/people/anna-claire-clouds.html,https://www.famousbirthdays.com/faces/anna-claire-clouds-image.jpg,https://ts2.explicit.bing.net/th?id=OIP.jOI9q7kFVaxxRsgfJVuZAQAAAA&pid=15.1,,,,,,,,,Bing Images,review-required,2026-07-31T04:28:28.232785+00:00
026ce721fb0c6ae8f4f7,Anna Claire Clouds,"Anna Claire Clouds Bio, Wiki, Age, Husband, Net Worth, Biography ...",https://anideacame.com/anna-claire-clouds/,https://anideacame.com/wp-content/uploads/Anna-Claire-Clouds-Biography-913x1024.webp,https://ts2.mm.bing.net/th?id=OIP.XR426pbZgn9QGrGMGEvC4QHaIT&pid=15.1,,,,,,,,,Bing Images,review-required,2026-07-31T04:28:28.232785+00:00
50cdd04677826097615c,Anna Claire Clouds,"Anna Claire Clouds Bio, Wiki, Age, Husband, Net Worth, Biography ...",https://anideacame.com/anna-claire-clouds/,https://anideacame.com/wp-content/uploads/Anna-Claire-Clouds-1024x576.webp,https://ts3.mm.bing.net/th?id=OIP.HVEjMP1x9j2LAprM7JFLgwHaEK&pid=15.1,,,,,,,,,Bing Images,review-required,2026-07-31T04:28:28.232785+00:00
f242be9029d2d4e04a55,Anna Claire Clouds,Anna Claire Clouds Biography American actress and model modeling ...,https://www.youtube.com/watch?v=Zwz9No4ueao,https://i.ytimg.com/vi/Zwz9No4ueao/maxresdefault.jpg,https://ts1.mm.bing.net/th?id=OIP.Mz1xSj7KAAf9RN46Lisp6wHaEK&pid=15.1,,,,,,,,,Bing Images,review-required,2026-07-31T04:28:28.232785+00:00
1ea616631bf373b2d010,Anna Claire Clouds,"Anna Claire Clouds Biography/Wiki, Age, Height, Career, Photos & More",https://globalzonetoday.com/anna-claire-clouds/,https://globalzonetoday.com/wp-content/uploads/2021/01/Anna-Claire-Clouds-2.jpg,https://ts4.explicit.bing.net/th?id=OIP.af22e9AurCKfBK_IUYZWKQHaEW&pid=15.1,,,,,,,,,Bing Images,review-required,2026-07-31T04:28:28.232785+00:00
ad388b3ecac1d1e95433,Anna Claire Clouds,Anna Claire Clouds Female Perfomer Of The Year award winning moment AVN ...,https://www.youtube.com/watch?v=kssl4baZqkE,https://i.ytimg.com/vi/kssl4baZqkE/maxresdefault.jpg,https://ts1.mm.bing.net/th?id=OIP.6V4l7UHWQYXLSyZ6EsfgkAHaEK&pid=15.1,,,,,,,,,Bing Images,review-required,2026-07-31T04:28:28.232785+00:00
4a72984bb07da237b562,Anna Claire Clouds,Anna Claire Clouds Top Must Watch Movies of All Time Online Streaming,https://www.binged.com/person/anna-claire-clouds/,https://bingeddata.s3.amazonaws.com/uploads/2021/06/hAhnde47V83Q697EMd0vLdd6vIn.jpg,https://ts3.explicit.bing.net/th?id=OIP.W8bcd4zsqcIlDfJqgSMdhgHaLH&pid=15.1,,,,,,,,,Bing Images,review-required,2026-07-31T04:28:28.232785+00:00
40ee4a96e2ac80a32d7d,Anna Claire Clouds,Anna Claire Clouds attends the 2023 XBIZ Awards held at Hollywood ...,https://www.gettyimages.com.au/detail/news-photo/anna-claire-clouds-attends-the-2023-xbiz-awards-held-at-news-photo/1458978551,https://media.gettyimages.com/id/1458978551/photo/2023-xbiz-awards.jpg?s=1024x1024&w=gi&k=20&c=_rnD_ZtyUOi0eAocsPSgD3e-nJuw6dZXwAXSyNyPEUg=,https://ts4.mm.bing.net/th?id=OIP.JN1xgdLjNFALoyBfiLPtrgHaLm&pid=15.1,,,,,,,,,Bing Images,review-required,2026-07-31T04:28:28.232785+00:00
0c8239105f3d78cec91b,Anna Claire Clouds,"Anna Claire Clouds Âge, famille, biographie | Famous Birthdays",https://fr.famousbirthdays.com/people/anna-claire-clouds.html,https://www.famousbirthdays.com/headshots/anna-claire-clouds-7.jpg,https://ts4.explicit.bing.net/th?id=OIP.kHLdC7RiDvHLTeWzz2PIFgAAAA&pid=15.1,,,,,,,,,Bing Images,review-required,2026-07-31T04:28:28.232785+00:00
0e06056fc3112a4b137a,Anna Claire Clouds,"Anna Claire Clouds Âge, famille, biographie | Famous Birthdays",https://fr.famousbirthdays.com/people/anna-claire-clouds.html,https://www.famousbirthdays.com/headshots/anna-claire-clouds-2.jpg,https://ts4.explicit.bing.net/th?id=OIP.uPx2ifqJWcxqQuITV4QA-gAAAA&pid=15.1,,,,,,,,,Bing Images,review-required,2026-07-31T04:28:28.232785+00:00
6839f11dd5edaefacc7f,Anna Claire Clouds,"Anna Claire Clouds Âge, famille, biographie | Famous Birthdays",https://fr.famousbirthdays.com/people/anna-claire-clouds.html,https://www.famousbirthdays.com/headshots/anna-claire-clouds-6.jpg,https://ts2.mm.bing.net/th?id=OIP.KGgYTkfXAdY2LtgJdqgiSgAAAA&pid=15.1,,,,,,,,,Bing Images,review-required,2026-07-31T04:28:28.232785+00:00
e7f32d91c8a1b65abe2e,Anna Claire Clouds,"Anna Claire Clouds Âge, famille, biographie | Famous Birthdays",https://fr.famousbirthdays.com/people/anna-claire-clouds.html,https://www.famousbirthdays.com/headshots/anna-claire-clouds-1.jpg,https://ts3.explicit.bing.net/th?id=OIP.Ze04Z6xh1LoasXF8y48O3AAAAA&pid=15.1,,,,,,,,,Bing Images,review-required,2026-07-31T04:28:28.232785+00:00
6a58171170e47fa1ca04,Anna Claire Clouds,"Anna Claire Clouds – Filmes, Biografia e Listas na MUBI",https://mubi.com/pt/cast/anna-claire-clouds,https://images.mubicdn.net/images/cast_member/1168408/cache-977057-1718757514/image-w856.jpg,https://ts3.explicit.bing.net/th?id=OIP.1mDxNcJK6GRF8WdJMcwPxwHaIy&pid=15.1,,,,,,,,,Bing Images,review-required,2026-07-31T04:28:28.232785+00:00
d707a706d7856fa0010d,Anna Claire Clouds,Anna claire clouds hi-res stock photography and images - Alamy,https://www.alamy.com/stock-photo/anna-claire-clouds.html,https://c8.alamy.com/comp/2WJR926/los-angeles-ca-usa-january-21-2024-adult-entertainment-star-anna-claire-clouds-on-the-red-carpet-for-the-xbiz-awards-2WJR926.jpg,https://ts4.mm.bing.net/th?id=OIP.gI4n3Qd9AJq65t_qHPkrxQHaL4&pid=15.1,,,,,,,,,Bing Images,review-required,2026-07-31T04:28:28.232785+00:00
f9d9bdd089e5550e5c91,Anna Claire Clouds,The best Model and Performer Anna Claire Clouds career Story| Who is ...,https://www.youtube.com/watch?v=VnLvW71bH8g,https://i.ytimg.com/vi/VnLvW71bH8g/maxresdefault.jpg,https://ts3.mm.bing.net/th?id=OIP.Av_EXQI4BgZ4ySlibP4rTQHaEK&pid=15.1,,,,,,,,,Bing Images,review-required,2026-07-31T04:28:28.232785+00:00
e358232580c56b14c938,Anna Polina,ANNA POLINA - A QUEEN,https://vimeo.com/960174963,https://i.vimeocdn.com/video/1872675044-6fb67e18b6ee877b3db4da595017afc3011465703a755e520b35bdfa7a830894-d?f=webp,https://ts1.mm.bing.net/th?id=OIP.JclhMmLf5YprBSmXLdFO-AHaEK&pid=15.1,,,,,,,,,Bing Images,review-required,2026-07-31T04:28:29.722900+00:00
d26ec3c96669e8439b39,Anna Polina,"Anna Polina Biography, Age, Height, Wiki & More - Wiki Star Bio",https://wikistarbio.com/anna-polina/,https://wikistarbio.com/wp-content/uploads/2022/08/Anna-Polina-1.jpg,https://ts2.mm.bing.net/th?id=OIP.3iB6B_0_vHeUhjhPdfhg9QAAAA&pid=15.1,,,,,,,,,Bing Images,review-required,2026-07-31T04:28:29.722900+00:00
a604c5ce2788cf57e67b,Anna Polina,"Anna Polina Biography, Wiki, Boyfriend, Net Worth & More",https://celebzbiography.com/anna-polina/,https://celebzbiography.com/wp-content/uploads/2021/07/Anna-Polina-Pictures-celebzbiography.com_.webp,https://ts2.mm.bing.net/th?id=OIP.hPKCvy3oHFBbtfr5VYjBEgAAAA&pid=15.1,,,,,,,,,Bing Images,review-required,2026-07-31T04:28:29.722900+00:00
8b34ac8804e02dcdb6f0,Anna Polina,"Anna Polina Biography/Wiki, Age, Height, Career, Photos & More",https://globalzonetoday.com/anna-polina/,https://globalzonetoday.com/wp-content/uploads/2020/07/Anna-Polina-1024x683.jpg,https://ts1.mm.bing.net/th?id=OIP.V1v_WBc05hFRc1nFFTm0rgHaE8&pid=15.1,,,,,,,,,Bing Images,review-required,2026-07-31T04:28:29.722900+00:00
c2f1ba6809694d4d2d9c,Anna Polina,"Anna Polina Biography/Wiki, Age, Height, Career, Photos & More",https://globalzonetoday.com/anna-polina/,https://i0.wp.com/globalzonetoday.com/wp-content/uploads/2020/07/Anna-Polina-Drink-Alchohol.jpg?resize=770%2C770&ssl=1,https://ts4.mm.bing.net/th?id=OIP.QwR7sg2kY6hVvZcwJ7dEywHaHa&pid=15.1,,,,,,,,,Bing Images,review-required,2026-07-31T04:28:29.722900+00:00
98b40a2a706e52c7a5d2,Anna Polina,"Anna Polina Net Worth, Wiki, Age, Bio, Boyfriend, Husband - World Blaze",https://www.worldblaze.in/anna-polina-wiki/,https://www.worldblaze.in/wp-content/uploads/2024/02/Anna-Polina-min.webp,https://ts1.explicit.bing.net/th?id=OIP.Ag8gqQURRsnLcFxh82un3gHaFI&pid=15.1,,,,,,,,,Bing Images,review-required,2026-07-31T04:28:29.722900+00:00
cc3f0a1e3e3d42ad4acb,Anna Polina,Anna Polina Photos et images de collection - Getty Images,https://www.gettyimages.fr/photos/anna-polina,https://media.gettyimages.com/id/1182000857/fr/photo/model-actress-anna-polina-attends-the-bal-masque-de-monsieur-d-at-pavillon-darmenonville-on.jpg?s=612x612&w=gi&k=20&c=Uh6nlIicZ6BHyWk_VzsgBxqqh4zvaqsdwt7STVQxHgQ=,https://ts4.mm.bing.net/th?id=OIP.M_trZvCvrv-9e2LVUaT45AAAAA&pid=15.1,,,,,,,,,Bing Images,review-required,2026-07-31T04:28:29.722900+00:00
ac25bfd6f26566c75438,Anna Polina,Anna Polina Pictures : Photo Gallery: Anna Polina – WJBWJM,https://maxforpresident.org/anna-polina-pictures-photo-gallery-anna-polina/,https://celebfleet.net/wp-content/uploads/2023/02/Anna-Polina-Biography-819x1024.jpg,https://ts1.mm.bing.net/th?id=OIP.nh8-4YZ4_A1CnZ96-aqAywHaJQ&pid=15.1,,,,,,,,,Bing Images,review-required,2026-07-31T04:28:29.722900+00:00
64aeb7dc4cc7c5602260,Anna Polina,Anna Polina Vald : Anna Polina : Actrice française de cinéma adulte – CREM,https://ascapeaudio.com/anna-polina-vald-anna-polina-actrice-francaise-de-cinema-adulte/,https://celebfleet.net/wp-content/uploads/2023/02/Anna-Polina-819x1024.jpg,https://ts3.explicit.bing.net/th?id=OIP.fR5Uze2dfVLuWLMQP-EMswHaJQ&pid=15.1,,,,,,,,,Bing Images,review-required,2026-07-31T04:28:29.722900+00:00
6fec988809ef46b994de,Anna Polina,"Anna Polina – Filme, Bio und Listen auf MUBI",https://mubi.com/de/cast/anna-polina,https://images.mubicdn.net/images/cast_member/705009/cache-452911-1563073286/image-w856.jpg,https://ts1.mm.bing.net/th?id=OIP.7Hh3hQbwB6NPOl7U9HJPyQHaIy&pid=15.1,,,,,,,,,Bing Images,review-required,2026-07-31T04:28:29.722900+00:00
724528e6e71853cf6fc7,Anna Polina,Anna Polina — The Movie Database (TMDB),https://www.themoviedb.org/person/587900-anna-polina,https://www.themoviedb.org/t/p/w600_and_h900_bestv2/g3i6DYnXXNxPZtzgbJonki9v45a.jpg,https://ts1.mm.bing.net/th?id=OIP.ifqGNwL27NZLAnIhwb5JfQHaLG&pid=15.1,,,,,,,,,Bing Images,review-required,2026-07-31T04:28:29.722900+00:00
60f74363f8f7a3211147,Anna Polina,"Anna Polina, actrice | Biographie et filmographie détaillées",https://lepoulpecalin.com/anna-polina-actrice-biographie-et-filmographie-detaillees/,https://lepoulpecalin.com/wp-content/uploads/2024/05/Anna-polina-photo.png,https://ts1.mm.bing.net/th?id=OIP.XvQVrHDmbV0_CtqtHdBx7QHaHa&pid=15.1,,,,,,,,,Bing Images,review-required,2026-07-31T04:28:29.722900+00:00
48cc877367197466db41,Anna Polina,Mes photos | Anna Polina – Site officiel,https://annapolina.com/mes-photos/,https://annapolina.com/wp-content/gallery-bank/gallery-uploads/o_1aef9tckj1dlb68d1omj1plp1vplg.jpg,https://ts3.mm.bing.net/th?id=OIP.gNmzfIcP4hLAV3GtVC1V2wHaLH&pid=15.1,,,,,,,,,Bing Images,review-required,2026-07-31T04:28:29.722900+00:00
ed095e8e9bc8a7859378,Anna Polina,Mes photos | Anna Polina – Site officiel,https://annapolina.com/mes-photos/,https://annapolina.com/wp-content/uploads/photo-gallery/FD5B8800 [Anna].JPG,https://ts4.mm.bing.net/th?id=OIP.Xrf2wVwS896eoyqFKs3AwAHaLH&pid=15.1,,,,,,,,,Bing Images,review-required,2026-07-31T04:28:29.722900+00:00
243a10a0335d05b66b4b,Anna Polina,Photo de Anna Polina - Plaisir fantôme : Photo Anna Polina - Photo 0 ...,https://www.allocine.fr/personne/fichepersonne-522229/photos/detail/?cmediafile=21614151,https://fr.web.img6.acsta.net/pictures/19/04/25/11/04/4069121.jpg,https://ts4.explicit.bing.net/th?id=OIP.mb9sFF4jEvy7yDfVmhMP9gHaE9&pid=15.1,,,,,,,,,Bing Images,review-required,2026-07-31T04:28:29.722900+00:00
7224f36ba45548e46e6c,Anna Polina,Photo de Anna Polina - Plaisir fantôme : Photo Anna Polina - Photo 1 ...,https://www.allocine.fr/personne/fichepersonne-522229/photos/detail/?cmediafile=21614150,https://fr.web.img6.acsta.net/pictures/19/04/25/11/04/4045721.jpg,https://ts2.mm.bing.net/th?id=OIP.XZ26kZdMe4MjATf5ExVSdwHaE8&pid=15.1,,,,,,,,,Bing Images,review-required,2026-07-31T04:28:29.722900+00:00
6b8d3b8982028ca30101,Anna Polina,Photo de Anna Polina - Plaisir fantôme : Photo Anna Polina - Photo 3 ...,https://www.allocine.fr/personne/fichepersonne-522229/photos/detail/?cmediafile=21614148,https://fr.web.img2.acsta.net/pictures/19/04/25/11/04/3997360.jpg,https://ts2.mm.bing.net/th?id=OIP.hAyMuj428-yTMnYCMJUSbAHaE8&pid=15.1,,,,,,,,,Bing Images,review-required,2026-07-31T04:28:29.722900+00:00
5020783f21d782049f4b,Anna Polina,Rencontre avec la réalisatrice et hardeuse Anna Polina - YouTube,https://www.youtube.com/watch?v=nhk4dH5Ts4o,https://i.ytimg.com/vi/nhk4dH5Ts4o/maxresdefault.jpg,https://ts2.mm.bing.net/th?id=OIP.HNJatXMrsFHji26wNZ9UxQHaEK&pid=15.1,,,,,,,,,Bing Images,review-required,2026-07-31T04:28:29.722900+00:00
a581b4408a551ffe488f,Anna Polina,欧美女艺人——Anna Polina__财经头条,https://cj.sina.com.cn/articles/view/6436357541/17fa305a500100wyvf,https://n.sinaimg.cn/sinakd10119/138/w640h1098/20210302/f170-kksmnwv4986535.jpg,https://ts2.mm.bing.net/th?id=OIP.RX2iMHD0dJiOKY7uo8B1dAHaMt&pid=15.1,,,,,,,,,Bing Images,review-required,2026-07-31T04:28:29.722900+00:00
e4b2dacf0e58c545d5ab,Anna Polina,欧美女艺人——Anna Polina__财经头条,https://cj.sina.com.cn/articles/view/6436357541/17fa305a500100wyvf,https://n.sinaimg.cn/sinakd10119/510/w630h680/20210302/5362-kksmnwv4985918.jpg,https://ts2.mm.bing.net/th?id=OIP.APFZqpaW858euwhBgcWSvQHaH_&pid=15.1,,,,,,,,,Bing Images,review-required,2026-07-31T04:28:29.722900+00:00
4d7f124779be598b849b,Annabel Chong,"12 Annabel Chong Stock Photos, High-Res Pictures, and Images - Getty Images",https://www.gettyimages.com.mx/fotos/annabel-chong,https://media.gettyimages.com/id/830180450/es/foto/grace-quek-on-the-majestic-beach-pier-to-launch-her-latest-movie-sex-the-annabel-chong-story.jpg?s=612x612&w=gi&k=20&c=S87d8TBzZ_2bC9eOe8HDY2ixWSO3bRjO90WC53bhkZ0=,https://ts2.explicit.bing.net/th?id=OIP.6zToUHL73uNaHKjH0j0_SAAAAA&pid=15.1,,,,,,,,,Bing Images,review-required,2026-07-31T04:28:31.459128+00:00
d243d41365981b797c02,Annabel Chong,"Alle acteurs in Sex: The Annabel Chong Story (film, 1999) - FilmVandaag.nl",https://www.filmvandaag.nl/film/28188-sex-the-annabel-chong-story/cast,https://www.filmvandaag.nl/api/og-image/movie/28188-sex-the-annabel-chong-story.jpg,https://ts4.mm.bing.net/th?id=OIP.9-8nsC_kMu0YidLns1UswQHaD4&pid=15.1,,,,,,,,,Bing Images,review-required,2026-07-31T04:28:31.459128+00:00
c955e22a43861f3f42bb,Annabel Chong,"Annabel Chong Net Worth - Wiki, Age, Weight and Height, Relationships ...",https://luxlux.net/en/celebrities/annabel-chong/,https://luxlux.net/lux/wp-content/uploads/Annabel-Chong-1-800x500.jpeg,https://ts3.mm.bing.net/th?id=OIP.RgCOEB7EIsIImD-Zm7Ix7wHaEo&pid=15.1,,,,,,,,,Bing Images,review-required,2026-07-31T04:28:31.459128+00:00
c55484f4807da2dfe423,Annabel Chong,Annabel Chong: Singapore Adult Film Actress Who Made It Big In ...,https://www.youtube.com/watch?v=q4gL00k1k0s,https://i.ytimg.com/vi/q4gL00k1k0s/maxresdefault.jpg?sqp=-oaymwEmCIAKENAF8quKqQMa8AEB-AHOBYAC0AWKAgwIABABGGMgZSgvMA8=&rs=AOn4CLDXbpiKO3ciNN0XNHeaAxG1yqJriw,https://ts1.mm.bing.net/th?id=OIP.pPiDksYR-tH2BJezBxescQHaEK&pid=15.1,,,,,,,,,Bing Images,review-required,2026-07-31T04:28:31.459128+00:00
fcb6cb52bfc706907791,Annabel Chong,"STOCK IMAGE, , A7A08B20_348, 01A84305 , Photos 12 Cinema - Search Stock ...",https://www.diomedia.com/stock-photo-sex-the-annabel-chong-story-1999-usa-image5412448.html,https://cache.diomedia.com/diocomp/01/A8/43/comp/01A8-4305.jpg,https://ts2.mm.bing.net/th?id=OIP.V71L6oGr6UM0JJX6ceDo5wHaIx&pid=15.1,,,,,,,,,Bing Images,review-required,2026-07-31T04:28:31.459128+00:00
cea7eb13ccb7a0f9a283,Annabel Chong,Sex - The Annabel Chong Story Review | SBS What's On,https://www.sbs.com.au/whats-on/article/sex-the-annabel-chong-story-review/zh0k4nlu3,https://images.sbs.com.au/dims4/default/844586e/2147483647/strip/true/crop/704x396+0+0/resize/1280x720!/quality/90/?url=https:%2F%2Fvideocdn-sbs.akamaized.net%2Fu%2Fvideo%2FSBS%2F899%2F255%2F11679299864_0905-full.jpg,https://ts4.mm.bing.net/th?id=OIP.PngPgGn6CK5dcOnELduH_QHaEK&pid=15.1,,,,,,,,,Bing Images,review-required,2026-07-31T04:28:31.459128+00:00
f22144f2860fb2ccfecc,Annabel Chong,Sex : the annabel chong story | 1998,https://www.cinefil.com/film/sex-the-annabel-chong-story,https://images.cinefil.com/movies/232670.webp,https://ts1.mm.bing.net/th?id=OIP.2J8z7FCgZOu-cjyDdfE4rwHaLa&pid=15.1,,,,,,,,,Bing Images,review-required,2026-07-31T04:28:31.459128+00:00
45b0587df02edd311c63,Annabel Chong,Sex: The Annabel Chong Story (1999) - AZ Movies,https://www.azmovies.net/movie/51182/sex-the-annabel-chong-story,https://image.tmdb.org/t/p/original/rn1wvrwJf5iv4VFy7ZNr8lxmYNM.jpg,https://ts2.mm.bing.net/th?id=OIP.aTRNXEZvjLIySrRn1Q0rEAHaEK&pid=15.1,,,,,,,,,Bing Images,review-required,2026-07-31T04:28:31.459128+00:00
7e4092b9276ab9caef2e,Annabel Chong,Sex: The Annabel Chong Story (1999) | MUBI,https://mubi.com/en/us/films/sex-the-annabel-chong-story,https://images.mubicdn.net/images/film/47014/cache-48359-1445916587/image-w1280.jpg,https://ts3.mm.bing.net/th?id=OIP.uFh2o1Q3lx855U9MZbvUdwHaEK&pid=15.1,,,,,,,,,Bing Images,review-required,2026-07-31T04:28:31.459128+00:00
f1ba0ae531bc1f5c5193,Annabel Chong,Sex: The Annabel Chong Story (1999) — The Movie Database (TMDB),https://www.themoviedb.org/movie/51182-sex-the-annabel-chong-story,https://www.themoviedb.org/t/p/w600_and_h900_bestv2/g8Pcl0aWJCrx2wwAszZlkERPdnm.jpg,https://ts4.mm.bing.net/th?id=OIP.xIo7ec-LGGYbxDtjYhlXcQHaLH&pid=15.1,,,,,,,,,Bing Images,review-required,2026-07-31T04:28:31.459128+00:00
b6bc2e8b665d14426cd5,Annabel Chong,Sex: The Annabel Chong Story (1999) — The Movie Database (TMDb),https://www.themoviedb.org/movie/51182-sex-the-annabel-chong-story,https://www.themoviedb.org/t/p/w276_and_h350_face/62FNeg5H0TkrmWeMYzi9y8md0Xa.jpg,https://ts3.explicit.bing.net/th?id=OIP.JkWb6P_vRy59MreKGTr8RQAAAA&pid=15.1,,,,,,,,,Bing Images,review-required,2026-07-31T04:28:31.459128+00:00
8af7d8238002b5b3faf9,Annabel Chong,Singapore Theater Stages Play Based on Annabel Chong | AVN,https://avn.com/news/video/singapore-theater-stages-play-based-on-annabel-chong-23304,https://resize.avn.com/eyJidWNrZXQiOiJhdm4taW1hZ2VzIiwia2V5IjoiYXZuaW1hZ2VhcmNoaXZlXC8yOFwvNjlcLzQ2XC8yODY5NDZBbm5hYmVsQ2hvbmdfbGVhZC5qcGciLCJlZGl0cyI6eyJyZXNpemUiOnsid2lkdGgiOjE2MDAsImhlaWdodCI6OTYwLCJmaXQiOiJpbnNpZGUiLCJwb3NpdGlvbiI6InRvcCJ9fX0=,https://ts3.mm.bing.net/th?id=OIP.bE18AOXITfK4K7Y5zT-p_gHaFC&pid=15.1,,,,,,,,,Bing Images,review-required,2026-07-31T04:28:31.459128+00:00
33038114696beebf5cfa,Annabel Chong,TLDR: From porn star to software developer: Annabel Chong - YouTube,https://www.youtube.com/watch?v=NiFeSAxrOoU,https://i.ytimg.com/vi/NiFeSAxrOoU/maxresdefault.jpg,https://ts4.mm.bing.net/th?id=OIP.JI85Sf3jVEFIW042nmYPTgHaEK&pid=15.1,,,,,,,,,Bing Images,review-required,2026-07-31T04:28:31.459128+00:00
789b715c230815412472,Annabel Chong,What Happened To Annabel Chong After The Jerry Springer Show Season 5,https://screenrant.com/jerry-springer-show-season-5-annabel-chong-update/,https://static1.srcdn.com/wordpress/wp-content/uploads/2023/05/1604284192233-000sapa990520534890.jpg,https://ts3.mm.bing.net/th?id=OIP.mrk-dPQ5TB7Z6hKbyzuQUAHaDt&pid=15.1,,,,,,,,,Bing Images,review-required,2026-07-31T04:28:31.459128+00:00
ef00fb94d2eab7647373,Annabel Chong,What Happened to Annabel Chong?,https://www.vice.com/en/article/what-happened-to-annabel-chong/,https://www.vice.com/wp-content/uploads/sites/2/2025/01/Screenshot-2025-01-03-at-3.01.10-PM.png?resize=1536,https://ts2.mm.bing.net/th?id=OIP.VpG11njBHUZThtdhrip7mAHaET&pid=15.1,,,,,,,,,Bing Images,review-required,2026-07-31T04:28:31.459128+00:00
293ce2c2d63b4f5a4cd9,Annabel Chong,애나벨 청 스토리 (Sex: The Annabel Chong Story) 상세정보 | 씨네21,https://cine21.com/movie/info/?movie_id=3971,"https://image.cine21.com/resize/cine21/still/2005/0609/M0020045_03[S750,750].jpg",https://ts4.mm.bing.net/th?id=OIP.j7-6-kgmmtZ5xXEpy9Z6hwHaF5&pid=15.1,,,,,,,,,Bing Images,review-required,2026-07-31T04:28:31.459128+00:00
ed00a3a81357ac283a80,Annabel Chong,애나벨 청 스토리 (Sex: The Annabel Chong Story) 상세정보 | 씨네21,https://cine21.com/movie/info/?movie_id=3971,"https://image.cine21.com/resize/cine21/still/2005/0609/M0020046_05[S750,750].jpg",https://ts1.explicit.bing.net/th?id=OIP.VmgToFV0fpfLg_L1lPAaUAHaFy&pid=15.1,,,,,,,,,Bing Images,review-required,2026-07-31T04:28:31.459128+00:00
ead6f60c6a786b81c1fd,Annie Sprinkle,16 Fascinating Facts About Annie Sprinkle - Facts.net,https://facts.net/celebrity/16-fascinating-facts-about-annie-sprinkle/,https://facts.net/wp-content/uploads/2023/11/16-fascinating-facts-about-annie-sprinkle-1699863763.jpg,https://ts1.mm.bing.net/th?id=OIP.RH9_NI4wvDDwy_BgWuDUKgHaE8&pid=15.1,,,,,,,,,Bing Images,review-required,2026-07-31T04:28:34.969846+00:00
ff42ade43616132bce2c,Annie Sprinkle,"167 Annie Whitney Stock Photos, High-Res Pictures, and Images - Getty ...",https://www.gettyimages.co.uk/photos/annie-whitney,https://media.gettyimages.com/id/477575101/photo/new-york-ny-annie-sprinkle-narcissister-and-christine-finley-attend-the-whitney-houston.jpg?s=612x612&w=gi&k=20&c=9rQExKgMD1OqGWmqssxsmUUHxst4chHZTyeVtX5x218=,https://ts3.mm.bing.net/th?id=OIP.7DJa91y0bIW_qSAItI9PmwAAAA&pid=15.1,,,,,,,,,Bing Images,review-required,2026-07-31T04:28:34.969846+00:00
03ceb7f8ae8a81676195,Annie Sprinkle,Annie Sprinkle Net Worth | Celebrity Net Worth,https://www.celebritynetworth.com/richest-celebrities/actors/annie-sprinkle-net-worth/,https://vz.cnwimg.com/wp-content/uploads/2015/05/Annie-Sprinkle.jpg,https://ts2.mm.bing.net/th?id=OIP.QIy7nnF0yrYMChjeVGvcMAHaGV&pid=15.1,,,,,,,,,Bing Images,review-required,2026-07-31T04:28:34.969846+00:00
2164d95188fc575bea5f,Annie Sprinkle,Annie Sprinkle Photos and Premium High Res Pictures - Getty Images,https://www.gettyimages.ie/photos/annie_sprinkle,https://media.gettyimages.com/id/861984364/photo/filmmaker-annie-sprinkle-appears-with-friends-for-her-film-water-makes-us-wet-at-the-santa.jpg?s=612x612&w=gi&k=20&c=WzJbz8mBBzhmyDUvi-QJadJBi36P_gfRqGXUJyZlE9Y=,https://ts3.mm.bing.net/th?id=OIP.KtVRmxJw_RJhuXrZjcqB5AHaFT&pid=15.1,,,,,,,,,Bing Images,review-required,2026-07-31T04:28:34.969846+00:00
834c2331de26a6572eb3,Annie Sprinkle,Annie Sprinkle Photos and Premium High Res Pictures - Getty Images,https://www.gettyimages.com/photos/annie_sprinkle,https://media.gettyimages.com/id/551116747/photo/die-performancekünstlerin-annie-sprinkle.jpg?s=612x612&w=gi&k=20&c=j3jnvEUfouObPOhcuj5iI1-yZa_e1X4BDJ2i_-WbCzw=,https://ts1.mm.bing.net/th?id=OIP.86GXk5Zrkj_Il5NSFJqn0QAAAA&pid=15.1,,,,,,,,,Bing Images,review-required,2026-07-31T04:28:34.969846+00:00
4407d390548ee5bc8513,Annie Sprinkle,Annie Sprinkle performing at the Brooklyn Museum’s Elizabeth A. Sackler ...,https://scrolller.com/annie-sprinkle-performing-at-the-brooklyn-museum-9kkl1l4zz8,https://images.scrolller.com/gamma/annie-sprinkle-performing-at-the-brooklyn-museum-1-70jafu1lta.jpg,https://ts4.mm.bing.net/th?id=OIP.6zCFiYqn0Kg17H4DqoksKgHaEc&pid=15.1,,,,,,,,,Bing Images,review-required,2026-07-31T04:28:34.969846+00:00
6d59e659702d8e999f30,Annie Sprinkle,Annie Sprinkle — The Movie Database (TMDB),https://www.themoviedb.org/person/98384-annie-sprinkle,https://media.themoviedb.org/t/p/w600_and_h900_bestv2/yI2bWCryXvfVpq99g5nkNM3TkfW.jpg,https://ts1.mm.bing.net/th?id=OIP.-pV-GyrcUDFEHBuwCPbzKwHaLH&pid=15.1,,,,,,,,,Bing Images,review-required,2026-07-31T04:28:34.969846+00:00
afadc503af3e9ea2666e,Annie Sprinkle,Annie Sprinkle-1 – Mark S. Bonham Centre for Sexual Diversity Studies,http://sds.utoronto.ca/annie-sprinkle-1/,http://sds.utoronto.ca/wp-content/uploads/Annie-Sprinkle-1.jpg,https://ts4.mm.bing.net/th?id=OIP.dv2CnmNon_WCxsjYh4nNEQHaFV&pid=15.1,,,,,,,,,Bing Images,review-required,2026-07-31T04:28:34.969846+00:00
39ca9c4ff82ce4ceff1d,Annie Sprinkle,Annie Sprinkle（演员、选角导演）_百度百科,https://baike.baidu.com/item/Annie Sprinkle/53173892,"https://bkimg.cdn.bcebos.com/pic/d50735fae6cd7b899e51426b716b55a7d933c995a08e?x-bce-process=image/resize,m_lfit,w_536,limit_1/quality,Q_70",https://ts2.mm.bing.net/th?id=OIP.EouCV1NanLBp3gEaq_ZzJAHaKR&pid=15.1,,,,,,,,,Bing Images,review-required,2026-07-31T04:28:34.969846+00:00
47b61942b593815f092e,Annie Sprinkle,Annie Whitney Photos and Premium High Res Pictures - Getty Images,https://www.gettyimages.co.uk/photos/annie-whitney,https://media.gettyimages.com/id/477575107/photo/performers-annie-sprinkle-and-narcissister-attend-the-whitney-houston-biennial-curated-by.jpg?s=612x612&w=gi&k=20&c=lUJCwMvBuD9dSMm075o2riFOteQ08G5L5tLgZFL65R4=,https://ts2.mm.bing.net/th?id=OIP.sjCFEY0rnWfYkLSjHiQqXQAAAA&pid=15.1,,,,,,,,,Bing Images,review-required,2026-07-31T04:28:34.969846+00:00
31d0a76bbbff0e33c990,Annie Sprinkle,Deep Inside Annie Sprinkle – Mélusine,https://melusine.com/products/deep-inside-annie-sprinkle,https://melusine.com/cdn/shop/files/Annie_8_1.1.9_2400x.jpg?v=1700596425,https://ts4.mm.bing.net/th?id=OIP.B7M0jT4g3xs_VpGhl2mzJAHaEK&pid=15.1,,,,,,,,,Bing Images,review-required,2026-07-31T04:28:34.969846+00:00
4db94d339f70404ac451,Annie Sprinkle,Deep Inside Annie Sprinkle – Mélusine,https://melusine.com/products/deep-inside-annie-sprinkle,https://melusine.com/cdn/shop/files/Annie_7_1.1.7_2400x.jpg?v=1700596425,https://ts4.mm.bing.net/th?id=OIP.ux9DcGRT7hKtrHQP4OYJzwHaEK&pid=15.1,,,,,,,,,Bing Images,review-required,2026-07-31T04:28:34.969846+00:00
e73043d74e056cba5680,Annie Sprinkle,Deep Inside Annie Sprinkle – Mélusine,https://melusine.com/products/deep-inside-annie-sprinkle,https://melusine.com/cdn/shop/files/Annie_9_1.1.10_2400x.jpg?v=1700596426,https://ts2.mm.bing.net/th?id=OIP.nPWt9Xb6_sI48QlpVW0cgQHaEK&pid=15.1,,,,,,,,,Bing Images,review-required,2026-07-31T04:28:34.969846+00:00
aa0d7e0c3c470c1a7332,Annie Sprinkle,"From Porn Star to PhD: The Life, Films & Career of Annie Sprinkle ...",https://iconsofsin.com/from-porn-star-to-phd-the-life-films-career-of-annie-sprinkle/,https://iconsofsin.com/wp-content/uploads/2025/10/from-porn-star-to-phd-the-life-films-career-of-annie-sprinkle.jpg,https://ts3.mm.bing.net/th?id=OIP.Za388Kx9aGDXM1tDZRnVxAHaEK&pid=15.1,,,,,,,,,Bing Images,review-required,2026-07-31T04:28:34.969846+00:00
8cd64649c19b737bf23b,Annie Sprinkle,"Guggenheim Fellowships: Supporting Artists, Scholars, & Scientists",https://www.gf.org/fellows/annie-sprinkle/,https://gf-production-ovhpbzlo.b-cdn.net/74941fed-6cf8-419b-8a05-87a1abe36e17/sprinkle-annie.jpg?crop=250%2C250%2C0%2C0&width=500,https://ts1.mm.bing.net/th?id=OIP.T9aPd1lF4b0rZ6C2qrv6cQAAAA&pid=15.1,,,,,,,,,Bing Images,review-required,2026-07-31T04:28:34.969846+00:00
f7911052f582df771fb2,Annie Sprinkle,Interview with Annie Sprinkle & Beth Stephens (Anglais) - YouTube,https://www.youtube.com/watch?v=gLWjedddfDs,https://i.ytimg.com/vi/gLWjedddfDs/maxresdefault.jpg,https://ts2.mm.bing.net/th?id=OIP.fW-B8_hdsyAHBU-qsSB7DQHaEK&pid=15.1,,,,,,,,,Bing Images,review-required,2026-07-31T04:28:34.969846+00:00
2edab29522794deee7c6,Annie Sprinkle,Nuo filmų suaugusiems žvaigždės iki edukologės: Annie Sprinkle mintys ...,https://zmones.15min.lt/naujiena/nuo-filmu-suaugusiems-zvaigzdes-iki-edukologes-annie-sprinkle-mintys-apie-seksualuma-pL5Avzk2BYZ,https://s1.15min.lt/images/photos/2016/04/11/original/annie-sprinkle-67bcff9ad9e5b.jpg,https://ts1.mm.bing.net/th?id=OIP.5RXdP327RgiDN5llbnEyzQHaLR&pid=15.1,,,,,,,,,Bing Images,review-required,2026-07-31T04:28:34.969846+00:00
c611fc88b52e88381e99,Annie Sprinkle,Rokhaya Diallo responds to Alice Neel’s portrait of Annie Sprinkle ...,https://www.artbasel.com/stories/alice-neel-annie-sprinkle-rokhaya-diallo,"https://dza2a2ql7zktf.cloudfront.net/binaries-cdn/dqzqcuqf9/image/fetch/q_auto,dpr_auto,c_fill,f_auto,w_auto/https://d2u3kfwd92fzu7.cloudfront.net/asset/cms/Annie_Sprinkle_Alice_Neel_Paris_plus_Art_Basel9.png",https://ts1.mm.bing.net/th?id=OIP.AhGs68P30D0P7acB2E5WdQHaEo&pid=15.1,,,,,,,,,Bing Images,review-required,2026-07-31T04:28:34.969846+00:00
4c13e66cfadd4dced440,Annie Sprinkle,Writers With Drinks with Annie Sprinkle! : Indybay,https://www.indybay.org/newsitems/2015/03/08/18769711.php,https://www.indybay.org/uploads/2015/03/08/510px-annie_sprinkle_.jpg,https://ts2.explicit.bing.net/th?id=OIP.GwxSd0dEpgq0BZkPYz3bAgHaLJ&pid=15.1,,,,,,,,,Bing Images,review-required,2026-07-31T04:28:34.969846+00:00
f3be5b32c93b05831e12,Anri Okita,"63 Anri Okita Stock Photos, High-Res Pictures, and Images - Getty Images",https://www.gettyimages.com/photos/anri-okita,https://media.gettyimages.com/id/515660194/photo/beijing-china-japanese-actress-anri-okita-attends-a-commercial-activity-on-march-14-2016-in.jpg?s=612x612&w=gi&k=20&c=b5PZjRdyABp1oIrvdFKz9kHjZaM0zU3NwPiGmOoe8jc=,https://ts2.mm.bing.net/th?id=OIP.dIYWOEbPI0AJ_mHgCN-AtQAAAA&pid=15.1,,,,,,,,,Bing Images,review-required,2026-07-31T04:28:36.457582+00:00
6df6677067f892e7198b,Anri Okita,A day’s work of actress Anri Okita ~ Gravure Japanese Idols Online Free,https://gravureidolsonline.blogspot.com/2013/12/a-days-work-of-actress-anri-okita.html,https://blogger.googleusercontent.com/img/b/R29vZ2xl/AVvXsEiCCMkLnCW9n0H_SEnkkMPc1MuGwxwsrY9aafVxY89o3kXfjTONtICNT1lPmxOODQr2-QryVN1xiwasDFL6L72M71vH_XOkkeMT75W51Y7pcBbitXtqWHMQy_vUAViMq5oAZzka_Qz5ozo/s1600/5.jpg,https://ts4.explicit.bing.net/th?id=OIP.mjIfuAUeeiuVzKwT2WG2VgHaEw&pid=15.1,,,,,,,,,Bing Images,review-required,2026-07-31T04:28:36.457582+00:00
774b54a72c6516a5d7ac,Anri Okita,A day’s work of actress Anri Okita ~ Gravure Japanese Idols Online Free,https://gravureidolsonline.blogspot.com/2013/12/a-days-work-of-actress-anri-okita.html,https://blogger.googleusercontent.com/img/b/R29vZ2xl/AVvXsEgPPvtszqRmbSoDrY2XGg9aorG14dSb2XbI95Eyb6KUfcrcz1ubhlJLq_LKxg1veLP5hDR7yHMhrcTwYBr6_n6VTcTaXf3ADXKu516-l7GgUCJHuJpAdbNutAXhy5HiwfEpeUFovlE8-zU/s1600/23.jpg,https://ts3.mm.bing.net/th?id=OIP.XAkGuIs_AIoPJF8-Df0tJAHaE0&pid=15.1,,,,,,,,,Bing Images,review-required,2026-07-31T04:28:36.457582+00:00
18a75465a49c48f60460,Anri Okita,Anri Okita,https://fity.club/lists/suggestions/anri-okita/,https://wallpaperaccess.com/full/3850851.jpg,https://ts3.explicit.bing.net/th?id=OIP.0VO54fpafCvw5sQW4X_KSgHaJP&pid=15.1,,,,,,,,,Bing Images,review-required,2026-07-31T04:28:36.457582+00:00
3dfd8e411ef63ac66e81,Anri Okita,Anri Okita,https://ar.inspiredpencil.com/pictures-2023/anri-okita,https://image.lexica.art/full_jpg/d947e18d-3421-4430-bc71-2642dea43655,https://ts2.mm.bing.net/th?id=OIP.m4Wt3gffnDedtYSn9glktwHaLH&pid=15.1,,,,,,,,,Bing Images,review-required,2026-07-31T04:28:36.457582+00:00
ed4eb00a79761cc78317,Anri Okita,Anri Okita,https://fity.club/lists/suggestions/anri-okita/,https://everipedia-storage.s3-accelerate.amazonaws.com/ProfilePics/6666626628468316110.PNG,https://ts2.mm.bing.net/th?id=OIP.lln0TOHUMrLebmsELPWGkgHaIt&pid=15.1,,,,,,,,,Bing Images,review-required,2026-07-31T04:28:36.457582+00:00
c6380b2e239b82ab2634,Anri Okita,Anri Okita - 17.02.22 13:31 | Пикабу,https://pikabu.ru/story/anri_okita_8847127,https://cs14.pikabu.ru/post_img/2022/02/17/7/og_og_1645093904256026619.jpg,https://ts3.mm.bing.net/th?id=OIP.4mVwvDq5Gua0biHNoZ3TTQHaD4&pid=15.1,,,,,,,,,Bing Images,review-required,2026-07-31T04:28:36.457582+00:00
a58f9f80cebc3bc87a47,Anri Okita,"Anri Okita Biography/Wiki, Age, Height, Career, Photos & More",https://globalzonetoday.com/anri-okita/,https://globalzonetoday.com/wp-content/uploads/Anri-Okita.jpg,https://ts2.explicit.bing.net/th?id=OIP.s69hmcDIwpZ4NHZXLAY7ywHaFT&pid=15.1,,,,,,,,,Bing Images,review-required,2026-07-31T04:28:36.457582+00:00
f7caac62bd40133d555d,Anri Okita,"Anri Okita Biography/Wiki, Age, Height, Career, Photos & More",https://globalzonetoday.com/anri-okita/,https://globalzonetoday.com/wp-content/uploads/Anri-Okita-1.jpg?x40822,https://ts3.mm.bing.net/th?id=OIP.e-qK39RFlWwq5A0ULnupDQHaGs&pid=15.1,,,,,,,,,Bing Images,review-required,2026-07-31T04:28:36.457582+00:00
ba5d450e7dd4ce4f275e,Anri Okita,Anri Okita Photos and Premium High Res Pictures - Getty Images,https://www.gettyimages.com/photos/anri-okita,https://media.gettyimages.com/id/515660182/photo/japanese-actress-anri-okita-attends-a-commercial-activity-on-march-14-2016-in-beijing-china.jpg?s=612x612&w=gi&k=20&c=IXPpQXJMzVzf2E6PCZKfzwZsFCcwZaUKyDcCuBevivw=,https://ts3.mm.bing.net/th?id=OIP.Hy8Rx-xmXXx5lHemVyf3HQAAAA&pid=15.1,,,,,,,,,Bing Images,review-required,2026-07-31T04:28:36.457582+00:00
ec325daba165706416d4,Anri Okita,Anri Okita Poster – Design #1055347 | IDPoster.com,https://idposter.com/Anri-Okita-posters-and-prints/1055347-Anri-Okita-poster,https://idposter.com/img/Models/A/Anri_Okita/id936775.webp,https://ts2.mm.bing.net/th?id=OIP.ksAZwSlADV4ejGXaieneggAAAA&pid=15.1,,,,,,,,,Bing Images,review-required,2026-07-31T04:28:36.457582+00:00
5f0c7dc20a6b0bcf683a,Anri Okita,Anri Okita Wallpaper,https://ar.inspiredpencil.com/pictures-2023/anri-okita-wallpaper,https://wallpapercave.com/wp/wp6246887.jpg,https://ts2.mm.bing.net/th?id=OIP.k7Aadvy6KhUge9FN_osbdgHaNK&pid=15.1,,,,,,,,,Bing Images,review-required,2026-07-31T04:28:36.457582+00:00
b6f45d548798eed09e81,Anri Okita,"Anri Okita 沖田杏梨 - Tokyo, Japan ~ Gorgeous Asian Girl",https://gorgeousasian.blogspot.com/2014/07/anri-okita-tokyo-japan.html,https://blogger.googleusercontent.com/img/b/R29vZ2xl/AVvXsEh7XjZBHtjOodxBvBFXd5bb5a87y9lr5cZUSc1ND8bGFBJhn7WQANLoqB0n2lZxYifLqDkByG7zMGm0TxFcIstJXbwyg2cmWCZI4bLQ-1UbpdxO_W7aYp6g9HN8EbhUmdIOaYx0JATf0LRc/s1600/anriokita-054.jpg,https://ts1.mm.bing.net/th?id=OIP.PJGnBWoR5oWUP7HgGTlhUQAAAA&pid=15.1,,,,,,,,,Bing Images,review-required,2026-07-31T04:28:36.457582+00:00
17667efd9f4920ef94f9,Anri Okita,"Anri Okita's Instagram, Twitter & Facebook on IDCrawl",https://www.idcrawl.com/anri-okita,https://c8.alamy.com/comp/2J7RD4K/anri-kawamura-may-10-2022-ski-association-of-japan-saj-snow-award-2022-in-tokyo-japan-credit-naoki-nishimuraaflo-sportalamy-live-news-2J7RD4K.jpg,https://ts1.mm.bing.net/th?id=OIP.Cz0DGL0yL0gknJ5PCoUEgQHaL4&pid=15.1,,,,,,,,,Bing Images,review-required,2026-07-31T04:28:36.457582+00:00
3f6ca96ba534bc8850c3,Anri Okita,"Anri Okita's Instagram, Twitter & Facebook on IDCrawl",https://www.idcrawl.com/anri-okita,https://1.bp.blogspot.com/-zNV7iUrEbJs/YZlsRwSuBYI/AAAAAAAADBM/xb4kWU7AeWE6eOHoRBmJqKTPB8VoUVUowCLcBGAsYHQ/s16000/Anri-Okita.jpg,https://ts1.mm.bing.net/th?id=OIP.hRSKJnQur1EmAJYA5ec9kwHaHa&pid=15.1,,,,,,,,,Bing Images,review-required,2026-07-31T04:28:36.457582+00:00
f04693ef41902fe66282,Anri Okita,Japanese Star Anri Okita Poses Signing Ceremony Hong Kong Book — Stock ...,https://depositphotos.com/editorial/japanese-star-anri-okita-poses-signing-ceremony-hong-kong-book-238249382.html,https://st4.depositphotos.com/21607914/23824/i/1600/depositphotos_238249382-stock-photo-japanese-star-anri-okita-poses.jpg,https://ts2.mm.bing.net/th?id=OIP.IcuhF2T1KuqBbuj_cSwbsgHaLz&pid=15.1,,,,,,,,,Bing Images,review-required,2026-07-31T04:28:36.457582+00:00
f66b94fde08ab8592d70,Anri Okita,Japanese Star Anri Okita Poses Signing Ceremony Hong Kong Book — Stock ...,https://depositphotos.com/editorial/japanese-star-anri-okita-poses-signing-ceremony-hong-kong-book-238251830.html,https://st4.depositphotos.com/21607914/23825/i/1600/depositphotos_238251830-stock-photo-japanese-star-anri-okita-poses.jpg,https://ts4.mm.bing.net/th?id=OIP.jrdGYNl6TxYdr4VP4iaorAHaLz&pid=15.1,,,,,,,,,Bing Images,review-required,2026-07-31T04:28:36.457582+00:00
34d98999e956819fed17,Anri Okita,Japanese actress Anri Okita attends a commercial activity on March ...,https://www.gettyimages.com/detail/news-photo/japanese-actress-anri-okita-attends-a-commercial-activity-news-photo/515660212,https://media.gettyimages.com/id/515660212/photo/anri-okita-attends-commercial-activity-in-beijing.jpg?s=1024x1024&w=gi&k=20&c=CvvV0NQlbRvyDkrWfyvD1KMuYzTgtwROneXFXWlFzW8=,https://ts3.mm.bing.net/th?id=OIP.QBThglI5Jup1iU24z002iQHaLE&pid=15.1,,,,,,,,,Bing Images,review-required,2026-07-31T04:28:36.457582+00:00
31079a226646beb2d160,Anri Okita,ดารา Anri Okita โพสระหว างงาน China Digital Entertainment Expo ...,https://depositphotos.com/th/editorial/japanese-star-anri-okita-poses-11th-china-digital-entertainment-expo-238296350.html,https://st4.depositphotos.com/21607914/23829/i/1600/depositphotos_238296350-stock-photo-japanese-star-anri-okita-poses.jpg,https://ts4.mm.bing.net/th?id=OIP.CWwgt4iIpwcSIrqDtXUclgHaL4&pid=15.1,,,,,,,,,Bing Images,review-required,2026-07-31T04:28:36.457582+00:00
9cd999905e32a62db195,Anri Sakaguchi,2026年03月 | じじいの時事ネタ速報,https://explorethestreets.site/archives/2026-03.html,https://www.news-postseven.com/uploads/2022/08/22/anri_sakaguchi_03.jpg,https://ts4.mm.bing.net/th?id=OIP.QaPoRrYIwpLKryn5-FGO8wHaE8&pid=15.1,,,,,,,,,Bing Images,review-required,2026-07-31T04:28:38.018168+00:00
4ba8b6f064ec22fffeb6,Anri Sakaguchi,Aktris AV Sakaguchi Anri ditangkap atas tuduhan pemerasan | GwiGwi,https://www.gwigwi.com/aktris-av-sakaguchi-anri-ditangkap-atas-tuduhan-pemerasan-32094/,https://www.gwigwi.com/wp-content/uploads/2017/04/o0600040011757168607.jpg,https://ts2.explicit.bing.net/th?id=OIP.WXRXorI2G73boVc-tLDIkgHaE8&pid=15.1,,,,,,,,,Bing Images,review-required,2026-07-31T04:28:38.018168+00:00
2fd21a805d05bd31f525,Anri Sakaguchi,"Amazon.com: Revised Sakaguchi Anri ANRI photo album ""What a day ...",https://www.amazon.com/Revised-Sakaguchi-Anri-photo-album/dp/4063528561,https://m.media-amazon.com/images/I/71d0Iy9xGBL._SL1500_.jpg,https://ts1.mm.bing.net/th?id=OIP.DGi2Lhkdp8zylhqnhloBUgHaJ1&pid=15.1,,,,,,,,,Bing Images,review-required,2026-07-31T04:28:38.018168+00:00
45c2e21bac90c9d792ed,Anri Sakaguchi,Anri Sakaguchi Stock-Fotos und Bilder - Getty Images,https://www.gettyimages.de/fotos/anri-sakaguchi,https://media.gettyimages.com/id/612984070/de/foto/tv-personality-anri-sakaguchi-attends-the-6th-shoes-best-dresser-awards-ceremony-on-november-13.jpg?s=612x612&w=gi&k=20&c=cmtZ_0D-uq6MOrmVcKLNkixaseO1IojLb_vCPOondcs=,https://ts1.mm.bing.net/th?id=OIP.QGY5jNq7i5b7EckAjIESSgAAAA&pid=15.1,,,,,,,,,Bing Images,review-required,2026-07-31T04:28:38.018168+00:00
8004579f178647235152,Anri Sakaguchi,Anri Sakaguchi Stock-Fotos und Bilder - Getty Images,https://www.gettyimages.de/fotos/anri-sakaguchi,https://media.gettyimages.com/id/612984074/de/foto/tv-personality-anri-sakaguchi-attends-the-wdlc-press-conference-on-november-12-2014-in-tokyo.jpg?s=612x612&w=gi&k=20&c=hd9jy8vm11kKdPPYCjC5tsUrQCrkZHRcicZ0jmhgLVQ=,https://ts2.explicit.bing.net/th?id=OIP.fZVWjuNw1jwhMv_D9dwjIAHaFn&pid=15.1,,,,,,,,,Bing Images,review-required,2026-07-31T04:28:38.018168+00:00
e91801b7a36a39985b6b,Anri Sakaguchi,Anri Sakaguchi Stock-Fotos und Bilder - Getty Images,https://www.gettyimages.de/fotos/anri-sakaguchi,https://media.gettyimages.com/id/612984050/de/foto/tv-personality-anri-sakaguchi-holds-a-press-conference-to-promote-her-new-dvd-on-january-12.jpg?s=612x612&w=gi&k=20&c=0FVxhdpr98hYB_WxfvUxFbAIh9zPmuqNppVZlzLB5XY=,https://ts2.mm.bing.net/th?id=OIP.C0RWZQOjAtFuUUEO0qseywHaF3&pid=15.1,,,,,,,,,Bing Images,review-required,2026-07-31T04:28:38.018168+00:00
574386da279e83636cd4,Anri Sakaguchi,Anri Sakaguchi accused of stealing sandwich from convenience store ...,https://www.tokyoreporter.com/japan-news/anri-sakaguchi-accused-of-stealing-sandwich-from-convenience-store/,https://www.tokyoreporter.com/wp-content/uploads/Anri-Sakagukchi-shoplifting.jpg,https://ts1.mm.bing.net/th?id=OIP.uMwpr6jG8K2znrPMncUzWQHaEJ&pid=15.1,,,,,,,,,Bing Images,review-required,2026-07-31T04:28:38.018168+00:00
fa733ef3404287a7a0e7,Anri Sakaguchi,Ex Atriz AV Anri Sakaguchi foi presa por Roubar um Sanduiche | Você ...,https://vocesabianime.com/anri-sakaguchi-presa-roubar-um-sanduiche/,https://vocesabianime.com/wp-content/uploads/2026/03/Anri-Sakaguchi.jpg,https://ts4.mm.bing.net/th?id=OIP.GJnrqGaFebqPX1v2TTbfQAHaEK&pid=15.1,,,,,,,,,Bing Images,review-required,2026-07-31T04:28:38.018168+00:00
6f5e9fc4a5eea416ff13,Anri Sakaguchi,"I ruined myself, Sakaguchi Anri, the future still needs stability - iNEWS",https://inf.news/en/entertainment/646c40678af7f8b9bde2068f6fdfcb01.html,https://p1-tt.byteimg.com/origin/tos-cn-i-qvj2lq49k0/be736361651d494eafb0aeddae313a3e.jpg,https://ts4.explicit.bing.net/th?id=OIP.V9_g1aHEImPto6RkPLqlfQHaJ4&pid=15.1,,,,,,,,,Bing Images,review-required,2026-07-31T04:28:38.018168+00:00
d306c518aebb8f4dfaaa,Anri Sakaguchi,"I ruined myself, Sakaguchi Anri, the future still needs stability - iNEWS",https://inf.news/en/entertainment/646c40678af7f8b9bde2068f6fdfcb01.html,https://p1-tt.byteimg.com/origin/tos-cn-i-qvj2lq49k0/0cbae638045e4c8d9147edbdf5ae988b.jpg,https://ts2.mm.bing.net/th?id=OIP.aFnKZ1ytm8LNM0EeptaJXQHaL2&pid=15.1,,,,,,,,,Bing Images,review-required,2026-07-31T04:28:38.018168+00:00
6b913ea5186f3f0f8b9a,Anri Sakaguchi,JAV girl Anri Sakaguchi with a lot of sagat from nihon media last time ...,https://forums.hardwarezone.com.sg/threads/jav-girl-anri-sakaguchi-with-a-lot-of-sagat-from-nihon-media-last-time-finally-got-married.6761801/,https://p1-tt-ipv6.byteimg.com/origin/pgc-image/a79e30b43e0146c5b127fe6caa9060ee.jpg,https://ts3.mm.bing.net/th?id=OIP.t7SqvnIXOBvzemGIP7F9dwHaE8&pid=15.1,,,,,,,,,Bing Images,review-required,2026-07-31T04:28:38.018168+00:00
142f9915dea9c7b02aa3,Anri Sakaguchi,TV personality Anri Sakaguchi attends the WDLC press conference on ...,https://www.gettyimages.ca/detail/news-photo/personality-anri-sakaguchi-attends-the-wdlc-press-news-photo/612984072,https://media.gettyimages.com/id/612984072/photo/anri-sakaguchi-attends-press-conference-in-tokyo.jpg?s=1024x1024&w=gi&k=20&c=GIHW0R3Gxno4Abs56qLJtlUQratSuQTYaYi0ULDlt0s=,https://ts1.explicit.bing.net/th?id=OIP.UznnLaVAXuJ9V4fcT9SShwHaJ6&pid=15.1,,,,,,,,,Bing Images,review-required,2026-07-31T04:28:38.018168+00:00
a2ce6374324a6b969b43,Anri Sakaguchi,TV personality Anri Sakaguchi attends the WDLC press conference on ...,https://www.gettyimages.ch/detail/nachrichtenfoto/personality-anri-sakaguchi-attends-the-wdlc-press-nachrichtenfoto/612984062,https://media.gettyimages.com/id/612984062/de/foto/tv-personality-anri-sakaguchi-attends-the-wdlc-press-conference-on-november-12-2014-in-tokyo.jpg?s=1024x1024&w=gi&k=20&c=Z4VSTZ7b_6Ii-T8ihg1TK__qatmO5Nzg0gZmqCqbd5o=,https://ts2.explicit.bing.net/th?id=OIP.DUWoUUtKNsCWoNV7sLb2mwHaFh&pid=15.1,,,,,,,,,Bing Images,review-required,2026-07-31T04:28:38.018168+00:00
3a9168506677454c01e5,Anri Sakaguchi,TV personality Anri Sakaguchi holds a press conference to promote her ...,https://www.gettyimages.ie/detail/news-photo/personality-anri-sakaguchi-holds-a-press-conference-to-news-photo/612984054,https://media.gettyimages.com/id/612984054/photo/anri-sakaguchi-attends-press-conference-in-tokyo.jpg?s=1024x1024&w=gi&k=20&c=99jx7xYJWOfWW_19tbqwi7ToGxN24J_wLXK78T6oWv4=,https://ts1.mm.bing.net/th?id=OIP.koVU1IYBRztE_7yq2MaLygHaHP&pid=15.1,,,,,,,,,Bing Images,review-required,2026-07-31T04:28:38.018168+00:00
611b8b258be7a084c9e8,Anri Sakaguchi,TV personality Anri Sakaguchi holds a press conference to promote her ...,https://www.gettyimages.com.au/detail/news-photo/personality-anri-sakaguchi-holds-a-press-conference-to-news-photo/612984048,https://media.gettyimages.com/id/612984048/photo/anri-sakaguchi-attends-press-conference-in-tokyo.jpg?s=1024x1024&w=gi&k=20&c=bgpuET2zh7etqxqdLBXXgSpLH0JQh0LZEM_xwxx0UmM=,https://ts1.mm.bing.net/th?id=OIP.cHWBat6mHQf3Ct9QSOymmgHaHK&pid=15.1,,,,,,,,,Bing Images,review-required,2026-07-31T04:28:38.018168+00:00
a48a64d52ba0cc763c93,Anri Sakaguchi,坂口杏里 - Profile Images — The Movie Database (TMDB),https://www.themoviedb.org/person/2583288/images/profiles,https://image.tmdb.org/t/p/original/haqJElsd17gw8GV6GZFeYr5AW3Q.jpg,https://ts1.mm.bing.net/th?id=OIP.xtBRkvO5IkrLWZfF4jMTcgAAAA&pid=15.1,,,,,,,,,Bing Images,review-required,2026-07-31T04:28:38.018168+00:00
28d969b8a4b2b5863f08,April O'Neil (actress),April O Neil Coloring Pages,https://storage.googleapis.com/nymhofvpofkuvxeriblog/april-o-neil-coloring-pages.html,"https://images-wixmp-ed30a86b8c4ca887773594c2.wixmp.com/f/742cea05-5544-4b03-a826-4445631f9304/dfxglfp-f41db80c-d1bb-42cc-8b50-9f7df286bd48.png/v1/fill/w_730,h_1095,q_70,strp/april_o_neil__teenage_mutant_ninja_turtles__by_dantegonist_dfxglfp-pre.jpg?token=eyJ0eXAiOiJKV1QiLCJhbGciOiJIUzI1NiJ9.eyJzdWIiOiJ1cm46YXBwOjdlMGQxODg5ODIyNjQzNzNhNWYwZDQxNWVhMGQyNmUwIiwiaXNzIjoidXJuOmFwcDo3ZTBkMTg4OTgyMjY0MzczYTVmMGQ0MTVlYTBkMjZlMCIsIm9iaiI6W1t7ImhlaWdodCI6Ijw9MjQwMCIsInBhdGgiOiJcL2ZcLzc0MmNlYTA1LTU1NDQtNGIwMy1hODI2LTQ0NDU2MzFmOTMwNFwvZGZ4Z2xmcC1mNDFkYjgwYy1kMWJiLTQyY2MtOGI1MC05ZjdkZjI4NmJkNDgucG5nIiwid2lkdGgiOiI8PTE2MDAifV1dLCJhdWQiOlsidXJuOnNlcnZpY2U6aW1hZ2Uub3BlcmF0aW9ucyJdfQ.szCz4QHbkJK-CboUagI57VV_iPiGq2snETm8ONMycv4",https://ts2.mm.bing.net/th?id=OIP.m7J9pZ_pLL391kCR7YBIfwHaLH&pid=15.1,,,,,,,,,Bing Images,review-required,2026-07-31T04:28:42.320917+00:00
6418ba93c75153912b1b,April O'Neil (actress),April O'Neil (TMNT 1987) Fan Casting,https://www.mycast.io/talent/april-o-neil-tmnt-1987,https://assets.mycast.io/actor_images/actor-april-o-neil-tmnt-1987-464833_large.jpg?1656052560,https://ts1.explicit.bing.net/th?id=OIP._siQAUmlPOxEXrdAzgjpMwAAAA&pid=15.1,,,,,,,,,Bing Images,review-required,2026-07-31T04:28:42.320917+00:00
76be2bd5dd7f6cd499d8,April O'Neil (actress),April O'Neil (TMNT 2012) Fan Casting,https://www.mycast.io/talent/april-o-neil-tmnt-2012,https://assets.mycast.io/actor_images/actor-april-o-neil-tmnt-2012-957404_large.jpg?1704171450,https://ts2.mm.bing.net/th?id=OIP.HTD0NyGr4dqbqlrPKVl_hAAAAA&pid=15.1,,,,,,,,,Bing Images,review-required,2026-07-31T04:28:42.320917+00:00
0b86460d927e7ce9b2a5,April O'Neil (actress),April O'Neil (TMNT Live Action 2014) | Heroes Wiki | Fandom,https://hero.fandom.com/wiki/April_O'Neil_(TMNT_Live_Action_2014),https://static.wikia.nocookie.net/p__/images/7/78/April_OOTS.jpg/revision/latest/scale-to-width-down/1200?cb=20160613111306&path-prefix=protagonist,https://ts2.mm.bing.net/th?id=OIP.Zd6zpcbM2fjN08YLwuVQHAHaO9&pid=15.1,,,,,,,,,Bing Images,review-required,2026-07-31T04:28:42.320917+00:00
bcb7f90dd0ce995cf327,April O'Neil (actress),"April O'Neil – Movies, Bio and Lists on MUBI",https://mubi.com/en/cast/april-o-neil,https://images.mubicdn.net/images/cast_member/880664/cache-912083-1696961678/image-w856.jpg,https://ts1.mm.bing.net/th?id=OIP.3OtB3zLaW5N7a3npW1-cLAHaIy&pid=15.1,,,,,,,,,Bing Images,review-required,2026-07-31T04:28:42.320917+00:00
b27140b959bbba0a2b76,April O'Neil (actress),April O'neil Photos and Premium High Res Pictures - Getty Images,https://www.gettyimages.com/photos/april_o'neil,https://media.gettyimages.com/id/506564018/photo/adult-film-actress-april-oneil-attends-the-2016-adult-video-news-awards-at-the-hard-rock-hotel.jpg?s=612x612&w=gi&k=20&c=4fKjuCn2fCYaxrtpGOJttoBUbVkgHQx16Y4bZzfvkoo=,https://ts1.mm.bing.net/th?id=OIP.1shokLtiltjDcZJbsxgTAwHaJY&pid=15.1,,,,,,,,,Bing Images,review-required,2026-07-31T04:28:42.320917+00:00
5ab849bebafb46f1f5f0,April O'Neil (actress),Doris Eke Nollywood Actress 60 Photos - Moonagedaydream.film,https://moonagedaydream.film/actress/doris-eke-nollywood-actress,https://variety.com/wp-content/uploads/2014/08/judith-hoag-teenage-mutant-ninja-turtles.jpg?w=1000&h=563&crop=1,https://ts1.mm.bing.net/th?id=OIP.wyD6ZIgsKfrGu3obqLqjjgHaEK&pid=15.1,,,,,,,,,Bing Images,review-required,2026-07-31T04:28:42.320917+00:00
7687575d342caabd55f3,April O'Neil (actress),Last Ronin's Writer Wants 90s April O'Neil Actress Involved in the ...,https://screenrant.com/last-ronin-adaptation-judith-hoag-90s-april-oneil/,https://static1.srcdn.com/wordpress/wp-content/uploads/2024/06/april-1.jpg,https://ts3.mm.bing.net/th?id=OIP.9wzUj7-s8lfXoEUIdWXGXwHaD3&pid=15.1,,,,,,,,,Bing Images,review-required,2026-07-31T04:28:42.320917+00:00
938504a6998af6d85b86,April O'Neil (actress),"Movie opinions thread (what have you seen, what did you think?) | Page ...",https://www.neo-geo.com/forums/index.php?threads/movie-opinions-thread-what-have-you-seen-what-did-you-think.162296/page-603,https://www.datocms-assets.com/109366/1698932844-april-o-neil.png,https://ts3.mm.bing.net/th?id=OIP.ZwhQYSEsEdrODmI8Btww1QHaEK&pid=15.1,,,,,,,,,Bing Images,review-required,2026-07-31T04:28:42.320917+00:00
a1598b76a7a6d93d06bc,April O'Neil (actress),She's Fantastic: Teenage Mutant Ninja Turtles - APRIL O'NEIL!,http://www.shesfantastic.com/2021/04/teenage-mutant-ninja-turtles-april-oneil.html,https://1.bp.blogspot.com/-dl3biqT6-Z0/YGFQ5bcQr9I/AAAAAAABO14/EOa9hFkzZGAipRZGSoTDr7a1U36gK0BQwCPcBGAsYHg/s1195/tmnt-classics-april-oneil.jpg,https://ts3.mm.bing.net/th?id=OIP.7rwRDytCoXKinIGgEvYrkAHaFk&pid=15.1,,,,,,,,,Bing Images,review-required,2026-07-31T04:28:42.320917+00:00
57558577c2b90d04caf1,April O'Neil (actress),TMNT 1987 April O'Neil by dckakarott on DeviantArt,https://www.deviantart.com/dckakarott/art/TMNT-1987-April-O-Neil-985170071,"https://images-wixmp-ed30a86b8c4ca887773594c2.wixmp.com/f/bfc3747d-6b09-4922-9e8f-adb95157d30d/dgajm3b-ab98f918-8ee2-4ed8-b27d-dc016d1b2c8b.jpg/v1/fill/w_1024,h_683,q_75,strp/tmnt_1987_april_o_neil__by_dckakarott_dgajm3b-fullview.jpg?token=eyJ0eXAiOiJKV1QiLCJhbGciOiJIUzI1NiJ9.eyJzdWIiOiJ1cm46YXBwOjdlMGQxODg5ODIyNjQzNzNhNWYwZDQxNWVhMGQyNmUwIiwiaXNzIjoidXJuOmFwcDo3ZTBkMTg4OTgyMjY0MzczYTVmMGQ0MTVlYTBkMjZlMCIsIm9iaiI6W1t7ImhlaWdodCI6Ijw9NjgzIiwicGF0aCI6IlwvZlwvYmZjMzc0N2QtNmIwOS00OTIyLTllOGYtYWRiOTUxNTdkMzBkXC9kZ2FqbTNiLWFiOThmOTE4LThlZTItNGVkOC1iMjdkLWRjMDE2ZDFiMmM4Yi5qcGciLCJ3aWR0aCI6Ijw9MTAyNCJ9XV0sImF1ZCI6WyJ1cm46c2VydmljZTppbWFnZS5vcGVyYXRpb25zIl19.UngWg_8UCzN566tFlfn7tCbqyqTOppM1N_dyLdJ8jaM",https://ts4.mm.bing.net/th?id=OIP.Q4kH-X2kGRofoRJKzjhDCwHaE8&pid=15.1,,,,,,,,,Bing Images,review-required,2026-07-31T04:28:42.320917+00:00
28d922008f5a4cbf0610,April O'Neil (actress),Teenage Mutant Ninja Turtles - Teenage Mutant Ninja Turtles: Meet April ...,https://www.imdb.com/video/vi1402455065/,https://m.media-amazon.com/images/M/MV5BMDQzMjJhY2YtMmMxMy00ZDg0LThmNjctN2YwMWY1NjBlMjI1XkEyXkFqcGdeQVRoaXJkUGFydHlJbmdlc3Rpb25Xb3JrZmxvdw@@._V1_FMjpg_UX1000_.jpg,https://ts3.mm.bing.net/th?id=OIP.VfoEoRgO75VZTl63idnvPgHaEK&pid=15.1,,,,,,,,,Bing Images,review-required,2026-07-31T04:28:42.320917+00:00
28824c9688965d694d77,April O'Neil (actress),This is what the actress who played April O'Neil in the '90s 'Ninja ...,https://www.chron.com/culture/main/article/This-is-what-the-actress-who-played-April-O-Neil-7959189.php,https://s.hdnux.com/photos/46/64/64/10177828/7/1920x0.jpg,https://ts3.mm.bing.net/th?id=OIP.9rU8_stWrblSzmC9Ha3jcwHaGF&pid=15.1,,,,,,,,,Bing Images,review-required,2026-07-31T04:28:42.320917+00:00
0350dadbf8838e318fb0,April O'Neil (actress),Tmnt 2007 April O Neil,https://ar.inspiredpencil.com/pictures-2023/tmnt-2007-april-o-neil,https://i.ytimg.com/vi/1OjPWpXjJ7U/maxresdefault.jpg,https://ts3.mm.bing.net/th?id=OIP.wliM2Ecse_ijJoUvno9QEgHaEK&pid=15.1,,,,,,,,,Bing Images,review-required,2026-07-31T04:28:42.320917+00:00
08573c79db2a64f4eed9,April O'Neil (actress),Tmnt April O'Neil Wallpapers - Wallpaper Cave,https://wallpapercave.com/tmnt-april-oneil-wallpapers,https://wallpapercave.com/wp/wp7015677.jpg,https://ts2.mm.bing.net/th?id=OIP.M8pOVXFz41sN6X8mgMA5egHaE8&pid=15.1,,,,,,,,,Bing Images,review-required,2026-07-31T04:28:42.320917+00:00
20bdc970db1d691a64c1,Arabelle Raphael,"(2026) Arabelle Raphael wiki/bio, Age, height, weight",https://globalwikibio.com/arabelle-raphael-wiki-bio/,https://globalwikibio.com/wp-content/uploads/2023/09/Arabelle-Raphael-wikibio-1024x576.jpg,https://ts3.mm.bing.net/th?id=OIP.prxBApPbhKNs-V9b94rm2wHaEK&pid=15.1,,,,,,,,,Bing Images,review-required,2026-07-31T04:28:43.903678+00:00
c60ef4562b93d862c3c2,Arabelle Raphael,"(2026) Arabelle Raphael wiki/bio, Age, height, weight",https://globalwikibio.com/arabelle-raphael-wiki-bio/,https://globalwikibio.com/wp-content/uploads/2023/09/Arabelle-Raphael.jpg,https://ts3.mm.bing.net/th?id=OIP.FW1GuDvvMtQ3DhZrmkp6KAHaDz&pid=15.1,,,,,,,,,Bing Images,review-required,2026-07-31T04:28:43.903678+00:00
c8313217cb3e424ef739,Arabelle Raphael,ARABELLE RAPHAEL AT THE AVN EXPO 2023 IN LAS VEGAS - YouTube,https://www.youtube.com/watch?v=JyqNOqRjL-c,https://i.ytimg.com/vi/JyqNOqRjL-c/maxresdefault.jpg,https://ts1.mm.bing.net/th?id=OIP.DwOyDUNm0ada9S0hk8KIAQHaEK&pid=15.1,,,,,,,,,Bing Images,review-required,2026-07-31T04:28:43.903678+00:00
7264effa04c532c454f0,Arabelle Raphael,Arabelle Raphael,https://ar.inspiredpencil.com/pictures-2023/arabelle-raphael,https://i.pinimg.com/originals/f7/62/54/f762544ea9ad5d74f8c49bf5b76e9ad6.jpg,https://ts3.mm.bing.net/th?id=OIP.7YACBioFqwhSxUKAncve8wHaJQ&pid=15.1,,,,,,,,,Bing Images,review-required,2026-07-31T04:28:43.903678+00:00
6e73c01a72abc3180548,Arabelle Raphael,Arabelle Raphael (@thearabeller150) / Posts / X,https://x.com/thearabeller150,https://pbs.twimg.com/media/HD2yvllbYAA6TZ8.jpg,https://ts1.mm.bing.net/th?id=OIP.qhZvDDERhiBWQEK3LooSBgHaIw&pid=15.1,,,,,,,,,Bing Images,review-required,2026-07-31T04:28:43.903678+00:00
ee5592683a3085cc3b3c,Arabelle Raphael,"Arabelle Raphael (Actress) Wikipedia, Age, Height, Videos, Weight, Net ...",https://celebritate.com/celebrity/arabelle-raphael/,https://celebritate.com/wp-content/uploads/2023/05/Arabelle-Raphael.jpg,https://ts3.mm.bing.net/th?id=OIP.ZJHUTjHhDynv4FcGCDuGQwHaIO&pid=15.1,,,,,,,,,Bing Images,review-required,2026-07-31T04:28:43.903678+00:00
2a8830598cffe40f3abc,Arabelle Raphael,"Arabelle Raphael (Model) Wiki, Age, Height, Weight, Videos, Photos, and ...",https://www.pinterest.com/pin/arabelle-raphael-model-wiki-age-height-weight-videos-photos-and-more--869617009298763054/,https://i.pinimg.com/736x/91/c2/4e/91c24e37f49c5b1b66567a314254222b.jpg,https://ts4.mm.bing.net/th?id=OIP.IW2mxXAnW-gZdWsyugB0-wHaJ3&pid=15.1,,,,,,,,,Bing Images,review-required,2026-07-31T04:28:43.903678+00:00
d2e378ad910249f11fd7,Arabelle Raphael,"Arabelle Raphael - Facts, Bio, Career, Net Worth | AidWiki",https://aidwiki.com/arabelle-raphael,https://aidwiki.com/images/wiki/origin/arabelle_raphael_aidwiki_1.jpg,https://ts4.mm.bing.net/th?id=OIP.8-z-lqEKOn1jROp_lOd3hgHaEK&pid=15.1,,,,,,,,,Bing Images,review-required,2026-07-31T04:28:43.903678+00:00
259375c53056313ebda4,Arabelle Raphael,Arabelle Raphael : r/ClassyPornstars,https://www.reddit.com/r/ClassyPornstars/comments/18hg3qk/arabelle_raphael/,https://i.redd.it/mc32tjct626c1.jpg,https://ts4.mm.bing.net/th?id=OIP.QZUqBY8tnQ5hMgw8I8NbUQHaJQ&pid=15.1,,,,,,,,,Bing Images,review-required,2026-07-31T04:28:43.903678+00:00
6556ac7898ba31af4794,Arabelle Raphael,"Arabelle Raphael Biography, Net Worth, Wiki and New Updates : F1 Clothes",https://giambeo.blog.jp/arabelle-raphael-biography-net-worth-wiki-and-new-updates/,https://livedoor.blogimg.jp/bachnu-con3t3jr/imgs/8/6/866628ee.jpg,https://ts3.mm.bing.net/th?id=OIP.AOCYcwk8PRrH1om5ps0GNQAAAA&pid=15.1,,,,,,,,,Bing Images,review-required,2026-07-31T04:28:43.903678+00:00
332c491930ce439c30f8,Arabelle Raphael,"Arabelle Raphael Biography/Wiki, Age, Height, Career, Photos & More",https://globalzonetoday.com/arabelle-raphael/,https://globalzonetoday.com/wp-content/uploads/2022/08/Arabelle-Raphael.jpg,https://ts2.mm.bing.net/th?id=OIP.rFFNAnzZe7HKzHmMnwc84gHaEB&pid=15.1,,,,,,,,,Bing Images,review-required,2026-07-31T04:28:43.903678+00:00
ea700492ecd28557860a,Arabelle Raphael,Arabelle Raphael Gets a Special Delivery at Reality Kings,https://www.xxxstarpr.com/arabelle-raphael-gets-a-special-delivery-at-reality-kings/,https://i1.wp.com/www.xxxstarpr.com/wp-content/uploads/2023/01/Arabelle-Raphael-MomSwap-3-crop.jpg?w=697&ssl=1,https://ts1.mm.bing.net/th?id=OIP.eV8svshP79vqvOUgbHVYYgHaER&pid=15.1,,,,,,,,,Bing Images,review-required,2026-07-31T04:28:43.903678+00:00
c26dae6179c2e6c64fe3,Arabelle Raphael,Arabelle Raphael Visits Plugtalk - YouTube,https://www.youtube.com/watch?v=4RfPbD8cMmI,https://i.ytimg.com/vi/4RfPbD8cMmI/maxresdefault.jpg,https://ts4.mm.bing.net/th?id=OIP.GGh1OTEN0jVucjOCZpuDegHaEK&pid=15.1,,,,,,,,,Bing Images,review-required,2026-07-31T04:28:43.903678+00:00
797027dab41c2dc72ef4,Arabelle Raphael,"Arabelle Raphael Wiki & Bio, Age, Height, Weight, Net Worth - Wikiindetail",https://wikiindetail.com/arabelle-raphael-wiki/,https://wikiindetail.com/wp-content/uploads/2025/01/Arabelle-Raphael-Wiki.webp,https://ts3.mm.bing.net/th?id=OIP.oaBVUi4JSFCH96ecBeZv0gHaJ4&pid=15.1,,,,,,,,,Bing Images,review-required,2026-07-31T04:28:43.903678+00:00
dde09670f6491f6e1fa5,Arabelle Raphael,Arabelle Raphael height,https://scopenew.com/tag/arabelle-raphael-height/,https://scopenew.com/wp-content/uploads/2024/06/Arabelleraphael.jpg,https://ts4.mm.bing.net/th?id=OIP.5xL6bsTMm5aqVr9bhdrY5wHaIQ&pid=15.1,,,,,,,,,Bing Images,review-required,2026-07-31T04:28:43.903678+00:00
57a538b9d1662af57820,Arabelle Raphael,"Arabelle Raphael – Movies, Bio and Lists on MUBI",https://mubi.com/en/cast/arabelle-raphael,https://images.mubicdn.net/images/cast_member/986559/cache-965161-1714527692/image-w856.jpg,https://ts3.mm.bing.net/th?id=OIP.wvJVPSSOEx6Q-0q6WlZIuwHaIy&pid=15.1,,,,,,,,,Bing Images,review-required,2026-07-31T04:28:43.903678+00:00
0d0c20ead68a445b5331,Arabelle Raphael,Arabelle Raphael — The Movie Database (TMDB),https://www.themoviedb.org/person/1040082-arabelle-raphael,https://media.themoviedb.org/t/p/w500/7GUCZHYkUwVFUd8EdiHZcjfjI5C.jpg,https://ts1.mm.bing.net/th?id=OIP.elaEvBfYVypkaYr5D0SJdgHaLG&pid=15.1,,,,,,,,,Bing Images,review-required,2026-07-31T04:28:43.903678+00:00
c6edcfcdb0b3edec200f,Arabelle Raphael,Arabelle Raphael — The Movie Database (TMDB),https://www.themoviedb.org/person/1040082-arabelle-raphael,https://www.themoviedb.org/t/p/w600_and_h900_bestv2/cZ5TX4cLMLXOjtO0KIUqaIWKMnB.jpg,https://ts2.mm.bing.net/th?id=OIP._Ca4ERhKJFyK0mjMAqeYWAHaLH&pid=15.1,,,,,,,,,Bing Images,review-required,2026-07-31T04:28:43.903678+00:00
43b283ee20d2879066c7,Arabelle Raphael,Arabelle Raphael. Do I look innocent here? 😈 : r/ClassyPornstars,https://www.reddit.com/r/ClassyPornstars/comments/llzkgy/arabelle_raphael_do_i_look_innocent_here/,https://preview.redd.it/xkgs988kn2i61.jpg?width=1080&crop=smart&auto=webp&s=a6656c648f1721cfd57d0f6b6f6760f36efec9f6,https://ts1.mm.bing.net/th?id=OIP.UwW3Vwzc0IS6wh7WynwqoQHaE6&pid=15.1,,,,,,,,,Bing Images,review-required,2026-07-31T04:28:43.903678+00:00
c675626abdfecdc9dfb7,Arabelle Raphael,How Arabelle Raphael Built Her Brand As A Creative Force,https://okmagazine.com/p/how-arabelle-raphael-built-brand-creative-force/,https://media.okmagazine.com/brand-img/iIEklMqdx/1024x536/woman-pp-1726787153458.jpg,https://ts2.mm.bing.net/th?id=OIP.I57NDWJ0bagwAJLWvUcdLwHaD4&pid=15.1,,,,,,,,,Bing Images,review-required,2026-07-31T04:28:43.903678+00:00
77fe9d0bb1529a6d30ae,Ariana Jollee,"7,321 Awards Avn Photos & High Res Pictures - Getty Images",https://www.gettyimages.com/photos/awards-avn?page=2,https://media.gettyimages.com/id/105592178/photo/ariana-jollee-during-2005-avn-awards-arrivals-and-backstage-at-the-venetian-hotel-in-las-vegas.jpg?s=612x612&w=gi&k=20&c=06CUB81tXrYezFu1eaV3r_HHg8qyxV5R9SgElyQkAw0=,https://ts2.mm.bing.net/th?id=OIP.eFPkxZ8axMUyNxNYYhx-wAHaJY&pid=15.1,,,,,,,,,Bing Images,review-required,2026-07-31T04:28:47.238164+00:00
5bf0cf3bd3b6ad27aaf7,Ariana Jollee,ARIANA JOLLEE MOVIES LIST - YouTube,https://www.youtube.com/watch?v=08uuQaoPBAE,https://i.ytimg.com/vi/08uuQaoPBAE/maxresdefault.jpg,https://ts2.mm.bing.net/th?id=OIP.OETpG4SVF7Z5m8FUdc3WAgHaEK&pid=15.1,,,,,,,,,Bing Images,review-required,2026-07-31T04:28:47.238164+00:00
577fcb2efcb590809d39,Ariana Jollee,Ariana Grande Leaked Pic Last Update Content Files #750,https://tracking.christianpost.com/velvet-economy0032/ariana-grande-leaked-pic/,https://wallpapercave.com/wp/wp11892396.jpg,https://ts3.explicit.bing.net/th?id=OIP.UpcDb8ZePTBYOdk4thZY2QHaJ1&pid=15.1,,,,,,,,,Bing Images,review-required,2026-07-31T04:28:47.238164+00:00
db666154ac1679cca6e8,Ariana Jollee,"Ariana Grande | Fotos de ariana, Ariana grande, Foto",https://www.pinterest.com/pin/924223154763982265/,https://i.pinimg.com/originals/a4/44/d1/a444d14776f5f7c48fa476fb296721a0.jpg,https://ts3.mm.bing.net/th?id=OIP.homBFi9q3Yuh-UorMin_SAHaHm&pid=15.1,,,,,,,,,Bing Images,review-required,2026-07-31T04:28:47.238164+00:00
233a95d9ab82c19a3f75,Ariana Jollee,Ariana Jollee - YouTube,https://www.youtube.com/watch?v=OnBwQDMVsFU,https://i.ytimg.com/vi/OnBwQDMVsFU/maxresdefault.jpg,https://ts1.mm.bing.net/th?id=OIP.s8vmJexq2uNHsjG1ac2WFAHaEK&pid=15.1,,,,,,,,,Bing Images,review-required,2026-07-31T04:28:47.238164+00:00
99bb214c49ed0a45cd80,Ariana Jollee,"Ariana Jollee Biography/Wiki, Age, Height, Career, Photos & More",https://globalzonetoday.com/ariana-jollee/,https://globalzonetoday.com/wp-content/uploads/2020/10/Ariana-Jollee-Actress.jpg,https://ts1.mm.bing.net/th?id=OIP.QjhDV2Zum9vB6ibpn5d6CwHaE3&pid=15.1,,,,,,,,,Bing Images,review-required,2026-07-31T04:28:47.238164+00:00
08e148e2b82717dc1476,Ariana Jollee,Ariana Jollee Foto e immagini stock - Getty Images,https://www.gettyimages.it/immagine/ariana-jollee,https://media.gettyimages.com/id/184498000/it/foto/ariana-jollee-during-2005-avn-awards-arrivals-and-backstage-at-the-venetian-hotel-in-las-vegas.jpg?s=612x612&w=gi&k=20&c=211xXVswoj_NGicViGuEjb7eYbRBwU0nErCwXd63hzI=,https://ts4.mm.bing.net/th?id=OIP.mAZ-ttI5r6WPGVcy2gAkrgAAAA&pid=15.1,,,,,,,,,Bing Images,review-required,2026-07-31T04:28:47.238164+00:00
3fea71645cf74be427e8,Ariana Jollee,Ariana Jollee interviews four guys Pt 4 - YouTube,https://www.youtube.com/watch?v=zqlTCjTkvlo,https://i.ytimg.com/vi/zqlTCjTkvlo/hqdefault.jpg,https://ts3.mm.bing.net/th?id=OIP.Hdw0qKquOk4uXwYVyM9dTwHaFj&pid=15.1,,,,,,,,,Bing Images,review-required,2026-07-31T04:28:47.238164+00:00
5997ec3673972e4a37c7,Ariana Jollee,Ariana Jollee — The Movie Database (TMDB),https://www.themoviedb.org/person/928088-ariana-jollee,https://media.themoviedb.org/t/p/w300_and_h450_bestv2/oQc1jihgcJVuJvonfkF2JxnmGQK.jpg,https://ts2.mm.bing.net/th?id=OIP.8fiNs2GL_gScmMYnhM6HVAAAAA&pid=15.1,,,,,,,,,Bing Images,review-required,2026-07-31T04:28:47.238164+00:00
47186e1c0e42e6843c86,Ariana Jollee,"Ariana Jollee's Instagram, Twitter & Facebook on IDCrawl",https://www.idcrawl.com/ariana-jollee,"https://m.media-amazon.com/images/M/MV5BODgyNTQxMjM5NV5BMl5BanBnXkFtZTcwOTExOTAyMw@@._V1_UY209_CR6,0,140,209_AL_.jpg",https://ts1.explicit.bing.net/th?id=OIP.9w_Rz0hRXoKm2hHgbde-SgAAAA&pid=15.1,,,,,,,,,Bing Images,review-required,2026-07-31T04:28:47.238164+00:00
efc2fd6762c915785f38,Ariana Jollee,"Ariana Jollee's Instagram, Twitter & Facebook on IDCrawl",https://www.idcrawl.com/ariana-jollee,https://img.cinematoday.jp/a/N0060412/_size_640x/_v_1392094158/main.jpg,https://ts4.mm.bing.net/th?id=OIP.-fjs2VXzsA3OJ2PJA9p_FQAAAA&pid=15.1,,,,,,,,,Bing Images,review-required,2026-07-31T04:28:47.238164+00:00
b7e4002eb3aaa145dc20,Ariana Jollee,Ariana jollee bandag. |ariana jollee bandag|,http://legendsofdarkrose.com/show-ariana-chavez-barrientos-cojiendo/,http://www.shipphotos.co.uk/images/ariana.jpg,https://ts1.mm.bing.net/th?id=OIP.odqVH7D1Y55HxTlCDsdTNAHaFS&pid=15.1,,,,,,,,,Bing Images,review-required,2026-07-31T04:28:47.238164+00:00
e9d0c1d1ebd87aa81079,Ariana Jollee,Devon and Teagan during 2005 AVN Awards - Arrivals and Backstage at ...,https://www.gettyimages.com.mx/detail/fotografía-de-noticias/devon-and-teagan-during-2005-avn-awards-fotografía-de-noticias/105829194,https://media.gettyimages.com/id/105829194/es/foto/devon-and-teagan-during-2005-avn-awards-arrivals-and-backstage-at-the-venetian-hotel-in-las.jpg?s=1024x1024&w=gi&k=20&c=k5CfiYeSsJGguxoLUq76DE3ahvr_BDLHH-sdM9P48hs=,https://ts1.mm.bing.net/th?id=OIP.3BBvMXJCIxL26sPlU4tUqQHaLJ&pid=15.1,,,,,,,,,Bing Images,review-required,2026-07-31T04:28:47.238164+00:00
82f08fc67c932fe66c6f,Ariana Jollee,"Fame | Ariana Jollee net worth and salary income estimation Jul, 2026 ...",https://peopleai.com/fame/identities/ariana-jollee,https://peopleai.com/fame/identities/ariana-jollee/thumbnail,https://ts3.mm.bing.net/th?id=OIP.0rY3_hLV1uCTGeklygu7JwHaEK&pid=15.1,,,,,,,,,Bing Images,review-required,2026-07-31T04:28:47.238164+00:00
65d7353785e3e48a3f7c,Ariana Jollee,Misplaced (2007) - Filmweb,https://www.filmweb.pl/film/Misplaced-2007-547741,https://fwcdn.pl/ppo/65/94/256594/358434.1.jpg,https://ts3.explicit.bing.net/th?id=OIP.HIG7J4KncReYk6tPXEeDHwAAAA&pid=15.1,,,,,,,,,Bing Images,review-required,2026-07-31T04:28:47.238164+00:00
4bcc10a87dae3c9aba36,Ariana Jollee,sayfa bulunamadı - uludağ sözlük galeri,https://galeri.uludagsozluk.com/r/ariana-jollee-327946/,https://galeri2.uludagsozluk.com/205/ariana-jollee_327946_m.jpg,https://ts4.explicit.bing.net/th?id=OIP.0T3JlDujagua0o7g3PoBzAAAAA&pid=15.1,,,,,,,,,Bing Images,review-required,2026-07-31T04:28:47.238164+00:00
f3afa649cdb3f1e9ed3b,Ariana Jollee | Ashley Blue,"Ariana Jollee's Instagram, Twitter & Facebook on IDCrawl",https://www.idcrawl.com/ariana-jollee,https://m.media-amazon.com/images/M/MV5BMTgyODg3NTIyOV5BMl5BanBnXkFtZTcwNzU2MDExOA@@._V1_.jpg,https://ts1.mm.bing.net/th?id=OIP.tWyCGDSgN7fOXtFPPRlQqgHaKy&pid=15.1,,,,,,,,,Bing Images,review-required,2026-07-31T04:28:47.238164+00:00
531fc9b6ab0b40966f35,Ariana Marie,"""A Thousand Talents Award"" 08.Ariana Marie was scammed by her agent - iNEWS",https://inf.news/en/entertainment/db11f06c335e3da20889e9cd26e0ee83.html,https://p1-tt-ipv6.byteimg.com/origin/pgc-image/02fd64319afe4b8888c4f19a336ac0fc.jpg,https://ts3.explicit.bing.net/th?id=OIP.iz5Jnm7s0R7IgVg9O8DhtAHaKz&pid=15.1,,,,,,,,,Bing Images,review-required,2026-07-31T04:28:48.684479+00:00
dd569ec44080d7b8e863,Ariana Marie,"206 Ariana Marie Stock Photos, High-Res Pictures, and Images - Getty Images",https://www.gettyimages.co.uk/photos/ariana-marie,https://media.gettyimages.com/id/462129082/photo/las-vegas-nv-adult-film-actress-model-ariana-marie-arrives-at-the-2015-adult-video-news-awards.jpg?s=612x612&w=gi&k=20&c=0pxFs6f1xJtkrGEbtbpjWG185RtT51avUOusUXqxZUk=,https://ts4.mm.bing.net/th?id=OIP.7FYIaN9jgrdVsF0zafNG9QAAAA&pid=15.1,,,,,,,,,Bing Images,review-required,2026-07-31T04:28:48.684479+00:00
3de49178252359a4985b,Ariana Marie,"Adult film star Ariana Marie in studio for ""The Morning After"" - YouTube",https://www.youtube.com/watch?v=LN2h4-lYFxg,https://i.ytimg.com/vi/LN2h4-lYFxg/maxresdefault.jpg,https://ts1.mm.bing.net/th?id=OIP.Tqqn91Zz1sHeuolcGkxcbQHaEK&pid=15.1,,,,,,,,,Bing Images,review-required,2026-07-31T04:28:48.684479+00:00
5d9280041d743a77f446,Ariana Marie,Ariana Marie - 9GAG,https://9gag.com/gag/a7wWOKz,https://images-cdn.9gag.com/photo/a7wWOKz_700b.jpg,https://ts2.mm.bing.net/th?id=OIP.HX9ykrp-4hAG2OrpKqadKQHaLG&pid=15.1,,,,,,,,,Bing Images,review-required,2026-07-31T04:28:48.684479+00:00
17778edc389b513b36e2,Ariana Marie,Ariana Marie : ModelsGoneMild,https://www.reddit.com/r/ModelsGoneMild/comments/suf0lt/ariana_marie/,https://preview.redd.it/s8031506ebi81.jpg?auto=webp&s=80284747800bf208667fc67265b581758bc8e105,https://ts1.mm.bing.net/th?id=OIP.6IA0f1ij3T0eDEdsJJJ7OgHaJi&pid=15.1,,,,,,,,,Bing Images,review-required,2026-07-31T04:28:48.684479+00:00
345b50b049c9815bd1d0,Ariana Marie,"Ariana Marie Biography/Wiki, Age, Height, Career, Photos & More",https://globalzonetoday.com/ariana-marie/,https://globalzonetoday.com/wp-content/uploads/2020/09/Ariana_Marie.jpg,https://ts3.explicit.bing.net/th?id=OIP.NMI1WGsgQBH81iwZ3gzdVQHaFX&pid=15.1,,,,,,,,,Bing Images,review-required,2026-07-31T04:28:48.684479+00:00
b08d774c330c638de455,Ariana Marie,"Ariana Marie Biography/Wiki, Age, Height, Career, Photos & More",https://globalzonetoday.com/ariana-marie/,https://globalzonetoday.com/wp-content/uploads/2020/09/Ariana-Marie-1.jpg,https://ts2.mm.bing.net/th?id=OIP.UpuASwEpJhCto_mrFIM-xgHaHG&pid=15.1,,,,,,,,,Bing Images,review-required,2026-07-31T04:28:48.684479+00:00
05394c247c2899264238,Ariana Marie,Ariana Marie Photos and Premium High Res Pictures - Getty Images,https://www.gettyimages.ie/photos/ariana-marie,https://media.gettyimages.com/id/632387140/photo/adult-film-actresses-ariana-marie-and-kat-dior-present-an-award-during-the-2017-adult-video.jpg?s=612x612&w=gi&k=20&c=LKV7Gc2SFmEbyuMWJ5PaAF1LDsz2j23yfLV0HeTV6Qs=,https://ts3.mm.bing.net/th?id=OIP.2-2M_Q65Z5tuTZXwFOfr2QHaJE&pid=15.1,,,,,,,,,Bing Images,review-required,2026-07-31T04:28:48.684479+00:00
511da2dc61ad8408b1c5,Ariana Marie,Ariana Marie Photos and Premium High Res Pictures - Getty Images,https://www.gettyimages.co.uk/photos/ariana-marie,https://media.gettyimages.com/id/462129078/photo/adult-film-actress-model-ariana-marie-arrives-at-the-2015-adult-video-news-awards-at-the-hard.jpg?s=612x612&w=gi&k=20&c=EwIif5vLzRbPu1IHmj2QcBzaDEXRUhHqddJpSPM-DNc=,https://ts4.mm.bing.net/th?id=OIP.eNbsmn8LSvfM4oz5hegmqgHaJX&pid=15.1,,,,,,,,,Bing Images,review-required,2026-07-31T04:28:48.684479+00:00
fc994e1ec562fc97588d,Ariana Marie,Ariana Marie Photos and Premium High Res Pictures - Getty Images,https://www.gettyimages.co.uk/photos/ariana-marie,https://media.gettyimages.com/id/462129104/photo/adult-film-actress-model-ariana-marie-arrives-at-the-2015-adult-video-news-awards-at-the-hard.jpg?s=612x612&w=gi&k=20&c=T-g3ciXdfU-oCYHBQL_0NBqucsW5c3gRWJo_Pc1bapY=,https://ts3.mm.bing.net/th?id=OIP.cW93hioDgOiQRJHJh3kYaQAAAA&pid=15.1,,,,,,,,,Bing Images,review-required,2026-07-31T04:28:48.684479+00:00
40bcde1dd0fd3bafd92a,Ariana Marie,"Ariana Marie's Instagram, Twitter & Facebook on IDCrawl",https://www.idcrawl.com/ariana-marie,https://image.tmdb.org/t/p/original/lIEx7yZnTNGf0VxH2suJDK6wgAw.jpg,https://ts3.mm.bing.net/th?id=OIP.huP58D1wV3oPatBYT1y7IgHaLH&pid=15.1,,,,,,,,,Bing Images,review-required,2026-07-31T04:28:48.684479+00:00
5004496dfa752f39fc62,Ariana Marie,"Ariana Marie's Instagram, Twitter & Facebook on IDCrawl",https://www.idcrawl.com/ariana-marie,https://i.pinimg.com/originals/ce/91/bb/ce91bbfff98cd00776556cbb50010045.png,https://ts2.explicit.bing.net/th?id=OIP.6wIHadlcga72m2HxGujiBAAAAA&pid=15.1,,,,,,,,,Bing Images,review-required,2026-07-31T04:28:48.684479+00:00
f85c7c1b47ea06135cea,Ariana Marie,"Ariana Marie's Instagram, Twitter & Facebook on IDCrawl",https://www.idcrawl.com/ariana-marie,https://image.civitai.com/xG1nkqKTMzGDvpLrqFT7WA/29d15fed-300d-4e39-a46b-30dd270c6da0/width=450/00658-3860795308.jpeg,https://ts4.mm.bing.net/th?id=OIP.GQCCxr2yYPt8IypSnrYaHwAAAA&pid=15.1,,,,,,,,,Bing Images,review-required,2026-07-31T04:28:48.684479+00:00
5a7bc5194f57acd7d59c,Ariana Marie,Ariana marie hi-res stock photography and images - Alamy,https://www.alamy.com/stock-photo/ariana-marie.html,https://c8.alamy.com/comp/2A6PWM5/new-jersey-usa-26th-oct-2019-october-26-2019-ariana-marie-attend-exxotica-2019-at-new-jersey-convention-exposition-center-in-edison-new-jersey-credit-mediapunch-incalamy-live-news-2A6PWM5.jpg,https://ts2.mm.bing.net/th?id=OIP.FXOE9Bnzr89M6wTkfAAJJgHaMR&pid=15.1,,,,,,,,,Bing Images,review-required,2026-07-31T04:28:48.684479+00:00
d31a0de90cb7649d0e56,Ariana Marie,Các ngôi sao phim người lớn được trả bao nhiêu cho mỗi cảnh sex? - Tài ...,https://znews.vn/cac-ngoi-sao-phim-nguoi-lon-duoc-tra-bao-nhieu-cho-moi-canh-sex-post936074.html,https://photo.znews.vn/Uploaded/kbd_pijv/2019_04_15/ariana_marie.jpg,https://ts4.explicit.bing.net/th?id=OIP.V1_DPP1q3ApZHMMGLmwWbAHaFk&pid=15.1,,,,,,,,,Bing Images,review-required,2026-07-31T04:28:48.684479+00:00
598ab0e0e3631f3c4ed8,Ariana Marie,「千人大賞」08.Ariana Marie 曾被經紀人坑苦 - 資訊咖,https://inf.news/entertainment/db11f06c335e3da20889e9cd26e0ee83.html,https://p1-tt.byteimg.com/origin/pgc-image/dbaaa1cb7c2e4bdbab25c60c701b4c67.jpg,https://ts1.mm.bing.net/th?id=OIP.vJ-QUguKhKzfN2_o6m8WXQHaNl&pid=15.1,,,,,,,,,Bing Images,review-required,2026-07-31T04:28:48.684479+00:00
cf0c66eeff4cd0c0d589,Asa Akira,"(2025) Asa Akira Wiki, Biography, Age, Height, Weight, Family, Net Worth",https://globalwikibio.com/asa-akira-wiki-biography/,https://globalwikibio.com/wp-content/uploads/2023/03/Asa-Akira-Wiki-Biography-1024x576.jpg,https://ts4.mm.bing.net/th?id=OIP.tZuK_2n20tZPCUjhs7E3FAHaEK&pid=15.1,,,,,,,,,Bing Images,review-required,2026-07-31T04:28:50.175752+00:00
023927f44b2f36d6f863,Asa Akira,214 Asa Akira Photos & High Res Pictures - Getty Images,https://www.gettyimages.com/photos/asa-akira?page=2,https://media.gettyimages.com/id/2122485363/photo/west-hollywood-california-asa-akira-attends-the-6th-annual-pornhub-awards-at-whisky-a-go-go.jpg?s=612x612&w=gi&k=20&c=GMYEnMwL_AljmAkRGObBZi6pE4FyJSOCVHYvlC0cGgs=,https://ts2.mm.bing.net/th?id=OIP.C-fSXXl-9Y_TPCJ7B2HWlQHaF7&pid=15.1,,,,,,,,,Bing Images,review-required,2026-07-31T04:28:50.175752+00:00
68241e003cb91f41adf6,Asa Akira,214 Asa Akira Photos & High Res Pictures - Getty Images,https://www.gettyimages.com/photos/asa-akira?page=2,https://media.gettyimages.com/id/494649765/photo/new-york-ny-adult-film-actress-asa-akira-visits-the-siriusxm-studios-on-may-30-2014-in-new.jpg?s=612x612&w=gi&k=20&c=_7Yny-5-lx0Sa-GEsO7BlEq8gSwW93_4mHjafFVnWs4=,https://ts4.mm.bing.net/th?id=OIP.iCp9Nx4Sv6f1wqhBy-ZtLAAAAA&pid=15.1,,,,,,,,,Bing Images,review-required,2026-07-31T04:28:50.175752+00:00
9c621e45c2d3f5d5e42b,Asa Akira,Adult film actress asa akira hi-res stock photography and images - Alamy,https://www.alamy.com/stock-photo/adult-film-actress-asa-akira.html,https://c8.alamy.com/comp/HGYNKC/los-angeles-germany-13th-jan-2017-adult-film-actress-asa-akira-arrives-HGYNKC.jpg,https://ts1.mm.bing.net/th?id=OIP.G-bGvW891HbzJr2_9knHTwHaL3&pid=15.1,,,,,,,,,Bing Images,review-required,2026-07-31T04:28:50.175752+00:00
9edfe792462b895db6be,Asa Akira,Adult film actress asa akira hi-res stock photography and images - Alamy,https://www.alamy.com/stock-photo/adult-film-actress-asa-akira.html,https://c8.alamy.com/comp/EEGJ9J/la-california-usa-16th-jan-2015-adult-film-actress-asa-akira-arrives-EEGJ9J.jpg,https://ts1.mm.bing.net/th?id=OIP.hSscmfgz-BEH-AOLBM5ndwHaL4&pid=15.1,,,,,,,,,Bing Images,review-required,2026-07-31T04:28:50.175752+00:00
03b8229b9829b1bda27e,Asa Akira,Adult film actress asa akira immagini e fotografie stock ad alta ...,https://www.alamy.it/fotos-immagini/adult-film-actress-asa-akira.html,https://c8.alamy.com/compit/3a0t8gh/l-attrice-asa-akira-arriva-agli-xbiz-awards-2016-all-hotel-j-w-marriot-la-live-di-los-angeles-usa-il-15-gennaio-2016-3a0t8gh.jpg,https://ts1.mm.bing.net/th?id=OIP.gU-ANxOiqJjNidULoz18zQHaL3&pid=15.1,,,,,,,,,Bing Images,review-required,2026-07-31T04:28:50.175752+00:00
08a75228047b414b7052,Asa Akira,Akira Actor Photos and Premium High Res Pictures - Getty Images,https://www.gettyimages.dk/photos/akira-actor,https://media.gettyimages.com/id/909928984/photo/adult-film-actress-director-asa-akira-poses-at-the-pornhub-booth-during-the-2018-avn-adult.jpg?s=612x612&w=gi&k=20&c=N5sUYJUba46qfTBm8F7uGBKUWk_EXw-8ty10UfCmEI0=,https://ts1.mm.bing.net/th?id=OIP.WjkzSOETwgQZN64yLoBhzgAAAA&pid=15.1,,,,,,,,,Bing Images,review-required,2026-07-31T04:28:50.175752+00:00
117c07e510e23e784169,Asa Akira,Akira Actor Photos and Premium High Res Pictures - Getty Images,https://www.gettyimages.in/photos/akira-actor,https://media.gettyimages.com/id/909943776/photo/adult-film-actress-director-asa-akira-poses-at-the-pornhub-booth-at-the-2018-avn-adult.jpg?s=612x612&w=gi&k=20&c=apf0rg_KrG06C0yBC3C9M7At5gwbn9QEGQ8Dmq0XJgY=,https://ts2.mm.bing.net/th?id=OIP.wggYUcb7PhSCgIObiI1kZQAAAA&pid=15.1,,,,,,,,,Bing Images,review-required,2026-07-31T04:28:50.175752+00:00
9db4b32e34a3a4363e29,Asa Akira,Asa Akira - Biography - IMDb,https://www.imdb.com/name/nm2670531/bio/,https://m.media-amazon.com/images/M/MV5BMTc0NzUwMzI3M15BMl5BanBnXkFtZTcwMzE0MTg2OA@@._V1_FMjpg_UX1000_.jpg,https://ts1.mm.bing.net/th?id=OIP.ZT70LCxOvFtnlI29zrlnTgHaKM&pid=15.1,,,,,,,,,Bing Images,review-required,2026-07-31T04:28:50.175752+00:00
5cac94f03746c785efba,Asa Akira,"Asa Akira Desktop Wallpaper Asa Akira Desktop Wallpapers, Phone",https://fity.club/lists/suggestions/asa-akira-desktop-wallpaper/,https://wallpapercave.com/wp/wc3847608.jpg,https://ts1.mm.bing.net/th?id=OIP.Ab8UrWzAL9C9MY6rmw8XJAHaE9&pid=15.1,,,,,,,,,Bing Images,review-required,2026-07-31T04:28:50.175752+00:00
5172052e19967c72c1b6,Asa Akira,"Asa Akira No Makeup New York, NY, USA. 14th Feb, 2020. Asa Akira Hosts",https://fity.club/lists/suggestions/Asa-akira-no-makeup/,https://c8.alamy.com/comp/2PK9GRT/money-shot-the-pornhub-story-asa-akira-2023-netflix-courtesy-everett-collection-2PK9GRT.jpg,https://ts1.mm.bing.net/th?id=OIP.3TA2mN52I7ZPYqcQIargXgHaEa&pid=15.1,,,,,,,,,Bing Images,review-required,2026-07-31T04:28:50.175752+00:00
0e82dcfd1d60c2e8558e,Asa Akira,Asa Akira Photos and Premium High Res Pictures - Getty Images,https://www.gettyimages.com/photos/asa_akira,https://media.gettyimages.com/id/95723696/photo/adult-film-actress-asa-akira-arrives-at-the-27th-annual-adult-video-news-awards-show-at-the.jpg?s=612x612&w=gi&k=20&c=5wjGImBmfo5ET7rceP1ZmpQzi_GGMDMO-8BOgEnCgoQ=,https://ts2.mm.bing.net/th?id=OIP.lmWBRA-eZRuQ4L_TSC3l1QAAAA&pid=15.1,,,,,,,,,Bing Images,review-required,2026-07-31T04:28:50.175752+00:00
ae4b1f624c4f534c6833,Asa Akira,Asa Akira Photos and Premium High Res Pictures - Getty Images,https://www.gettyimages.com/photos/asa_akira,https://media.gettyimages.com/id/632050600/photo/adult-film-actress-director-asa-akira-appears-at-the-wicked-pictures-booth-at-the-2017-avn.jpg?s=612x612&w=gi&k=20&c=VUpdvEvVSNmF_GXgUiyGm9kNafhkUMm7bdqA23IdnZI=,https://ts1.mm.bing.net/th?id=OIP.rhtMRvVyoPtba8xYBxjvwwAAAA&pid=15.1,,,,,,,,,Bing Images,review-required,2026-07-31T04:28:50.175752+00:00
9226628ad64425db0a8e,Asa Akira,Asa akira hi-res stock photography and images - Alamy,https://www.alamy.com/stock-photo/asa-akira.html,https://c8.alamy.com/comp/2MPBME2/asa-akira-at-the-avn-awards-2009-part-of-the-avn-adult-expo-in-las-vegas-nv-1910-2MPBME2.jpg,https://ts1.mm.bing.net/th?id=OIP.RSMXTLrzmZB5jTMHw4prrAHaM2&pid=15.1,,,,,,,,,Bing Images,review-required,2026-07-31T04:28:50.175752+00:00
e29ac40081c857f7abc5,Asa Akira,Asa akira hi-res stock photography and images - Alamy,https://www.alamy.com/stock-photo/asa-akira.html,https://c8.alamy.com/comp/3AN567B/jan-09-2010-hollywood-california-usa-pornstar-asa-akira-arrives-at-the-27th-annual-avn-adult-movie-awards-at-the-palms-hotel-in-las-vegas-nevada-credit-image-jerod-harriszumapresscom-3AN567B.jpg,https://ts3.explicit.bing.net/th?id=OIP.I83x9yoBDMTPAQT0Jj2eEAHaL4&pid=15.1,,,,,,,,,Bing Images,review-required,2026-07-31T04:28:50.175752+00:00
e32e01cff250335fe291,Asa Akira,Insatiable | Grove Atlantic,https://groveatlantic.com/book/insatiable/,https://groveatlantic.com/core/wp-content/uploads/2017/03/Asa-Akira_Photo-Credit-Toglenn-2.jpg,https://ts4.mm.bing.net/th?id=OIP.tQ-akb579nktR6qYgQdKCgAAAA&pid=15.1,,,,,,,,,Bing Images,review-required,2026-07-31T04:28:50.175752+00:00
89e05ebbfd6636d7f747,Asa Akira,School kid to porn millionaire | Daily Telegraph,https://www.dailytelegraph.com.au/business/work/private-school-kid-asa-akiras-journey-to-porn-star-millionaire/news-story/9efd183fb46cbb5117a2d7f2f93d26fa,https://content.api.news/v3/images/bin/06f17eec92cbc3f016d6dc2f95516a75,https://ts4.mm.bing.net/th?id=OIP.oA0je2Uz6v55byiLYiqj0AHaFj&pid=15.1,,,,,,,,,Bing Images,review-required,2026-07-31T04:28:50.175752+00:00
06fa67a4691300694c2d,Asa Akira,🔥 [80+] Asa Akira Wallpapers | WallpaperSafari,https://wallpapersafari.com/asa-akira-wallpaper/,https://cdn.wallpapersafari.com/76/10/ihTYPF.jpg,https://ts4.mm.bing.net/th?id=OIP.TgUvc578qfg2X7UmYWSy9gHaGP&pid=15.1,,,,,,,,,Bing Images,review-required,2026-07-31T04:28:50.175752+00:00
fa3a3d3bbd17c6e3f204,Asami Jō,#denji sentai megaranger – @himitsusentaiblog on Tumblr,https://www.tumblr.com/himitsusentaiblog/tagged/denji sentai megaranger,https://44.media.tumblr.com/39a2ce5728ea52a8f688285186f610b3/tumblr_nc53w2jdOh1tmuezxo2_500.gif,https://ts4.mm.bing.net/th?id=OIP.u40N8PbGEGsbFZeJdIodHQHaDr&pid=15.1,,,,,,,,,Bing Images,review-required,2026-07-31T04:28:52.710867+00:00
962dc92b8d330d199488,Asami Jō,Asami Jo - Profile - Filmography | MovieWiser,https://moviewiser.com/cast/1288688,https://image.tmdb.org/t/p/h632/vQ5elL8UZjEbSDSiaROFM4bSPXy.jpg,https://ts2.explicit.bing.net/th?id=OIP.tulu0POX1z_l-OeKm0gRhAAAAA&pid=15.1,,,,,,,,,Bing Images,review-required,2026-07-31T04:28:52.710867+00:00
316079a4e9a43aa7cf92,Asami Jō,Asami Jō - Profile - Filmography | MovieWiser,https://moviewiser.com/cast/1288688,https://image.tmdb.org/t/p/w185/mxjyu6kJehDMeQONlC1Uc4E5wNX.jpg,https://ts1.mm.bing.net/th?id=OIP.oS1v8Vo9-ahy4L49FeENugAAAA&pid=15.1,,,,,,,,,Bing Images,review-required,2026-07-31T04:28:52.710867+00:00
f8d7fc651365723f2a98,Asami Jō,Asami Jō - Profile - Filmography | MovieWiser,https://moviewiser.com/cast/1288688,https://image.tmdb.org/t/p/w185/ik5DKol9fKQ8uwD1au8DDl5Hbo8.jpg,https://ts1.mm.bing.net/th?id=OIP.63ezqdGgFvm8kEgClKzYPAAAAA&pid=15.1,,,,,,,,,Bing Images,review-required,2026-07-31T04:28:52.710867+00:00
fc19044d1243949318df,Asami Jō,Asami Jō - Profile - Filmography | MovieWiser,https://moviewiser.com/cast/1288688,https://image.tmdb.org/t/p/w185/gKtYenCKKsf69xDPXDIpdpt9iT2.jpg,https://ts1.mm.bing.net/th?id=OIP.fCQ1mO6oXqV-aXAUNU4AGQAAAA&pid=15.1,,,,,,,,,Bing Images,review-required,2026-07-31T04:28:52.710867+00:00
9799965d7f15991eeca0,Asami Jō,Denji Sentai Megaranger,https://in.pinterest.com/pin/denji-sentai-megaranger--712835447300874207/,https://i.pinimg.com/736x/8a/69/c8/8a69c80014735a6d2c1cb808279b6725.jpg,https://ts1.mm.bing.net/th?id=OIP.tWJbdZxRIdxQ8Ot8wqhqCgHaFG&pid=15.1,,,,,,,,,Bing Images,review-required,2026-07-31T04:28:52.710867+00:00
ae54459afd59b65387c2,Asami Jō,Denji Sentai Megaranger,https://id.pinterest.com/pin/73746512643335292/,https://i.pinimg.com/736x/a5/7e/8a/a57e8ae9dae38b4cb30ea20e5fc87dfa.jpg,https://ts4.mm.bing.net/th?id=OIP.DG2zM2RqIz-IilwXSG2OuQHaHa&pid=15.1,,,,,,,,,Bing Images,review-required,2026-07-31T04:28:52.710867+00:00
77ed1f4a9704b242e656,Asami Jō,Denji Sentai Megaranger (1997) - Airingdirtylaundry,https://skinnifertilly94.tumblr.com/post/626232878889582592/denji-sentai-megaranger-1997,https://64.media.tumblr.com/69e9ee5f420dbb49a09bf3a383506002/e91bb2360a900a84-14/s1280x1920/6bd184f404a09132dba4f3b833fa24c76b2a1309.jpg,https://ts3.mm.bing.net/th?id=OIP.qZYiYgHm11BjXzaw-OlngQHaFj&pid=15.1,,,,,,,,,Bing Images,review-required,2026-07-31T04:28:52.710867+00:00
062957cfe44f1a928ea6,Asami Jō,Denji Sentai Megaranger (1997) – @skinnifertilly94 on Tumblr,https://www.tumblr.com/skinnifertilly94/624411237176983552/denji-sentai-megaranger-1997,https://64.media.tumblr.com/a68b67d37a1a6b86bfda540c3ee472f9/836c09be1e35e0bf-41/s1280x1920/44b1b92243bfc40fb5315ab92c26ecaf92dc8f50.jpg,https://ts2.mm.bing.net/th?id=OIP.sGvJ2ypGE9Qp1M5aEvyHQAHaFj&pid=15.1,,,,,,,,,Bing Images,review-required,2026-07-31T04:28:52.710867+00:00
a537dd0efa682c561dc5,Asami Jō,Denji Sentai Megaranger Episode Previews - YouTube,https://www.youtube.com/watch?v=IOeHRAARVDI,https://i.ytimg.com/vi/IOeHRAARVDI/maxresdefault.jpg,https://ts2.mm.bing.net/th?id=OIP.e1VJ3kU7rq13MHmtXEvavAHaEK&pid=15.1,,,,,,,,,Bing Images,review-required,2026-07-31T04:28:52.710867+00:00
ed4f50130564094c5553,Asami Jō,Denji Sentai Megaranger vs Carranger (1998) Shibolena : Did I stutter ...,https://www.tumblr.com/redsamuraiii/771167591262781440/denji-sentai-megaranger-vs,https://64.media.tumblr.com/e22d235b41b860f101555e6888263b1d/e8682bcd77bfbb2f-78/s640x960/2aefc4acd8aed105a7abb191190c2808e6769ec1.pnj,https://ts4.mm.bing.net/th?id=OIP.pd7q6yEdCpVM_LlO1SoHhwHaEK&pid=15.1,,,,,,,,,Bing Images,review-required,2026-07-31T04:28:52.710867+00:00
e08c82d760044fce7ec9,Asami Jō,Denji Sentai Megaranger • Kameo,https://www.kameo.app/meta/4848-denji-sentai-megaranger,https://image.tmdb.org/t/p/w1280/HfUx5Fb3tlC8z30R15jZ9MMrof.jpg,https://ts3.mm.bing.net/th?id=OIP.CRTPkkQnk9Tmp8GBxejZ2AHaEK&pid=15.1,,,,,,,,,Bing Images,review-required,2026-07-31T04:28:52.710867+00:00
b235927c4b7c9ef36adf,Asami Jō,Shiborena makes a striking first impression in 1997′s Denji Sentai ...,https://www.tumblr.com/himitsusentaiblog/170339951790/shiborena-makes-a-striking-first-impression-in,https://64.media.tumblr.com/b9ab277cc0ee7ae102e28fb7fd1dfbac/tumblr_p3ees6aGQs1s4u1mvo4_640.pnj,https://ts2.mm.bing.net/th?id=OIP.fgjLCWH3D-Fp6c-CQX-fMQHaFk&pid=15.1,,,,,,,,,Bing Images,review-required,2026-07-31T04:28:52.710867+00:00
3868117439b867e2e9b8,Asami Jō,Unveiling the Enigmatic Talent: A Journey through the Life of Actress ...,https://www.youtube.com/watch?v=pQMgx2PFFOo,https://i.ytimg.com/vi/pQMgx2PFFOo/maxresdefault.jpg,https://ts1.mm.bing.net/th?id=OIP.JjccUGTsq0JefUgbyotiawHaEK&pid=15.1,,,,,,,,,Bing Images,review-required,2026-07-31T04:28:52.710867+00:00
091ee990de0ae79a1367,Asami Jō,Where to Watch Denji Sentai Megaranger - Season 1 • Episode 33 ...,https://watch.plex.tv/show/denji-sentai-megaranger/season/1/episode/33,https://images.plex.tv/photo?size=large-720&scale=2&url=https:%2F%2Fimage.tmdb.org%2Ft%2Fp%2Foriginal%2FpYkNiFPh54K6uIHD8d81VKUEo7G.jpg,https://ts4.mm.bing.net/th?id=OIP.EfPShWqzBhysklKewUVjTgHaFj&pid=15.1,,,,,,,,,Bing Images,review-required,2026-07-31T04:28:52.710867+00:00
04e7e7e797ec4b9aa910,Asami Jō,城麻美 — The Movie Database (TMDB),https://www.themoviedb.org/person/1288688?language=ja,https://media.themoviedb.org/t/p/w500/dmOaT2AxrnN6uqwPG1R6deZhbA1.jpg,https://ts2.explicit.bing.net/th?id=OIP.MEQMXnpvCAb7koGRNDUJnwHaLH&pid=15.1,,,,,,,,,Bing Images,review-required,2026-07-31T04:28:52.710867+00:00
435df5abd102771e1e06,Asami Jō,城麻美 — The Movie Database (TMDB),https://www.themoviedb.org/person/1288688,https://media.themoviedb.org/t/p/w300_and_h450_bestv2/e810O1RRLRCO3Z9b6jISI8KV5Lc.jpg,https://ts2.mm.bing.net/th?id=OIP.P0B1k27G0Gza-36Rw56APgAAAA&pid=15.1,,,,,,,,,Bing Images,review-required,2026-07-31T04:28:52.710867+00:00
f64785709556d1505135,Asami Jō,城麻美 — The Movie Database (TMDB),https://www.themoviedb.org/person/1288688,https://media.themoviedb.org/t/p/w300_and_h450_bestv2/2Q8LCHCyDVbxHeaze4613AdtR5o.jpg,https://ts1.mm.bing.net/th?id=OIP.e-tyPouUl89A30gQNteJ2wAAAA&pid=15.1,,,,,,,,,Bing Images,review-required,2026-07-31T04:28:52.710867+00:00
c9106e6c8bedd9417b17,Asami Sugiura,Asami - About - Entertainment.ie,https://entertainment.ie/person/asami/,https://images.entertainment.ie/person/w780_qHWRewySoNrswmTYzrrPtTkZJVZ.jpg,https://ts4.mm.bing.net/th?id=OIP.G7iFBFEo9pHUrzMfk7StRQHaLH&pid=15.1,,,,,,,,,Bing Images,review-required,2026-07-31T04:28:54.122957+00:00
041e04cf6ec8dc1b5ee6,Asami Sugiura,Asami Sugiura,https://ar.inspiredpencil.com/pictures-2023/asami-sugiura,https://static.wikia.nocookie.net/helloproject/images/9/94/Konno2021nov.jpg/revision/latest/scale-to-width/360?cb=20220415125407,https://ts2.mm.bing.net/th?id=OIP.AlU4zxcsafjsye3qAGRA0gAAAA&pid=15.1,,,,,,,,,Bing Images,review-required,2026-07-31T04:28:54.122957+00:00
04d722f15dafc51a64a5,Asami Sugiura,Asami Sugiura,https://ar.inspiredpencil.com/pictures-2023/asami-sugiura,https://pbs.twimg.com/media/EhbHbWiXkAULX6v.jpg,https://ts4.mm.bing.net/th?id=OIP.CxZ3z7AmhdRNmD1ffbszVgHaLG&pid=15.1,,,,,,,,,Bing Images,review-required,2026-07-31T04:28:54.122957+00:00
0db21095e9ef4cd75b9b,Asami Sugiura,Asami Sugiura,https://ar.inspiredpencil.com/pictures-2023/asami-sugiura,https://assets.mycast.io/actor_images/actor-asami-10348_large.jpeg?1577622609,https://ts1.mm.bing.net/th?id=OIP.RAfAICe4rTgzl6iVI1jYUgAAAA&pid=15.1,,,,,,,,,Bing Images,review-required,2026-07-31T04:28:54.122957+00:00
11eed81a7b2b04bebe50,Asami Sugiura,Asami Sugiura,https://ar.inspiredpencil.com/pictures-2023/asami-sugiura,https://www.nichi-eidomain.com/wp-content/uploads/2021/06/deadsushi-1200x900.jpg,https://ts3.mm.bing.net/th?id=OIP.1XdXExueS1HqBaonM5m1BwHaFj&pid=15.1,,,,,,,,,Bing Images,review-required,2026-07-31T04:28:54.122957+00:00
323c4b3a2abb7b4f0a29,Asami Sugiura,Asami Sugiura,https://ar.inspiredpencil.com/pictures-2023/asami-sugiura,https://fr.web.img6.acsta.net/c_310_420/medias/nmedia/18/77/08/70/19778488.jpg,https://ts4.mm.bing.net/th?id=OIP.mHxTkGupt8BCtgnobWDDuQAAAA&pid=15.1,,,,,,,,,Bing Images,review-required,2026-07-31T04:28:54.122957+00:00
68fab7abbb05443af00d,Asami Sugiura,Asami Sugiura,https://ar.inspiredpencil.com/pictures-2023/asami-sugiura,https://images.kinorium.com/persona/180/1310144.jpg?1547640549,https://ts4.explicit.bing.net/th?id=OIP.Mdsh2v5Fi8HvQjJaQdyBIQAAAA&pid=15.1,,,,,,,,,Bing Images,review-required,2026-07-31T04:28:54.122957+00:00
693101ad7a99337b90d7,Asami Sugiura,Asami Sugiura,https://ar.inspiredpencil.com/pictures-2023/asami-sugiura,https://pbs.twimg.com/media/EhbHayoX0AAZX6Z.jpg,https://ts4.mm.bing.net/th?id=OIP.76WpJYbSfxzNUc_jSLy84wHaKe&pid=15.1,,,,,,,,,Bing Images,review-required,2026-07-31T04:28:54.122957+00:00
90d734a388f30b21e893,Asami Sugiura,Asami Sugiura,https://ar.inspiredpencil.com/pictures-2023/asami-sugiura,https://img.seriebox.com/people/108/108520/asami-sugiura_min225.jpg,https://ts1.mm.bing.net/th?id=OIP.s-wiaeS1iCYOVXhDTcTx3gAAAA&pid=15.1,,,,,,,,,Bing Images,review-required,2026-07-31T04:28:54.122957+00:00
c963e5e7fcf980c2d9a1,Asami Sugiura,Asami Sugiura,https://ar.inspiredpencil.com/pictures-2023/asami-sugiura,https://image.pmgstatic.com/cache/resized/w468/files/images/film/photos/000/236/236299_47b468.jpg,https://ts3.mm.bing.net/th?id=OIP.1gHo2l0nh6WUt7jezpiiWAAAAA&pid=15.1,,,,,,,,,Bing Images,review-required,2026-07-31T04:28:54.122957+00:00
cd71285d89cf0a408e93,Asami Sugiura,Asami Sugiura,https://ar.inspiredpencil.com/pictures-2023/asami-sugiura,https://image.pmgstatic.com/cache/resized/w468/files/images/film/photos/000/401/401377_de226f.jpg,https://ts1.mm.bing.net/th?id=OIP.iL-kP1z41JV_Dd7SxReU2gAAAA&pid=15.1,,,,,,,,,Bing Images,review-required,2026-07-31T04:28:54.122957+00:00
f15104f196b1a48fb21e,Asami Sugiura,Asami Sugiura,https://ar.inspiredpencil.com/pictures-2023/asami-sugiura,https://static.wikia.nocookie.net/helloproject/images/d/d4/MorningMusumeKonnoAsamiSotsugyouMemorial-r.jpg/revision/latest?cb=20180124203253,https://ts1.mm.bing.net/th?id=OIP.XCdihoGDYlC_7YjDlla00QHaKX&pid=15.1,,,,,,,,,Bing Images,review-required,2026-07-31T04:28:54.122957+00:00
f61e43ab23c761976664,Asami Sugiura,Asami Sugiura,http://www.cologne-info.de/fotos-aus-koeln/prominente-in-koeln/asami-sugiura/asami-sugiura.html,http://cologne-info.de/fotos-aus-koeln/prominente-in-koeln/asami-sugiura/bilder-01/asami-sugiura-0002.jpg,https://ts1.mm.bing.net/th?id=OIP.utrVCBLKG2Q6b1N2V8B2dgAAAA&pid=15.1,,,,,,,,,Bing Images,review-required,2026-07-31T04:28:54.122957+00:00
da95f55a3f864d01f496,Asami Sugiura,Asami Sugiura Amazon.co.jp: Alo Hello! Asami Konno Morning Musume Halo,https://fity.club/lists/suggestions/asami-sugiura/,https://i.mydramalist.com/Zkd6Lc.jpg,https://ts2.mm.bing.net/th?id=OIP.6kW13yOsM05v9oMQ8r1k8gAAAA&pid=15.1,,,,,,,,,Bing Images,review-required,2026-07-31T04:28:54.122957+00:00
86ec9790ef4f37931230,Asami Sugiura,Asami Sugiura Former Morning Musume Member Konno Asami And Husband ...,https://narodnatribuna.info/lists/a/asami-sugiura/,https://screenanarchy.com/assets/gallery/2014/10/TMFO-Asami-3.jpg,https://ts1.mm.bing.net/th?id=OIP.Z5PdFbPrC84URFj0-GwJBwHaEF&pid=15.1,,,,,,,,,Bing Images,review-required,2026-07-31T04:28:54.122957+00:00
d0811b3c4f84e20c1a37,Asami Sugiura,Asami Sugiura in Hamburg | Catenius | Flickr,https://www.flickr.com/photos/13590988@N02/47926299057,https://live.staticflickr.com/65535/47926299057_4aa5e5ebca_w.jpg,https://ts2.mm.bing.net/th?id=OIP.rJ5L7alJlSQHaj3kb56tqQAAAA&pid=15.1,,,,,,,,,Bing Images,review-required,2026-07-31T04:28:54.122957+00:00
14dffcf95ea0ad624f9e,Asami Sugiura,"Asami sugiura | Takako fuji, Ryoko hirosue short hair, Japanese actress",https://www.pinterest.com/pin/nanako-matsushima-is-a-japanese-actress--290130401000473861/,https://i.pinimg.com/originals/7f/7f/2b/7f7f2b9b4c3f9960009aff5bb6e41fad.jpg,https://ts3.explicit.bing.net/th?id=OIP.0S6KZDzZeXT2TZzgWoKlUQHaFo&pid=15.1,,,,,,,,,Bing Images,review-required,2026-07-31T04:28:54.122957+00:00
e46c06c945ea341061f0,Asami Sugiura,"Asami – Movies, Bio and Lists on MUBI",https://mubi.com/en/cast/asami,https://images.mubicdn.net/images/cast_member/146012/cache-198715-1486610843/image-w856.jpg,https://ts4.mm.bing.net/th?id=OIP.aXbs-DReZCjCSHkit_Q9gQHaIy&pid=15.1,,,,,,,,,Bing Images,review-required,2026-07-31T04:28:54.122957+00:00
805625be65ba683eedaf,Asami Sugiura,Pinterest,https://www.pinterest.com/pin/pinterest--538602436704828979/,https://i.pinimg.com/originals/0b/c8/97/0bc897a52b06e9bb8fc078f46d496d83.jpg,https://ts3.mm.bing.net/th?id=OIP.AP1xk9YrfDk60LhVyGTd5QHaJ_&pid=15.1,,,,,,,,,Bing Images,review-required,2026-07-31T04:28:54.122957+00:00
dd59bcf1301efd1bc5f5,Asami Sugiura,The Many Faces Of Asami,https://screenanarchy.com/2014/10/the-many-faces-of-asami-gallery.html,https://screenanarchy.com/assets/gallery/2014/10/TMFO-Asami-2.jpg,https://ts2.mm.bing.net/th?id=OIP.HZztwvX25lewQ1SVXtfqxAHaEU&pid=15.1,,,,,,,,,Bing Images,review-required,2026-07-31T04:28:54.122957+00:00
1ab1cf40001372e09bcb,Ashley Blue,Ashley Blue,https://www.blu-ray.com/Ashley-Blue/602970/,https://images.static-bluray.com/products/22/179626_1_large.jpg,https://ts4.mm.bing.net/th?id=OIP.Dhe8JIzC72dienQhg6x4kAHaLH&pid=15.1,,,,,,,,,Bing Images,review-required,2026-07-31T04:28:55.556772+00:00
7a6f827833c010166e82,Ashley Blue,Ashley Blue,https://www.imdb.com/name/nm1235596/mediaviewer/rm1358277376,https://m.media-amazon.com/images/M/MV5BMTU5NDk2NDMyMl5BMl5BanBnXkFtZTcwNjQ1MDExOA@@._V1_.jpg,https://ts4.mm.bing.net/th?id=OIP.jyHyk-6jBfaDOJQsEF1ESAHaE3&pid=15.1,,,,,,,,,Bing Images,review-required,2026-07-31T04:28:55.556772+00:00
ce6a0b38713b94d341cc,Ashley Blue,"Ashley Blue - actress, director, writer",https://en.kinorium.com/name/874911/,https://images.kinorium.com/instagram/320/BU3l6c3Bmc_.jpg,https://ts1.mm.bing.net/th?id=OIP.qYYbJjm6kjiHoLVozKgNSQHaJQ&pid=15.1,,,,,,,,,Bing Images,review-required,2026-07-31T04:28:55.556772+00:00
1e980bc57471815afa70,Ashley Blue,Ashley Blue Actress,https://ar.inspiredpencil.com/pictures-2023/ashley-blue-actress,https://celebztreasure.com/wp-content/uploads/2023/02/ashley-dacek-374.jpg,https://ts3.mm.bing.net/th?id=OIP.ENUlNGdPR6h_GxzJfkrz3wHaKq&pid=15.1,,,,,,,,,Bing Images,review-required,2026-07-31T04:28:55.556772+00:00
3b48d5660b7ce6f84f6c,Ashley Blue,Ashley Blue Actress,https://ar.inspiredpencil.com/pictures-2023/ashley-blue-actress,https://thumbs.dreamstime.com/z/ashley-drane-actress-star-tv-series-blue-collar-tv-wb-tv-network-s-all-star-celebration-hollywood-july-los-angeles-ca-35317505.jpg,https://ts1.mm.bing.net/th?id=OIP.Rqpc3EEiaOxbHc0a4k6M3QHaLx&pid=15.1,,,,,,,,,Bing Images,review-required,2026-07-31T04:28:55.556772+00:00
acfc5830d7f31256636c,Ashley Blue,Ashley Blue Actress,https://ar.inspiredpencil.com/pictures-2023/ashley-blue-actress,http://ashleymorganbloom.com/wp-content/uploads/2014/01/AshleyBloom-222_edit_Q.jpg,https://ts4.mm.bing.net/th?id=OIP.6VEGlaACk807FnWxYH5uWwHaLH&pid=15.1,,,,,,,,,Bing Images,review-required,2026-07-31T04:28:55.556772+00:00
c81d4591c9a9c018a1b4,Ashley Blue,Ashley Blue Actress,https://ar.inspiredpencil.com/pictures-2023/ashley-blue-actress,https://l450v.alamy.com/450v/t4ydbx/los-angeles-ca-july-22-2005-actress-ashley-drane-star-of-tv-series-blue-collar-tv-at-the-wb-tv-networks-2005-all-star-celebration-in-hollywood-2005-paul-smith-featureflash-t4ydbx.jpg,https://ts2.mm.bing.net/th?id=OIP.14M_4_SujzJPtTWImhs0bQAAAA&pid=15.1,,,,,,,,,Bing Images,review-required,2026-07-31T04:28:55.556772+00:00
f53ae03e2b9c71a9330a,Ashley Blue,Ashley Blue Actress,https://ar.inspiredpencil.com/pictures-2023/ashley-blue-actress,https://i.ebayimg.com/images/g/so8AAOSw63pf-njX/s-l1200.webp,https://ts4.mm.bing.net/th?id=OIP.U21zyglmFU05kk8GNb7BbwHaJM&pid=15.1,,,,,,,,,Bing Images,review-required,2026-07-31T04:28:55.556772+00:00
7fe435caa5add2ed032c,Ashley Blue,"Ashley Blue Biography/Wiki, Age, Height, Career, Photos & More",https://globalzonetoday.com/ashley-blue/,https://globalzonetoday.com/wp-content/uploads/2021/11/Ashley_Blue.jpg,https://ts3.mm.bing.net/th?id=OIP.ebht_Ra15nr2p-hKqq0DqQHaEP&pid=15.1,,,,,,,,,Bing Images,review-required,2026-07-31T04:28:55.556772+00:00
98ca2cd7c4b425b23b3d,Ashley Blue,"Ashley Blue Biography/Wiki, Age, Height, Career, Photos & More",https://globalzonetoday.com/ashley-blue/,https://i0.wp.com/globalzonetoday.com/wp-content/uploads/2021/11/Ashley-Blue.jpg?ssl=1,https://ts3.mm.bing.net/th?id=OIP.bHnp0dcpZ9iW4geKOt2BYwHaEY&pid=15.1,,,,,,,,,Bing Images,review-required,2026-07-31T04:28:55.556772+00:00
984d9e92743fcc3cbb63,Ashley Blue,"Ashley Blue Photograph/Poster/Print, , This picture of Ashley Blu",https://wonderclub.com/W1671D,https://wonderclub.com/images/WSKU/67/1D/W1671D.jpg,https://ts1.explicit.bing.net/th?id=OIP.zvN94tWcu9iO1STkyjHcMwHaLH&pid=15.1,,,,,,,,,Bing Images,review-required,2026-07-31T04:28:55.556772+00:00
f47ed2c4c42aad4bb601,Ashley Blue,Ashley Blue Photos and Premium High Res Pictures - Getty Images,https://www.gettyimages.ie/photos/ashley_blue,https://media.gettyimages.com/id/51931229/photo/adult-film-star-ashley-blue-arrives-at-the-2005-avn-awards-on-january-8-2005-at-the-venetian.jpg?s=612x612&w=gi&k=20&c=8iH8lF5MaDsmHvceAAKRQnekWwKhT1Bi99HnNIJZ7wk=,https://ts3.mm.bing.net/th?id=OIP.MDyoQ3S_Ztf0A9VlrPrqtQAAAA&pid=15.1,,,,,,,,,Bing Images,review-required,2026-07-31T04:28:55.556772+00:00
9e0d8fcebd631ae5db8b,Ashley Blue,Ashley Blue video postcard - ニコニコ動画,https://www.nicovideo.jp/watch/sm2241961,https://img.cdn.nimg.jp/s/nicovideo/thumbnails/2241961/2241961.original/r1280x720l?key=674e0dba36fcf7fb7afe55f18778578b79aa5e4df59958e9f700c05c3cfabe00,https://ts3.mm.bing.net/th?id=OIP.eauDMJmcciQhqUpsL-Id6QHaFs&pid=15.1,,,,,,,,,Bing Images,review-required,2026-07-31T04:28:55.556772+00:00
678f69f18ec18b36cca1,Ashley Blue,Ashley Blue | AVN Expo 2005 | morbidthoughts | Flickr,https://www.flickr.com/photos/morbidthoughts/111123957/,https://live.staticflickr.com/19/111123957_c6cb8221ec_n.jpg,https://ts1.mm.bing.net/th?id=OIP.JuJvXw4xsAjzYjsfVP7_aAAAAA&pid=15.1,,,,,,,,,Bing Images,review-required,2026-07-31T04:28:55.556772+00:00
28c6341bc87e8d7d7264,Ashley Blue,Ashley Blue — Wikipédia,https://fr.wikipedia.org/wiki/Ashley_Blue,https://upload.wikimedia.org/wikipedia/commons/thumb/d/d1/AN_Ashley_Blue_3.jpg/500px-AN_Ashley_Blue_3.jpg,https://ts3.mm.bing.net/th?id=OIP.H_lb1bzxmd0gLU72Ye9hHgHaLH&pid=15.1,,,,,,,,,Bing Images,review-required,2026-07-31T04:28:55.556772+00:00
3b7316c149448433ed3c,Ashley Blue,Film Studies Student Profile: Ashley Blue | Fourth Estate,https://gmufourthestate.com/2014/10/28/film-studies-student-profile-ashley-blue/,http://gmufourthestate.com/files/2014/10/pic-copy.jpg,https://ts4.mm.bing.net/th?id=OIP.9623JOJsczIXWeBZ2AwEfAHaJ4&pid=15.1,,,,,,,,,Bing Images,review-required,2026-07-31T04:28:55.556772+00:00
ecef0b155d53c9aed5fc,Ashley Blue,‎Films starring Ashley Blue • Letterboxd,https://letterboxd.com/actor/ashley-blue/,https://image.tmdb.org/t/p/w342/e3HfzN0Ne7VKmSM4jlDuQFD8L2k.jpg,https://ts3.mm.bing.net/th?id=OIP.FretU2E3kUh4JAIT3JJ64QAAAA&pid=15.1,,,,,,,,,Bing Images,review-required,2026-07-31T04:28:55.556772+00:00
2302db8931a980c3ed1f,Ashlyn Gere,"15 Kimberly Ashlyn Gere Stock Photos, High-Res Pictures, and Images ...",https://www.gettyimages.fi/photos/kimberly-ashlyn-gere,https://media.gettyimages.com/id/667940550/photo/the-actress-kimberly-ashlyn-gere-in-cannes.jpg?s=612x612&w=gi&k=20&c=FHHmZjIgyANEyNkmPp1B-a4sygk8ZPAU4JGzaRCDMeQ=,https://ts2.mm.bing.net/th?id=OIP.J9Lqp9sOvYaNMwV9XtuuJwHaE8&pid=15.1,,,,,,,,,Bing Images,review-required,2026-07-31T04:28:57.129365+00:00
61c06211d969cf6fce84,Ashlyn Gere,"15 Kimberly Ashlyn Gere Stock Photos, High-Res Pictures, and Images ...",https://www.gettyimages.com/photos/kimberly-ashlyn-gere,https://media.gettyimages.com/id/667940534/photo/the-actress-kimberly-ashlyn-gere-in-cannes.jpg?s=612x612&w=gi&k=20&c=iGCqKdzTTTepphjBKHMVEUoCrIiEamts5zhhfBTwoq8=,https://ts1.mm.bing.net/th?id=OIP.IQH6Lj4X01RQWIyIU748tgAAAA&pid=15.1,,,,,,,,,Bing Images,review-required,2026-07-31T04:28:57.129365+00:00
fa75ef0ddc4c747ecda2,Ashlyn Gere,"15 Kimberly Ashlyn Gere Stock Photos, High-Res Pictures, and Images ...",https://www.gettyimages.dk/photos/kimberly-ashlyn-gere,https://media.gettyimages.com/id/667940570/photo/the-actress-kimberly-ashlyn-gere-in-cannes.jpg?s=612x612&w=gi&k=20&c=uVVfVoQylz7yl1KVSGfeeQkzZiDJmCHpblP1j0e6B0A=,https://ts4.mm.bing.net/th?id=OIP.T0PVZ6cxDdMS-LkTAc7-cwAAAA&pid=15.1,,,,,,,,,Bing Images,review-required,2026-07-31T04:28:57.129365+00:00
46993a6a2564c18274bb,Ashlyn Gere,AVN Award for Best Actress - Wikipedia,https://en.wikipedia.org/wiki/AVN_Award_for_Best_Actress,https://upload.wikimedia.org/wikipedia/commons/7/78/Ashlyn_Gere_ECVS_1999.jpg,https://ts1.mm.bing.net/th?id=OIP.ukn_YaiZFuCIeKXuJdHOuAAAAA&pid=15.1,,,,,,,,,Bing Images,review-required,2026-07-31T04:28:57.129365+00:00
8194784367e5b365bc58,Ashlyn Gere,"Ashlyn Gere - Age, Bio, Family | Famous Birthdays",https://www.famousbirthdays.com/people/ashlyn-gere.html,https://www.famousbirthdays.com/faces/gere-ashlyn-image.jpg,https://ts4.mm.bing.net/th?id=OIP.33vw2UwQ_fn6jNaWKxMeagAAAA&pid=15.1,,,,,,,,,Bing Images,review-required,2026-07-31T04:28:57.129365+00:00
3b6c7416724e1bdae311,Ashlyn Gere,Ashlyn Gere - Biographie - IMDb,https://www.imdb.com/fr/name/nm0570896/bio/,https://m.media-amazon.com/images/M/MV5BM2I1NmU5YjctNWZmYi00ZTBiLTk3OWItYmQ3N2VjNTRiYjA4XkEyXkFqcGc@._V1_FMjpg_UX1000_.jpg,https://ts2.mm.bing.net/th?id=OIP.E1SopnCzZBnE66tvz_I6qgHaEK&pid=15.1,,,,,,,,,Bing Images,review-required,2026-07-31T04:28:57.129365+00:00
322f0431e6374e17cd2b,Ashlyn Gere,"Ashlyn Gere - Films, Biographie et Listes sur MUBI",https://mubi.com/fr/cast/ashlyn-gere,https://images.mubicdn.net/images/cast_member/33120/cache-205781-1560475917/image-w856.jpg,https://ts2.explicit.bing.net/th?id=OIP.1sP5--Kg2p3MzvTYbzBziAHaIy&pid=15.1,,,,,,,,,Bing Images,review-required,2026-07-31T04:28:57.129365+00:00
5091fd0615fe6e806c9b,Ashlyn Gere,Ashlyn Gere - IMDb,https://www.imdb.com/name/nm0570896/,"https://m.media-amazon.com/images/M/MV5BM2I1NmU5YjctNWZmYi00ZTBiLTk3OWItYmQ3N2VjNTRiYjA4XkEyXkFqcGc@._V1_QL75_UY207_CR114,0,140,207_.jpg",https://ts4.mm.bing.net/th?id=OIP.QJBAC9KOTQi3uQi_aeOCigAAAA&pid=15.1,,,,,,,,,Bing Images,review-required,2026-07-31T04:28:57.129365+00:00
9ff57662a516792aab76,Ashlyn Gere,Ashlyn Gere - Photos - IMDb,https://www.imdb.com/name/nm0570896/mediaindex/,https://m.media-amazon.com/images/M/MV5BY2E4ODgyYTUtODllNi00MzgwLTg4YzUtM2ZkODViMGQzMjI3XkEyXkFqcGc@._V1_QL75_UX388_.jpg,https://ts1.mm.bing.net/th?id=OIP.8vFdJdlW_b70vROKnKOo1gAAAA&pid=15.1,,,,,,,,,Bing Images,review-required,2026-07-31T04:28:57.129365+00:00
290bc2232fe2d6be0b33,Ashlyn Gere,"Ashlyn Gere - actress, writer, producer, director, author",https://en.kinorium.com/name/429096/,https://images.kinorium.com/movie/shot/85120/h280_54917883.jpg,https://ts2.mm.bing.net/th?id=OIP.LZHB6ozeswqEJWUzuD8AvQHaEK&pid=15.1,,,,,,,,,Bing Images,review-required,2026-07-31T04:28:57.129365+00:00
47a62a499f1d9f78433e,Ashlyn Gere,Ashlyn Gere Movies and TV Shows - Plex,https://watch.plex.tv/person/ashlyn-gere,https://metadata-static.plex.tv/1/people/18e8de70d24e4e565a2cba4f0e9778b4.jpg,https://ts3.mm.bing.net/th?id=OIP.tm5YmoWOC9HFrZ3C6qnY8gHaHa&pid=15.1,,,,,,,,,Bing Images,review-required,2026-07-31T04:28:57.129365+00:00
0e514cd6b922ff305241,Ashlyn Gere,Ashlyn Gere | Celebrities lists.,https://waytofamous.com/18116-ashlyn-gere.html,https://waytofamous.com/images/ashlyn-gere-03.jpg,https://ts1.mm.bing.net/th?id=OIP.u0iAsMtHpsKlci6aLKs1YQAAAA&pid=15.1,,,,,,,,,Bing Images,review-required,2026-07-31T04:28:57.129365+00:00
b1d57a460fae901667bc,Ashlyn Gere,Ashlyn Gere | ČSFD.cz,https://www.csfd.cz/tvurce/57102-ashlyn-gere/prehled/,https://image.pmgstatic.com/cache/resized/w300h396crop/files/images/creator/photos/161/333/161333605_2bb6d3.jpg,https://ts1.mm.bing.net/th?id=OIP.JG4NplKTwmKZJOosQ5KuegAAAA&pid=15.1,,,,,,,,,Bing Images,review-required,2026-07-31T04:28:57.129365+00:00
1c5445b8a149a5a53fd3,Ashlyn Gere,"Ashlyn Gere's Instagram, Twitter & Facebook on IDCrawl",https://www.idcrawl.com/ashlyn-gere,https://i.ytimg.com/vi/_lJvHGqXJEQ/maxresdefault.jpg,https://ts1.mm.bing.net/th?id=OIP.YbZB1fHBo-8tHRmQRRQzYQHaEK&pid=15.1,,,,,,,,,Bing Images,review-required,2026-07-31T04:28:57.129365+00:00
ea06074f9800b1f9c64c,Ashlyn Gere,"Ashlyn Gere's Instagram, Twitter & Facebook on IDCrawl",https://www.idcrawl.com/ashlyn-gere,https://img.seriebox.com/people/152/152777/ashlyn-gere_min225.jpg,https://ts2.mm.bing.net/th?id=OIP.te9ScAvPxLk_NdapMiZ7lQAAAA&pid=15.1,,,,,,,,,Bing Images,review-required,2026-07-31T04:28:57.129365+00:00
989196131b57511652a2,Ashlyn Gere,"Ashlyn Gere: Net Worth, Age, Height, Images, Bio/Wiki 2024.",https://lifedetailshub.com/ashlyn-gere/,https://lifedetailshub.com/wp-content/uploads/2024/11/3-4-1024x576.png,https://ts3.mm.bing.net/th?id=OIP.6Sc79wom7_TiMS193IeEIAHaEK&pid=15.1,,,,,,,,,Bing Images,review-required,2026-07-31T04:28:57.129365+00:00
9f57e2c6a3dcdef9b9db,Ashlyn Gere,Unveiling the Enigmatic Life of Ashlyn Gere: A Journey through the ...,https://www.youtube.com/watch?v=8TMHMqFyID4,https://i.ytimg.com/vi/8TMHMqFyID4/maxresdefault.jpg,https://ts3.mm.bing.net/th?id=OIP.u9E6qazSPLql1CXRBLQ88wHaEK&pid=15.1,,,,,,,,,Bing Images,review-required,2026-07-31T04:28:57.129365+00:00
68851eea6ebcb2b9c4d6,Asia Carrera,50 Hot Asia Carrera Photos Will Make Your Day Better - 12thBLOG,https://www.12thblog.com/50-hot-asia-carrera-photos-will-make-your-day-better/,https://www.12thblog.com/wp-content/uploads/2020/06/Asia-Carrera-11.jpg,https://ts4.mm.bing.net/th?id=OIP.BZGUAIynUM0APFOwfkB8MwHaLH&pid=15.1,,,,,,,,,Bing Images,review-required,2026-07-31T04:28:58.552459+00:00
8e728a607cb21322df2e,Asia Carrera,50 Hot Asia Carrera Photos Will Make Your Day Better - 12thBLOG,https://www.12thblog.com/50-hot-asia-carrera-photos-will-make-your-day-better/,https://www.12thblog.com/wp-content/uploads/2020/06/Asia-Carrera-37.jpg,https://ts1.mm.bing.net/th?id=OIP.65vdxq_mPb9GxTAxo-q3JgAAAA&pid=15.1,,,,,,,,,Bing Images,review-required,2026-07-31T04:28:58.552459+00:00
e1ae1c0282ddf36bbfe5,Asia Carrera,Asia Carrera,https://www.imdb.com/media/rm3918305792/nm0006562,https://m.media-amazon.com/images/M/MV5BNzk2MzExMDQ3N15BMl5BanBnXkFtZTYwMjQyNDAz._V1_FMjpg_UX1000_.jpg,https://ts4.mm.bing.net/th?id=OIP.w4vTlulg3QQw36zOB9n6iQHaJQ&pid=15.1,,,,,,,,,Bing Images,review-required,2026-07-31T04:28:58.552459+00:00
19252c5023ffc7a1c273,Asia Carrera,"Asia Carrera (Actor) Age, Wiki, Biography, Ethnicity, Photos, Husband ...",https://celebritate.com/celebrity/asia-carrera/,https://celebritate.com/wp-content/uploads/2023/05/Asia-Carrera.jpg,https://ts2.mm.bing.net/th?id=OIP.G24I8-GG0EcEYNWHabWdSgHaIO&pid=15.1,,,,,,,,,Bing Images,review-required,2026-07-31T04:28:58.552459+00:00
a9f094787b0ab3f9d7a6,Asia Carrera,"Asia Carrera - Age, Bio, Family | Famous Birthdays",https://www.famousbirthdays.com/people/asia-carrera.html,https://www.famousbirthdays.com/faces/carrera-asia-image.jpg,https://ts1.mm.bing.net/th?id=OIP.1YT4zEANq5aA9S1WVA9eywAAAA&pid=15.1,,,,,,,,,Bing Images,review-required,2026-07-31T04:28:58.552459+00:00
d17635e7066264bf9709,Asia Carrera,"Asia Carrera - actress, director, writer, producer, composer, dubbing ...",https://en.kinorium.com/name/6189/,https://images.kinorium.com/movie/shot/753771/h280_48983942.jpg,https://ts2.mm.bing.net/th?id=OIP.jvY5Pk4-3TxGjZjXiuZMIAHaEK&pid=15.1,,,,,,,,,Bing Images,review-required,2026-07-31T04:28:58.552459+00:00
1228574dd2b181db53eb,Asia Carrera,"Asia Carrera 2026, Age, Height, Weight, Boyfriend, Net Worth - Discover ...",https://aajivanbiography.com/asia-carrera/,http://aajivanbiography.com/wp-content/uploads/2025/11/Asia-Carrera-2-1024x576.jpg,https://ts3.mm.bing.net/th?id=OIP.RgxQ-DIJX73F5s2TJ5NYuAHaEK&pid=15.1,,,,,,,,,Bing Images,review-required,2026-07-31T04:28:58.552459+00:00
002a709ebed0de5ebf6e,Asia Carrera,"Asia Carrera Biography/Wiki, Age, Height, Career, Photos & More",https://globalzonetoday.com/asia-carrera/,https://i0.wp.com/globalzonetoday.com/wp-content/uploads/2020/10/Asia_Carrera.jpg?ssl=1,https://ts1.explicit.bing.net/th?id=OIP.oResdPV5YpcXgrzU3XIJAQHaE4&pid=15.1,,,,,,,,,Bing Images,review-required,2026-07-31T04:28:58.552459+00:00
c44d0790a3bb65a2a313,Asia Carrera,"Asia Carrera Biography/Wiki, Age, Height, Career, Photos & More",https://globalzonetoday.com/asia-carrera/,https://i0.wp.com/globalzonetoday.com/wp-content/uploads/2020/10/Asia-Carrera-1.jpg?ssl=1,https://ts2.mm.bing.net/th?id=OIP.h-hUKdyLZnfcvoB1tjVePwHaEn&pid=15.1,,,,,,,,,Bing Images,review-required,2026-07-31T04:28:58.552459+00:00
3a0f6c25dfa9017a413d,Asia Carrera,"Asia Carrera Biography: Wiki, Age, Career, Height, Weight, Boyfriend ...",https://wikiindetail.com/asia-carrera-biography/,https://wikiindetail.com/wp-content/uploads/Asia Carrera Biography-1772539492.webp,https://ts4.explicit.bing.net/th?id=OIP.oQ1hLrkJki8p0Z5vIivqSQHaJ4&pid=15.1,,,,,,,,,Bing Images,review-required,2026-07-31T04:28:58.552459+00:00
0239524f118bdf2ab540,Asia Carrera,Asia Carrera Pictures | Rotten Tomatoes,https://www.rottentomatoes.com/celebrity/asia_carrera/pictures,https://resizing.flixster.com/-XZAfHZM39UwaGJIFWKAE8fS0ak=/v3/t/assets/71655_v9_ba.jpg,https://ts2.mm.bing.net/th?id=OIP.CjjuToZtzrQiQzVGIbxBrgHaJ4&pid=15.1,,,,,,,,,Bing Images,review-required,2026-07-31T04:28:58.552459+00:00
9225c775099c5a4bbf62,Asia Carrera,Asia Carrera | TV Time,https://www.tvtime.com/people/376914-asia-carrera,https://artworks.thetvdb.com/banners/v4/actor/376914/photo/62e8d1de62300.jpg,https://ts2.explicit.bing.net/th?id=OIP.6-YanymMiwX8PpTg-au6wAAAAA&pid=15.1,,,,,,,,,Bing Images,review-required,2026-07-31T04:28:58.552459+00:00
e74a54932da486a2e59b,Asia Carrera,"Asia Carrera's Instagram, Twitter & Facebook on IDCrawl",https://www.idcrawl.com/asia-carrera,https://upload.wikimedia.org/wikipedia/commons/3/3b/Asia_Carrera_2003_AVN_expo.jpg,https://ts4.mm.bing.net/th?id=OIP.dzXVWGbo870wQpk4fvjYtQAAAA&pid=15.1,,,,,,,,,Bing Images,review-required,2026-07-31T04:28:58.552459+00:00
cd6dc79f89c456a81c9b,Asia Carrera,Asia Carrera: From Fame and Tragedy to Academia and Activism ...,https://iconsofsin.com/asia-carrera-from-fame-and-tragedy-to-academia-and-activism/,https://i.ytimg.com/vi/ug_K6npami0/maxresdefault.jpg,https://ts1.mm.bing.net/th?id=OIP.Q1QeE1ocWGp5CDG8pHd2rgHaEK&pid=15.1,,,,,,,,,Bing Images,review-required,2026-07-31T04:28:58.552459+00:00
9016c7be0ae267942c2d,Asia Carrera,CANON MOVIES: HAPPY BIRTHDAY ASIA CARRERA,https://canonmovies.blogspot.com/2016/08/happy-birthday-asia-carrera.html,https://4.bp.blogspot.com/-O5R2VeryNpc/V6XvjLWdZAI/AAAAAAACkSw/ZtHWTKLhsm4UIJECtwfGezF4fOOEaV7ygCLcB/w1200-h630-p-k-no-nu/ZZpic02.jpg,https://ts4.mm.bing.net/th?id=OIP.B-QxKJinrpIohvzVQz2YlQHaD4&pid=15.1,,,,,,,,,Bing Images,review-required,2026-07-31T04:28:58.552459+00:00
868a52d2fc756d7d1c5d,Asia Carrera,Former adult film actress passes February bar exam in Texas,https://www.abajournal.com/news/article/actress-known-as-asia-carrera-who-appeared-in-hundreds-of-adult-films-passes-february-bar-exam,https://www.abajournal.com/images/main_images/Asia_Carrera.jpg,https://ts3.mm.bing.net/th?id=OIP.xEqgGTYVty_9S8_hngY2qwHaFU&pid=15.1,,,,,,,,,Bing Images,review-required,2026-07-31T04:28:58.552459+00:00
55bc07f985d7a6f081a4,Asia Carrera,Galleria fotografica Asia Carrera - Le gambe delle donne,https://www.legambedelledonne.com/galleria-asia-carrera/,https://www.legambedelledonne.com/wp-content/gallery/asia-carrera/asia_carrera_20090808_1600321218.jpg,https://ts2.mm.bing.net/th?id=OIP.GpttNSj82kPPvQQas4RMIgHaE3&pid=15.1,,,,,,,,,Bing Images,review-required,2026-07-31T04:28:58.552459+00:00
937c4166c6cc12e4bef7,Aurora Snow,"5+ Thousand Snowy Mountains Starry Skies Royalty-Free Images, Stock ...",https://www.shutterstock.com/search/snowy-mountains-starry-skies,https://www.shutterstock.com/shutterstock/photos/2196485349/display_1500/stock-photo-aurora-borealis-background-beautiful-northern-lights-over-snowy-mountains-and-ice-lakes-starry-2196485349.jpg,https://ts1.mm.bing.net/th?id=OIP.vuNFZRKtphUJosQxpZEVqgHaET&pid=15.1,,,,,,,,,Bing Images,review-required,2026-07-31T04:29:03.853719+00:00
bed7b3b253d89ebd5f01,Aurora Snow,Aurora Borealis Illuminating the Night Sky Over Snow-capped Mountains ...,https://www.dreamstime.com/aurora-borealis-illuminating-night-sky-over-snow-capped-mountains-serene-frozen-lake-dazzling-display-northern-lights-image346643105,https://thumbs.dreamstime.com/z/aurora-borealis-illuminating-night-sky-over-snow-capped-mountains-serene-frozen-lake-dazzling-display-northern-lights-346643105.jpg?w=992,https://ts2.mm.bing.net/th?id=OIP.fDOhZt3Yy2iJ1DuaHNKKLQHaDt&pid=15.1,,,,,,,,,Bing Images,review-required,2026-07-31T04:29:03.853719+00:00
c3f169e77fde2c9fdca5,Aurora Snow,Aurora Borealis Northern Lights over Snow,https://www.pinterest.com/pin/aurora-borealis-northern-lights-over-snow--531284087284213981/,https://i.pinimg.com/736x/59/1f/1b/591f1b51e9d134873e5825ad3e151ed6.jpg,https://ts1.mm.bing.net/th?id=OIP.mDaE6GEBA055YM2gvH5UZQHaLH&pid=15.1,,,,,,,,,Bing Images,review-required,2026-07-31T04:29:03.853719+00:00
8f9ed850cf16d0fd156a,Aurora Snow,"Aurora Borealis Over Snow-capped Mountains at Night, Vibrant Northern ...",https://www.dreamstime.com/aurora-borealis-over-snow-capped-mountains-night-vibrant-northern-lights-display-natural-phenomenon-stargazing-aurora-video360997911,https://thumbs.dreamstime.com/b/northern-lights-over-snow-covered-forest-night-stunning-aurora-borealis-display-natural-phenomena-winter-northern-lights-356225779.jpg,https://ts1.mm.bing.net/th?id=OIP.t46CdtXrfTRX82R4DkcOqwHaEK&pid=15.1,,,,,,,,,Bing Images,review-required,2026-07-31T04:29:03.853719+00:00
88ed9728315d70f23c8e,Aurora Snow,"Aurora Borealis Over SnowCovered Mountains, Northern Lights Phenomenon ...",https://www.dreamstime.com/aurora-borealis-over-snowcovered-mountains-northern-lights-phenomenon-winter-night-breathtaking-view-dancing-above-image385173732,https://thumbs.dreamstime.com/b/aurora-borealis-over-snowcovered-mountains-northern-lights-phenomenon-winter-night-breathtaking-view-dancing-above-385173732.jpg?w=992,https://ts1.mm.bing.net/th?id=OIP.-RBqOOzYHstrVoHIsS7XnQHaEB&pid=15.1,,,,,,,,,Bing Images,review-required,2026-07-31T04:29:03.853719+00:00
9608e01a97e802ac4626,Aurora Snow,Aurora borealis above the snow covered mountain range in europe ...,https://stock.adobe.com/images/aurora-borealis-above-the-snow-covered-mountain-range-in-europe-northern-lights-in-winter-night-landscape-with-green-polar-lights-and-snowy-mountains-starry-sky-with-aurora-over-the-rocks-space/251250154,https://as2.ftcdn.net/v2/jpg/02/51/25/01/1000_F_251250154_0AWxQoPJqece5xE79sLkxhpk7A8MmxRd.jpg,https://ts1.mm.bing.net/th?id=OIP.G23gV-qfKRQ-O10jGuaxAwHaE2&pid=15.1,,,,,,,,,Bing Images,review-required,2026-07-31T04:29:03.853719+00:00
b3026d32aef7ae8db03b,Aurora Snow,"Breathtaking View the Aurora Borealis, or Northern Lights, Illuminates ...",https://www.dreamstime.com/breathtaking-view-aurora-borealis-northern-lights-illuminates-night-sky-over-snow-covered-image-depicts-image328484036,https://thumbs.dreamstime.com/b/breathtaking-view-aurora-borealis-northern-lights-illuminates-night-sky-over-snow-covered-image-depicts-328484036.jpg,https://ts2.mm.bing.net/th?id=OIP.OJSDzBl4s8MlBN_SchC2IwHaEc&pid=15.1,,,,,,,,,Bing Images,review-required,2026-07-31T04:29:03.853719+00:00
485b83652238af2d57d2,Aurora Snow,Night snow mountain aurora 34933834 Stock Photo at Vecteezy,https://www.vecteezy.com/photo/34933834-night-snow-mountain-aurora,https://static.vecteezy.com/system/resources/previews/034/933/834/non_2x/night-snow-mountain-aurora-photo.jpg,https://ts4.mm.bing.net/th?id=OIP.McvhlO4l-eyUYFNhblbTAgHaHa&pid=15.1,,,,,,,,,Bing Images,review-required,2026-07-31T04:29:03.853719+00:00
605e6c9fb733b2e706f3,Aurora Snow,Nighttime mountain with snow and aurora in the sky on Craiyon,https://www.craiyon.com/en/image/tVODHWRWTcGip1Tfqg5TUw,https://pics.craiyon.com/2023-11-30/cfbhdPWlRHyJYIAWMq2cFQ.webp,https://ts4.mm.bing.net/th?id=OIP.Eah1DoPFRRoZ89ICsPbG8gHaHa&pid=15.1,,,,,,,,,Bing Images,review-required,2026-07-31T04:29:03.853719+00:00
7a463bc5c00c622406ae,Aurora Snow,"Northern Lights Over Snow-covered Mountains, a Breathtaking View of the ...",https://www.dreamstime.com/northern-lights-over-snow-covered-mountains-breathtaking-view-aurora-borealis-dancing-above-frozen-river-northern-video341406833,https://thumbs.dreamstime.com/b/northern-lights-over-snow-covered-mountains-breathtaking-view-aurora-borealis-dancing-above-frozen-river-northern-341406833.jpg,https://ts4.mm.bing.net/th?id=OIP.jIwMAjkFVhmNleugBlTccgHaEO&pid=15.1,,,,,,,,,Bing Images,review-required,2026-07-31T04:29:03.853719+00:00
b60d717669c7d6b851c0,Aurora Snow,Northern Lights Over Snowy Mountains Aurora Stock Photo 2222259343 ...,https://www.shutterstock.com/image-photo/northern-lights-over-snowy-mountains-aurora-2222259343,https://www.shutterstock.com/shutterstock/photos/2222259343/display_1500/stock-photo-northern-lights-over-snowy-mountains-aurora-borealis-with-starry-in-the-night-sky-fantastic-2222259343.jpg,https://ts2.mm.bing.net/th?id=OIP.N6eJkJ6AIput5sUpJhaL7wHaFe&pid=15.1,,,,,,,,,Bing Images,review-required,2026-07-31T04:29:03.853719+00:00
5e995531f6dd99858805,Aurora Snow,Northern Lights Over Snowy Mountains Aurora Stock Photo 2222259389 ...,https://www.shutterstock.com/image-photo/northern-lights-over-snowy-mountains-aurora-2222259389,https://www.shutterstock.com/image-photo/northern-lights-over-snowy-mountains-260nw-2222259389.jpg,https://ts3.mm.bing.net/th?id=OIP.Rc-VzNfCRFIkCa0tFmOuPwAAAA&pid=15.1,,,,,,,,,Bing Images,review-required,2026-07-31T04:29:03.853719+00:00
5fa86cf2b33da9bee1be,Aurora Snow,"Northern lights, aurora, winter, snow, starry sky | picture, photo ...",https://wallpapers777.com/image-en-northern-lights-aurora-winter-snow-starry-sky,https://wallpapers777.com/wallpapers/big/background_severnoe_siianie_avrora_zima_1225031_pic_image_wallpaper_big_1920x1080.jpg,https://ts1.mm.bing.net/th?id=OIP.FJ6bTK9WUIzQUOP01Z48TgHaEK&pid=15.1,,,,,,,,,Bing Images,review-required,2026-07-31T04:29:03.853719+00:00
01f26948dd867c3d287e,Aurora Snow,Premium Photo | Aurora borealis above the snow covered mountain range ...,https://www.freepik.com/premium-photo/aurora-borealis-snow-covered-mountain-range-europe-northern-lights-winter-night-landscape-with-green-polar-lights-snowy-mountains-starry-sky-with-aurora-rocks-space_48793127.htm,https://img.freepik.com/premium-photo/aurora-borealis-snow-covered-mountain-range-europe-northern-lights-winter-night-landscape-with-green-polar-lights-snowy-mountains-starry-sky-with-aurora-rocks-space_939522-1663.jpg?w=2000,https://ts2.mm.bing.net/th?id=OIP.hESl_M99FASDW4T4fOft4QHaFP&pid=15.1,,,,,,,,,Bing Images,review-required,2026-07-31T04:29:03.853719+00:00
1f71ef82e85b7116cb02,Aurora Snow,Premium Photo | Aurora borealis or northern lights over snow mountain ...,https://www.freepik.com/premium-photo/aurora-borealis-northern-lights-snow-mountain-coastline_4095999.htm,https://img.freepik.com/premium-photo/aurora-borealis-northern-lights-snow-mountain-coastline_49071-659.jpg?w=2000,https://ts1.mm.bing.net/th?id=OIP.7jCdVgao5gdNxgZf8_Wy_gHaEW&pid=15.1,,,,,,,,,Bing Images,review-required,2026-07-31T04:29:03.853719+00:00
22f6cdc05ed90e892e9b,Aurora Snow,Premium Photo | Northern lights over snowy mountains aurora borealis ...,https://www.freepik.com/premium-photo/northern-lights-snowy-mountains-aurora-borealis-with-starry-night-sky_135903380.htm,https://img.freepik.com/premium-photo/northern-lights-snowy-mountains-aurora-borealis-with-starry-night-sky_126267-14483.jpg?w=2000,https://ts1.mm.bing.net/th?id=OIP.IqpyhWZrTYEGqMDrd20BUgHaEJ&pid=15.1,,,,,,,,,Bing Images,review-required,2026-07-31T04:29:03.853719+00:00
c9dcc42936a77147b064,Aurora Snow,Premium Photo | Northern lights over snowy mountains. aurora borealis ...,https://www.freepik.com/premium-photo/northern-lights-snowy-mountains-aurora-borealis-with-starry-night-sky-fantastic-winter_34044215.htm,https://img.freepik.com/premium-photo/northern-lights-snowy-mountains-aurora-borealis-with-starry-night-sky-fantastic-winter_636456-3040.jpg?w=2000,https://ts1.mm.bing.net/th?id=OIP.KB50thT6WpohMlTedeG8WQHaE7&pid=15.1,,,,,,,,,Bing Images,review-required,2026-07-31T04:29:03.853719+00:00
8a0aa44b0499d19b0987,Aurora Snow,Snowy Mountains At Night Northern Lights,https://ar.inspiredpencil.com/pictures-2023/snowy-mountains-at-night-northern-lights,https://as1.ftcdn.net/v2/jpg/02/57/25/70/1000_F_257257019_JHzBdmuwHhIEEzuz4on636cMl8DChP8q.jpg,https://ts4.mm.bing.net/th?id=OIP.8NvxDHWd5BsSGZ8lnS1XSQHaFB&pid=15.1,,,,,,,,,Bing Images,review-required,2026-07-31T04:29:03.853719+00:00
13a8c0af401e156a5523,Aurora Snow,Vibrant Aurora Borealis Over Snowy Mountain Range HD Wallpaper by ...,https://wall.alphacoders.com/big.php?i=1350701,https://images8.alphacoders.com/135/thumb-1920-1350701.jpeg,https://ts2.mm.bing.net/th?id=OIP.uU9e_dtEypVXQBqYUQhrxgHaEO&pid=15.1,,,,,,,,,Bing Images,review-required,2026-07-31T04:29:03.853719+00:00
6b51b0f9c05e70119fd7,Ayu Sakurai,"Ayu Sakurai - Facts, Bio, Career, Net Worth | AidWiki",https://aidwiki.com/ayu-sakurai,https://aidwiki.com/images/wiki/origin/ayu_sakurai_aidwiki_1.jpg,https://ts2.mm.bing.net/th?id=OIP.mf7CxM4Mc8ScN4LD139HrQAAAA&pid=15.1,,,,,,,,,Bing Images,review-required,2026-07-31T04:29:05.342237+00:00
f33336359f2a0622a993,Ayu Sakurai,"Ayu Sakurai - Facts, Bio, Career, Net Worth | AidWiki",https://aidwiki.com/ayu-sakurai,https://aidwiki.com/images/wiki/small/ayu_sakurai_aidwiki_1.jpg,https://ts1.mm.bing.net/th?id=OIP.Uw820_ovgyYufmbONRNehwHaFj&pid=15.1,,,,,,,,,Bing Images,review-required,2026-07-31T04:29:05.342237+00:00
5a3db795ca2d85f3e744,Ayu Sakurai,"Ayu Sakurai Net Worth, Wiki, Age, Bio, Boyfriend, Husband - World Blaze",https://www.worldblaze.in/ayu-sakurai-wiki/,http://worldblaze.in/wp-content/uploads/2024/02/Ayu-Sakurai.webp,https://ts2.mm.bing.net/th?id=OIP.GAYb6hGGogLBj390y7jZTwHaEf&pid=15.1,,,,,,,,,Bing Images,review-required,2026-07-31T04:29:05.342237+00:00
e807e3d7cf7e855bacab,Ayu Sakurai,Ayu Sakurai | GoldPoster,https://www.goldposter.com/celebrity/7961870/,"https://img.goldposter.com/2021/11/ayu-sakurai_photo_goldposter_com_1.jpg?x-oss-process=image/resize,m_fill,h_300,w_200/quality,q_80",https://ts3.explicit.bing.net/th?id=OIP.i4bUc6qvXj_rfsytJLAnSAAAAA&pid=15.1,,,,,,,,,Bing Images,review-required,2026-07-31T04:29:05.342237+00:00
6e691807a763fd111a1a,Ayu Sakurai,Ayu Sakurai | Nihon Fanon Wiki | Fandom,https://nihon-fanon.fandom.com/wiki/Ayu_Sakurai,https://static.wikia.nocookie.net/community-plaza/images/f/f8/Ayu_Sakurai.png/revision/latest/scale-to-width-down/205?cb=20170323173150,https://ts3.mm.bing.net/th?id=OIP.LFSbZ6-wSP_HW7V-QX_2TAAAAA&pid=15.1,,,,,,,,,Bing Images,review-required,2026-07-31T04:29:05.342237+00:00
39e3e314214988eb87b1,Ayu Sakurai,Ayu.Saeki (@Ayu_Miyu_Life) / Posts / X,https://x.com/Ayu_Miyu_Life,https://pbs.twimg.com/profile_images/1998410095911481344/MgqH2Iys.jpg,https://ts3.mm.bing.net/th?id=OIP.zjdwjtZbRJ9uycWx3SpAkwAAAA&pid=15.1,,,,,,,,,Bing Images,review-required,2026-07-31T04:29:05.342237+00:00
c17442ad79726b6895c1,Ayu Sakurai,"Fame | Ayu Sakurai net worth and salary income estimation Nov, 2025 ...",https://peopleai.com/fame/identities/ayu-sakurai,https://peopleai.com/fame/identities/ayu-sakurai/thumbnail,https://ts4.mm.bing.net/th?id=OIP.qRgzIhIV36n66puKlEp9AwHaEK&pid=15.1,,,,,,,,,Bing Images,review-required,2026-07-31T04:29:05.342237+00:00
856ba2fea0c61552af0c,Ayu Sakurai,Japanese Movies Scene Ayu Sakurai Have A Breakfast #168 - YouTube,https://www.youtube.com/watch?v=hGpWJCjGWws,https://i.ytimg.com/vi/hGpWJCjGWws/maxresdefault.jpg,https://ts4.mm.bing.net/th?id=OIP.CrA4Hoy8nc-J23UlqJ5MQAHaEK&pid=15.1,,,,,,,,,Bing Images,review-required,2026-07-31T04:29:05.342237+00:00
ed6ecc3ebf8d9727a60f,Ayu Sakurai,Japanese Movies Scene Ayu Sakurai ft Neighbour #144 - YouTube,https://www.youtube.com/watch?v=eARl9It1vSA,https://i.ytimg.com/vi/eARl9It1vSA/maxresdefault.jpg,https://ts2.mm.bing.net/th?id=OIP.j0sSTfpRYWIsekPjQK5GdAHaEK&pid=15.1,,,,,,,,,Bing Images,review-required,2026-07-31T04:29:05.342237+00:00
1f0c7153161e53e0dd64,Ayu Sakurai,Sakurai Ayu | vndb,https://vndb.org/c108367,https://t.vndb.org/ch/72/130472.jpg,https://ts4.mm.bing.net/th?id=OIP.lxP3nxJcTKa9MBLiH2ZR2gAAAA&pid=15.1,,,,,,,,,Bing Images,review-required,2026-07-31T04:29:05.342237+00:00
4abe1d8b502409a6c144,Ayu Sakurai,樱井步(桜井あゆ、Ayu Sakurai)人物简历生涯评价全纪录-PCR宅悦社,https://www.3pcr.com/89495.html,https://pic1.766669.xyz/pic/p2392/p2392-5925-53252.jpg,https://ts2.explicit.bing.net/th?id=OIP.0F92yHHCFcVv_P5E359yNAHaJD&pid=15.1,,,,,,,,,Bing Images,review-required,2026-07-31T04:29:05.342237+00:00
6b097c00de034379e7e8,Ayu Sakurai,사쿠라이 아유 / ?井あゆ / Ayu Sakurai - SETFLIX,https://setflix.co.kr/service/actor/view.asp?pk=1559,https://setflix.co.kr/storage/2018_12/16/a89a66c2b1130851f62eaf0469300e41.jpg,https://ts3.mm.bing.net/th?id=OIP.85dlFRfpZPoh9VW-8D9yFAAAAA&pid=15.1,,,,,,,,,Bing Images,review-required,2026-07-31T04:29:05.342237+00:00
ac0b1cd6b025a967a08c,Ayu Sakurai,사쿠라이 아유 / ?井あゆ / Ayu Sakurai - SETFLIX,https://setflix.co.kr/service/actor/view.asp?pk=1559,https://setflix.co.kr/storage/2018_12/16/e5ec9aaaf18dd5e8789c957ffedeaebf.jpg,https://ts1.mm.bing.net/th?id=OIP.aPs3U-uNSLpRDfK830pUagAAAA&pid=15.1,,,,,,,,,Bing Images,review-required,2026-07-31T04:29:05.342237+00:00
4d4804c6567a91593ba0,Ayu Sakurai,사쿠라이 아유 / Ayu Sakurai / 桜井あゆ | AVPPOMPPU,https://www.avppomppu.com/pages/star.php?star_idx=3350,https://www.avppomppu.com/data/file/gallery/153fd4c3-2560-4bc2-9071-7cf35227fb38.jpg,https://ts1.mm.bing.net/th?id=OIP.IVQb0IzsHYH4MJYF72h8rAHaJV&pid=15.1,,,,,,,,,Bing Images,review-required,2026-07-31T04:29:05.342237+00:00
bd265c25aa5d3cf1d8d4,Ayu Sakurai,사쿠라이 아유 / Ayu Sakurai / 桜井あゆ | AVPPOMPPU,https://www.avppomppu.com/pages/star.php?star_idx=3350&solo=Y&page=7,https://www.avppomppu.com/data/file/actor/thumb-0_kaTJwLFt_0bf3f7a161076215b7754633a2bb64ca2d845c62_380x0.jpg,https://ts1.explicit.bing.net/th?id=OIP.SXaOqZwo2d-cX5rlCclbRgAAAA&pid=15.1,,,,,,,,,Bing Images,review-required,2026-07-31T04:29:05.342237+00:00
55ad75597a4da2d9fbd3,Azumi Kawashima,A pretty face who ran through 1999. Azumi Kawashima.,http://cutegirls.itgo.com/azumi.html,http://cutegirls.itgo.com/title2.jpg,https://ts1.mm.bing.net/th?id=OIP.i0O5UuJOltTj2fD2hytv3AAAAA&pid=15.1,,,,,,,,,Bing Images,review-required,2026-07-31T04:29:06.797542+00:00
e32856b3aa0d2fcc33e3,Azumi Kawashima,Asian Artist | Azumi Kawashima Profile Picture | Japanese idol | Tisue ...,https://tisue-basah.blogspot.com/2011/07/asian-artist-azumi-kawashima-profile.html,https://1.bp.blogspot.com/-IzdxW4ZsliI/TiWpniOoc7I/AAAAAAAAAok/7IWpv5mnoDg/s1600/azumi_14.jpg,https://ts3.mm.bing.net/th?id=OIP.U9HC-yc7uycZQguR5tOkFAAAAA&pid=15.1,,,,,,,,,Bing Images,review-required,2026-07-31T04:29:06.797542+00:00
7b6ba9b4119add03faf1,Azumi Kawashima,Azumi Kawashima,https://azumi-kawashima.blogspot.com/2016/,https://3.bp.blogspot.com/-rSiRneWNKNc/UIUTys15VXI/AAAAAAAAANE/5TCXD3U1ESc/w840/Azumi+Kawashima+Schoolgirl+1+001.jpg,https://ts3.mm.bing.net/th?id=OIP.SLP58lwWfih-WKQULvUTlgHaJ4&pid=15.1,,,,,,,,,Bing Images,review-required,2026-07-31T04:29:06.797542+00:00
845457802b35e53b94e4,Azumi Kawashima,Azumi Kawashima,https://azumi-kawashima.blogspot.com/2017/06/,https://3.bp.blogspot.com/-j2Dd-CaF_OI/Usq1OAXOi9I/AAAAAAAACkQ/39pBANzgILU/w1400/Azumi+Kawashima++Beautiful+in+Blue+001.jpg,https://ts2.mm.bing.net/th?id=OIP.LIBTEj4iEZWdt4ux9H3KrAHaJ4&pid=15.1,,,,,,,,,Bing Images,review-required,2026-07-31T04:29:06.797542+00:00
d10223f63dcff8d12d54,Azumi Kawashima,Azumi Kawashima - 哔哩哔哩,https://www.bilibili.com/read/cv24811904/,https://i0.hdslb.com/bfs/article/ebb0e4f57236b48ea4ab8dbb6964804fa48042c0.jpg,https://ts4.mm.bing.net/th?id=OIP.G7d7hvERvEgArnAluTP0sgHaKf&pid=15.1,,,,,,,,,Bing Images,review-required,2026-07-31T04:29:06.797542+00:00
296da271e68851c6a849,Azumi Kawashima,Azumi Kawashima Movie 5,https://azumi-kawashima.blogspot.com/2013/06/azumi-kawashima-movie-5.html,https://2.bp.blogspot.com/-OqBWP1hic5c/U_lgSp0CfCI/AAAAAAAADg8/6Kq0S2mJH0A/w840/Azumi%2BKawashima%2BServant%2B001.jpg,https://ts2.mm.bing.net/th?id=OIP.DwqbG6p-cziRMVWQRJC4FAHaJ4&pid=15.1,,,,,,,,,Bing Images,review-required,2026-07-31T04:29:06.797542+00:00
85dda3ed8a0dc4e27c03,Azumi Kawashima,Azumi Kawashima Movie 5,https://azumi-kawashima.blogspot.com/2013/06/azumi-kawashima-movie-5.html,https://2.bp.blogspot.com/-SkuVsSNnuuY/UcvBVY9ikiI/AAAAAAAABbg/IgOzabThW_o/s1600/Azumi+Kawashima+Movie139.jpg,https://ts4.explicit.bing.net/th?id=OIP.xz8Lu478ldOAvBOALTKGZAHaFj&pid=15.1,,,,,,,,,Bing Images,review-required,2026-07-31T04:29:06.797542+00:00
23ad9bc3bb6eaf8892ea,Azumi Kawashima,Azumi Kawashima: Azumi Kawashima Beautiful in Blue,https://azumi-kawashima.blogspot.com/2014/01/azumi-kawashima-beautiful-in-blue.html,https://blogger.googleusercontent.com/img/b/R29vZ2xl/AVvXsEgOduARK9G4DmHbWWe2_itJiFQcUbcP75H3hbcgB9B6yXlg0GYZWTyukYrcRAOvNdmpbWi9P2Mrl8NbvQhqDjO1esgC3USnRwiDotY4YCfC5YJkVvdparzCgAHPx1BpAnfEcP52uPo5zkk/s1600/Azumi+Kawashima++Beautiful+in+Blue+002.jpg,https://ts2.mm.bing.net/th?id=OIP.BBzE8oUOyKsw8ZOrWhc_qQHaJ4&pid=15.1,,,,,,,,,Bing Images,review-required,2026-07-31T04:29:06.797542+00:00
4c2bc335c64ae373c661,Azumi Kawashima,Azumi Kawashima: Azumi Kawashima Beautiful in Blue,https://azumi-kawashima.blogspot.com/2014/01/azumi-kawashima-beautiful-in-blue.html,https://blogger.googleusercontent.com/img/b/R29vZ2xl/AVvXsEhZkPAWOcD9vYQUEdY8RAw7eSTLNb2KCxUI7tus5_st7XGzz2fY5cuxpecIU7-2zC_wlRzuHm7GlWjnM3FDYbhuDiBu3LOb-tKak1pmBcG-lRq6rWN_NmfKTV-u2IbPNlSi9HZaQBWZt8E/s1600/Azumi+Kawashima++Beautiful+in+Blue+003.jpg,https://ts1.mm.bing.net/th?id=OIP.OUmWgDoM9iwzJH91Icu0oQHaJ4&pid=15.1,,,,,,,,,Bing Images,review-required,2026-07-31T04:29:06.797542+00:00
ee26e71511085a34c2fa,Azumi Kawashima,Azumi Kawashima: Azumi Kawashima Naughty,https://azumi-kawashima.blogspot.com/2013/08/azumi-kawashima-naughty.html,https://blogger.googleusercontent.com/img/b/R29vZ2xl/AVvXsEhdr9zvFiIxYINLTYIEbb_JYc2aQAL870IlzU7rsAFiMESA3Z-pZJ7D2owdEyV9j688RC7dgg94XKQ1ohLFBlxGzNGAat3xF5_DciMdrVFHGjjOv7LDgDr67f1NEOC1HTmbKRXJ2w7taWc/s1600/Azumi+Kawashima+Naughty+001.jpg,https://ts3.mm.bing.net/th?id=OIP.LH9sFK5aoGtjz2s9et5kiwHaJ4&pid=15.1,,,,,,,,,Bing Images,review-required,2026-07-31T04:29:06.797542+00:00
92b5ae12c38323cd9901,Azumi Kawashima,Azumi Kawashima: Azumi Kawashima New Again,https://azumi-kawashima.blogspot.com/2017/05/azumi-kawashima-new-again.html,https://blogger.googleusercontent.com/img/b/R29vZ2xl/AVvXsEgHHeefrbrscgoI-JtDR5H4Ag8kuojWr1YgVV_54C67eaovB4eezhQZQ_Rex3e1lXOdZaNW7GAszQ0fogCCVQkbKjUWopJAvhLyZ-2PYwTUKpg6JjcD32eP1XDiLl-q3LUhZoELRyzD71Y/s1600/000627.jpg,https://ts1.mm.bing.net/th?id=OIP.OFyLMonrw8ChrToluzvXDQHaKw&pid=15.1,,,,,,,,,Bing Images,review-required,2026-07-31T04:29:06.797542+00:00
6f132f5741c1cde40a96,Azumi Kawashima,Azumi Kawashima: Azumi Kawashima Playing,https://azumi-kawashima.blogspot.com/2013/11/azumi-kawashima-playing.html,https://blogger.googleusercontent.com/img/b/R29vZ2xl/AVvXsEj58hS_qwmXhnutocoXUE7LuzyY3sQsDLj01oLdbiqgFowlpiMPFN7_XNUYqHwF2Rf8v4amUV7Pim1n9jt0YJy5f2S7xMY7NtWxiPbHPZ-jM4jOqa-O05rz-F0jNGHRFWq5ju5kcThPQEs/s1600/Azumi+Kawashima+Playing+010.jpg,https://ts1.mm.bing.net/th?id=OIP.0_XX-UuDY46xhX4nJiyt5QHaJ4&pid=15.1,,,,,,,,,Bing Images,review-required,2026-07-31T04:29:06.797542+00:00
6ea3944167d89fac1514,Azumi Kawashima,Azumi Kawashima: Azumi Kawashima Purple,https://azumi-kawashima.blogspot.com/2012/12/azumi-kawashima-purple.html,https://blogger.googleusercontent.com/img/b/R29vZ2xl/AVvXsEjA1Jaw34uzwTnVSFXmDaQuLCUSWTQ8oA3LRakKLRHQ-aJFRsaeEAqkDyTTE90h6srtm_7_ADrh_vKe2fxRVQMEsDNPHOB4lbVuaKOpNdyOQvgHNKOyWs7fEVJGWTcisx9PatFaG9o3gkE/s1600/Azumi+Kawashima+Purple+004.jpg,https://ts2.mm.bing.net/th?id=OIP.PiqzFJSVsPsaWSK53WnnfAHaJ4&pid=15.1,,,,,,,,,Bing Images,review-required,2026-07-31T04:29:06.797542+00:00
e34d8ba3536df1793e30,Azumi Kawashima,Azumi Kawashima: Azumi Kawashima b-idol 2024 Part 4,https://azumi-kawashima.blogspot.com/2024/11/azumi-kawashima-b-idol-part-4.html,https://blogger.googleusercontent.com/img/b/R29vZ2xl/AVvXsEgrZ5a4j8fvwQL0DrFZhLdaaVYNXaUU-sNwvwQuDdaPIuGJm9k81KbAn-9ecnQ-GKfmDRYYvhWd6oqFNmTUNdr3rvMkjYpQISfsgL6GaH71Y2HXzSeOCej6flnhk1DR02OHHSOyhFnPlLv29sRLBks5DXqSSDsJMlr5IVU7fJmn-pRguXPGFjL4_PTdvLs/s900/Azumi Kawashima b-idol 079.jpg,https://ts1.mm.bing.net/th?id=OIP._9VKFMgZdJWZX9zAb7ZrNAHaLH&pid=15.1,,,,,,,,,Bing Images,review-required,2026-07-31T04:29:06.797542+00:00
75c855484ea6e803fc47,Azumi Kawashima,Kawashima Azumi Biography ~ Biography Collection,https://biographycolllection.blogspot.com/2012/03/kawashima-azumi-biography.html,https://4.bp.blogspot.com/-T6zplgwBav4/T3H-dRYJtQI/AAAAAAAAExU/ECfH5MBXGGM/s1600/Kawashima+Azumi.jpg,https://ts2.explicit.bing.net/th?id=OIP.YsTq0smhXfH2hWAIyBeFHgHaJk&pid=15.1,,,,,,,,,Bing Images,review-required,2026-07-31T04:29:06.797542+00:00
795915bcfdb6398ab9b1,Azumi Kawashima,best of Azumi Kawashima | Pic News Bios and more,https://thehotartistnews.blogspot.com/2011/03/best-of-azumi-kawashima_04.html,https://blogger.googleusercontent.com/img/b/R29vZ2xl/AVvXsEhlhSR_YlX916KLWV1mRvs5dwCfz00zo-SZdMfE_pi_sJpz3aZoAWoLkz2N53T7_hVJ2qgGq0Aumb-PyxDEvJ8-vCOYxgxbibgIuNekVYremqojwVdEHBj4r9XiesUoldsbjaPdUhUt-gA/w1200-h630-p-k-no-nu/100_2+%25281%2529.jpg,https://ts4.mm.bing.net/th?id=OIP.aGSS9u_65MpfMPB0ufIBnQHaE8&pid=15.1,,,,,,,,,Bing Images,review-required,2026-07-31T04:29:06.797542+00:00
659c21d5eb642cc0fdc9,Azumi Uehara,AZUMI UEHARA - Aoi Aoi Kono Hoshi ni CD Jpop music Japanese Artist ...,https://shopee.com.my/AZUMI-UEHARA-Aoi-Aoi-Kono-Hoshi-ni-CD-Jpop-music-Japanese-Artist-Collection-i.1247981346.25978126164,https://down-my.img.susercontent.com/file/ph-11134207-7r990-lt3pa44ut9f931,https://ts1.mm.bing.net/th?id=OIP.x4PGIE3NfphrJ1BofJAUegHaHa&pid=15.1,,,,,,,,,Bing Images,review-required,2026-07-31T04:29:08.114430+00:00
8eeaf18441a30d4effe1,Azumi Uehara,AZUMI UEHARA – musyoku (1.Press inkl.Photocard / Detective Conan) (Re ...,https://me-shop.net/produkt/azumi-uehara-musyoku-1-press-inkl-photocard-detective-conan-re-cycle/,https://me-shop.net/wp-content/uploads/2016/08/azumi_uehara_musyoku.jpg,https://ts4.mm.bing.net/th?id=OIP.Y5QkL3G-meyD9rdeGa1eWgHaHa&pid=15.1,,,,,,,,,Bing Images,review-required,2026-07-31T04:29:08.114430+00:00
0f9277e15089da97cf89,Azumi Uehara,"Animated CD Azumi Uehara / Colorless anime ""Detective Conan"" ending ...",https://www.suruga-ya.com/en/product/120031346,https://cdn.suruga-ya.jp/database/pics_light/game/120031346.jpg,https://ts4.mm.bing.net/th?id=OIP.RXB5XOhqyLInxfcyrxMKjQAAAA&pid=15.1,,,,,,,,,Bing Images,review-required,2026-07-31T04:29:08.114430+00:00
5452a979993a045be7cd,Azumi Uehara,Azumi Uehara - Detective Conan Wiki,https://www.detectiveconanworld.com/wiki/Azumi_Uehara,https://www.detectiveconanworld.com/wiki/images/8/80/Azumi_Uehara.jpg,https://ts2.mm.bing.net/th?id=OIP.sX5u5K2tkchz3h7MM2XNmQAAAA&pid=15.1,,,,,,,,,Bing Images,review-required,2026-07-31T04:29:08.114430+00:00
acb5d396dafc5b920ae9,Azumi Uehara,Azumi Uehara suspected of mistress fraud | tokyohive,https://www.tokyohive.com/article/2010/07/azumi-uehara-suspected-of-mistress-fraud/,https://www.tokyohive.com/upload/2010/07/20100722_ueharaazumi.jpg,https://ts4.mm.bing.net/th?id=OIP.lHKBcGBpnw4eOG26A53GagAAAA&pid=15.1,,,,,,,,,Bing Images,review-required,2026-07-31T04:29:08.114430+00:00
6ecddaf53889fe401eba,Azumi Uehara,"Azumi Uehara – Special Holynight (2001, CD) - Discogs",https://www.discogs.com/release/6021853-Azumi-Uehara-Special-Holynight,https://img.discogs.com/GAV3mxUBXVY5OyMlTGEB1bq1Ru0=/fit-in/363x360/filters:strip_icc():format(jpeg):mode_rgb():quality(90)/discogs-images/R-6021853-1409092211-2903.jpeg.jpg,https://ts2.mm.bing.net/th?id=OIP.YSiRQywwNFQr2HnEtybAsQAAAA&pid=15.1,,,,,,,,,Bing Images,review-required,2026-07-31T04:29:08.114430+00:00
bd070a754dbcc1d739f3,Azumi Uehara,BYE BYE MY BLUE SKY > 上原AZUMI／AZUMI UEHARA > 佳佳唱片行,https://www.ccr.com.tw/goods/40853,https://www.ccr.com.tw/GIMG/40/4523949015103_n9uf.JPG,https://ts3.mm.bing.net/th?id=OIP.3bvSa7IZiYiW4c_tWafMmQAAAA&pid=15.1,,,,,,,,,Bing Images,review-required,2026-07-31T04:29:08.114430+00:00
bab070e580e2c8165818,Azumi Uehara,Bye Bye My Blue Sky | Azumi Uehara,https://azumi-uehara.bandcamp.com/album/bye-bye-my-blue-sky,https://f4.bcbits.com/img/a0093173017_5.jpg,https://ts2.mm.bing.net/th?id=OIP.md06dS6JPFwqaSUD2gqoNAHaHa&pid=15.1,,,,,,,,,Bing Images,review-required,2026-07-31T04:29:08.114430+00:00
5035b74440f54c5fe47f,Azumi Uehara,Detective Conan (المحقق كونان) | أنستازيا أنمي,https://anime.xotaku.com/anime/1355/detective-conan/,https://anime.xotaku.com/media/people/staff/52302_Uehara-Azumi.webp,https://ts2.mm.bing.net/th?id=OIP.8cz8MUZT6akvWN1FCItcFgAAAA&pid=15.1,,,,,,,,,Bing Images,review-required,2026-07-31T04:29:08.114430+00:00
b2c1e619173535d228de,Azumi Uehara,Flickriver: Photoset '日本 女歌手 上原あずみ Azumi Uehara ' by rainyctt2710jp,https://www.flickriver.com/photos/rainyctt2710jp/sets/72157628662114229/,https://live.staticflickr.com/7167/6611997563_1ca78767bb_z.jpg,https://ts4.mm.bing.net/th?id=OIP.36_r4psSkAR1pDNv960APAHaFj&pid=15.1,,,,,,,,,Bing Images,review-required,2026-07-31T04:29:08.114430+00:00
e643adbaf96d4a9e9d80,Azumi Uehara,Flickriver: Photoset '日本 女歌手 上原あずみ Azumi Uehara' by rainyctt2710jp,https://www.flickriver.com/photos/rainyctt2710jp/sets/72157629014456201/,https://live.staticflickr.com/7158/6755801923_911a2cd3f4_z.jpg,https://ts4.mm.bing.net/th?id=OIP.YKqloiMOfa6RtiKIYwMJIwHaFj&pid=15.1,,,,,,,,,Bing Images,review-required,2026-07-31T04:29:08.114430+00:00
f274b0dc4da8247c03d8,Azumi Uehara,Flickriver: Photoset '日本 女歌手 上原あずみ Azumi Uehara' by rainyctt2710jp,https://www.flickriver.com/photos/rainyctt2710jp/sets/72157629014456201/,https://live.staticflickr.com/7167/6755802789_40c5733658_z.jpg,https://ts2.mm.bing.net/th?id=OIP.WRQGyNf0qSR6sJbGmAnPqwHaFj&pid=15.1,,,,,,,,,Bing Images,review-required,2026-07-31T04:29:08.114430+00:00
e38620ce44730b5f34e0,Azumi Uehara,"La chanteuse Azumi Uehara se lance dans le X, au Japon | Adala News",https://adala-news.fr/2012/12/la-chanteuse-azumi-uehara-se-lance-dans-le-x-au-japon/,https://adala-news.fr/wp-content/uploads/2012/12/AZUMI-colorless.jpg,https://ts1.mm.bing.net/th?id=OIP.Dw_qRQgvlxJJqaiffvzi3gAAAA&pid=15.1,,,,,,,,,Bing Images,review-required,2026-07-31T04:29:08.114430+00:00
cfa1d6684b7a5357679a,Azumi Uehara,Uehara Azumi - Person (4082) - AniDB,https://anidb.net/creator/4082,https://cdn-eu.anidb.net/images/main/26071.jpg,https://ts4.mm.bing.net/th?id=OIP.kx-klbvKiwRGX9K5CfF_3wAAAA&pid=15.1,,,,,,,,,Bing Images,review-required,2026-07-31T04:29:08.114430+00:00
2a354513b5ccc75a6605,Azumi Uehara,[Vietsub] 無色 / mushoku - あずみ上原 / Azumi Uehara,https://music.youtube.com/watch?v=PI9eUYrmC0U&list=PLoaqsSq6Su5VGz9LWKhRIuJ3V1C6XERsp,https://i.ytimg.com/vi/PI9eUYrmC0U/maxresdefault.jpg,https://ts3.mm.bing.net/th?id=OIP.kzMUk2KDR7kl5nkc2Oop9QHaEK&pid=15.1,,,,,,,,,Bing Images,review-required,2026-07-31T04:29:08.114430+00:00
5f36bc6aae20e70de385,Azumi Uehara,musyoku / Azumi Uehara | GZCA-2050 - VGMdb,https://vgmdb.net/album/123665,https://medium-media.vgm.io/albums/56/123665/123665-60df4e39d6de.jpg,https://ts4.mm.bing.net/th?id=OIP.vSPoN7WFJDPs6d_h6U5lPgAAAA&pid=15.1,,,,,,,,,Bing Images,review-required,2026-07-31T04:29:08.114430+00:00
c2043ca6a4bdc46d8973,Azumi Uehara,musyoku / Azumi Uehara | GZCA-2050 - VGMdb,https://vgmdb.net/album/123665,https://medium-media.vgm.io/albums/56/123665/123665-407aa80ddf75.jpg,https://ts2.mm.bing.net/th?id=OIP.PyNCSBKjHPBvmBQyEnd6RAAAAA&pid=15.1,,,,,,,,,Bing Images,review-required,2026-07-31T04:29:08.114430+00:00
60a595b4842d49d2afb4,Azumi Uehara,เพลงปิดที่ 15 - Mushoku โดย Azumi Uehara | ยอดนักสืบจิ๋วโคนัน,https://conanth.com/ed15/,https://www.conanth.com/wp-content/uploads/2025/05/ED-40-141.jpg,https://ts3.explicit.bing.net/th?id=OIP.Nq4qPO7WVK4hJyqhGnsvaAHaFj&pid=15.1,,,,,,,,,Bing Images,review-required,2026-07-31T04:29:08.114430+00:00
bf662c65a373b71f7116,Azumi Uehara,上原あずみ（Azumi Uehara）の徹底解説まとめ (2/3) - RENOTE [リノート],https://renote.net/articles/22309/page/2,https://renote.net/files/blobs/proxy/eyJfcmFpbHMiOnsiZGF0YSI6ODcxODg0MiwicHVyIjoiYmxvYl9pZCJ9fQ==--bf18eaceb0b3c7194c60c4700afca7e9dace94d2/2455572.jpg,https://ts4.mm.bing.net/th?id=OIP.MaS6rmWuEHFEnmetZxCSAAHaGV&pid=15.1,,,,,,,,,Bing Images,review-required,2026-07-31T04:29:08.114430+00:00
4b13b4ded6f2b0f7547d,Azumi Uehara,"無色 / 上原あずみ - 名探偵コナン ED 15【楽譜】Azumi Uehara ""Mushoku"" Detective Conan ...",https://www.youtube.com/watch?v=UduFh-17mQI,https://i.ytimg.com/vi/UduFh-17mQI/maxresdefault.jpg,https://ts2.mm.bing.net/th?id=OIP.PFFrxY3HL9zgAfvfPqZlFQHaEK&pid=15.1,,,,,,,,,Bing Images,review-required,2026-07-31T04:29:08.114430+00:00
200ff462c14fc413ef9d,Baby Pozzi,"""The Unforgettable Journey: The Life and Legacy of Baby Pozzi"" - YouTube",https://www.youtube.com/watch?v=lc7EkvCbm_Y,https://i.ytimg.com/vi/lc7EkvCbm_Y/maxresdefault.jpg,https://ts1.mm.bing.net/th?id=OIP.VTWXLaIynRI60x-BeEHMOQHaEK&pid=15.1,,,,,,,,,Bing Images,review-required,2026-07-31T04:29:09.477885+00:00
51adc87e4559e1c2e658,Baby Pozzi,"250 Baby Pozzi ideas in 2021 | new baby products, baby, infant activities",https://www.pinterest.com/tova8303/baby-pozzi/,https://i.pinimg.com/474x/8b/71/e1/8b71e1a615071f060bdeae0fc67d0c7a.jpg,https://ts4.mm.bing.net/th?id=OIP.qO2VCaJOLtbfiSK4ZbI-DwAAAA&pid=15.1,,,,,,,,,Bing Images,review-required,2026-07-31T04:29:09.477885+00:00
8c75de004e41f9fb0873,Baby Pozzi,"BLUE MOVIE: EROTIC MOVIE - ITALIAN SUPERSTARS: BABY POZZI, la sorellina ...",https://super-bluemovie.blogspot.com/2015/04/erotic-movie-italian-superstars-baby.html,https://1.bp.blogspot.com/-ddR1scciNpA/UVwtfSDsmxI/AAAAAAAABCQ/YtQ8tfX302o/s1600/BABY%2B12.jpg,https://ts2.explicit.bing.net/th?id=OIP.eCr6WlVAoIiTN9yqxqV7pQAAAA&pid=15.1,,,,,,,,,Bing Images,review-required,2026-07-31T04:29:09.477885+00:00
324c2209e3b85e3a55e1,Baby Pozzi,Babi Pozzi: Storia e Tradizione della Cucina Italiana | Actualizado ...,https://gofurni.it/blog/babi-pozzi/,https://gofurni.it/wp-content/uploads/2024/11/film-di-riccardo-schicchi-con-baby-pozzi-ramba-rocco-siffredi-cinema.jpg,https://ts4.mm.bing.net/th?id=OIP.TXN5F67sjMAZkz1_Zb7BWwHaFj&pid=15.1,,,,,,,,,Bing Images,review-required,2026-07-31T04:29:09.477885+00:00
ccf0501ce1c2a7992c36,Baby Pozzi,"Baby Pozzi - actress - biography, photo, best movies and TV shows",https://en.kinorium.com/name/521602/,https://images.kinorium.com/persona/180/521602.jpg?1603901803,https://ts2.explicit.bing.net/th?id=OIP.27E4DCnppbS60zoM8w849wAAAA&pid=15.1,,,,,,,,,Bing Images,review-required,2026-07-31T04:29:09.477885+00:00
a744d80a3652298f00c8,Baby Pozzi,Baby Pozzi Biography | Best Italian Farmer Film Actress Life Story In ...,https://www.youtube.com/watch?v=MJtDijwuWV4,https://i.ytimg.com/vi/MJtDijwuWV4/hqdefault.jpg,https://ts2.mm.bing.net/th?id=OIP.Gq-GDg9cA7ZAvcGiygygjwHaFj&pid=15.1,,,,,,,,,Bing Images,review-required,2026-07-31T04:29:09.477885+00:00
b8a8151c3c7e4a9e1535,Baby Pozzi,Baby Pozzi filmografia | MYmovies.it,https://www.mymovies.it/persone/baby-pozzi/944/filmografia/,https://pad.mymovies.it/filmclub/attori/483.jpg,https://ts2.explicit.bing.net/th?id=OIP.NTv811vHAdmp3z3lky81swAAAA&pid=15.1,,,,,,,,,Bing Images,review-required,2026-07-31T04:29:09.477885+00:00
c831b74514c155dd3571,Baby Pozzi,Baby Pozzi — The Movie Database (TMDB),https://www.themoviedb.org/person/1690901-baby-pozzi,https://www.themoviedb.org/t/p/w300_and_h450_bestv2/yuM6X85GjdaDu7w06w6AFxPs2oc.jpg,https://ts3.mm.bing.net/th?id=OIP.ImH6Zcet6tZrxOh3gXUfjgAAAA&pid=15.1,,,,,,,,,Bing Images,review-required,2026-07-31T04:29:09.477885+00:00
091f6c17f6910ae6cc08,Baby Pozzi,"Biografia Moana Pozzi, il libro su vita e segreti della pornostar",https://www.harpersbazaar.com/it/cultura/libri/a61233520/moana-pozzi-libro-biografia-trama/,"https://hips.hearstapps.com/hmg-prod/images/moana-pozzi-news-photo-1719234561.jpg?crop=1.00xw:0.342xh;0,0.403xh&resize=1200:*",https://ts1.mm.bing.net/th?id=OIP.RcqXSigViog6ISJ5iPGhHAHaDt&pid=15.1,,,,,,,,,Bing Images,review-required,2026-07-31T04:29:09.477885+00:00
cedf063577b4f095db60,Baby Pozzi,"Chi è la sorella di Moana Pozzi, Baby Pozzi, e cosa fa oggi ...",https://cinemaserietv.it/tv/news-tv/chi-e-la-sorella-di-moana-pozzi-baby-pozzi-e-cosa-fa-oggi/,https://cinemaserietv.it/wp-content/uploads/2023/08/VS-YouTube-FilmdiRiccardoSchicchiconRoccoSiffredieBabyPozzi-RambaeChristophClark-128-e1726438887148.jpg,https://ts1.mm.bing.net/th?id=OIP.jFfrFS8HvGekolRpM9i9kQAAAA&pid=15.1,,,,,,,,,Bing Images,review-required,2026-07-31T04:29:09.477885+00:00
233639eb2a88f70ae85b,Baby Pozzi,"La madre di Moana Pozzi: ""Non dirò mai dove sono le sue ceneri""",https://www.perizona.it/moana-pozzi-madre/,https://www.perizona.it/wp-content/uploads/sites/6/2023/11/Moana-Pozzi-Foto-da-Essere-Moana-Segreti-e-misteri-2.jpg,https://ts3.explicit.bing.net/th?id=OIP.75PGPIk60RRQAnK7Z84U3AHaEK&pid=15.1,,,,,,,,,Bing Images,review-required,2026-07-31T04:29:09.477885+00:00
9d3fdcc774ce34fca5f8,Baby Pozzi,"La madre di Moana Pozzi: ""Non dirò mai dove sono le sue ceneri""",https://www.perizona.it/moana-pozzi-madre/,https://www.perizona.it/wp-content/uploads/sites/6/2023/11/Moana-Pozzi-Foto-da-video.jpg,https://ts1.mm.bing.net/th?id=OIP.kO-cdATbhZ40F8Hw_vuzDgHaFV&pid=15.1,,,,,,,,,Bing Images,review-required,2026-07-31T04:29:09.477885+00:00
ad0fc3a3e0281c2d66eb,Baby Pozzi,Moana Pozzi - Movieplayer.it,https://movieplayer.it/personaggi/moana-pozzi_20833/,https://movieplayer.net-cdn.it/t/images/2014/09/15/pozziarticolo_jpg_500x312_crop_q85.jpg,https://ts1.explicit.bing.net/th?id=OIP.88yKd4c07YNkTcFtXLvtTAHaEn&pid=15.1,,,,,,,,,Bing Images,review-required,2026-07-31T04:29:09.477885+00:00
f5cf29edfaa55e314a16,Baby Pozzi,"Moana Pozzi - actress, writer - biography, photo, best movies and TV shows",https://en.kinorium.com/name/521614/,https://images.kinorium.com/persona/300/521614.jpg?1706524091,https://ts1.mm.bing.net/th?id=OIP.vYZpEtS77kjSo87rUn6-cwAAAA&pid=15.1,,,,,,,,,Bing Images,review-required,2026-07-31T04:29:09.477885+00:00
339e62eaaa2e91ebe3d4,Baby Pozzi,"Moana Pozzi, in tv sul Nove la storia della pornostar",https://www.elle.com/it/magazine/storie-di-donne/a45135742/moana-pozzi-storia-serie-tv/,https://hips.hearstapps.com/hmg-prod/images/moana-pozzi-news-photo-1694703658.jpg?resize=768:*,https://ts3.mm.bing.net/th?id=OIP.K4-UWPFFaGIvRMvhS_cUsgHaK3&pid=15.1,,,,,,,,,Bing Images,review-required,2026-07-31T04:29:09.477885+00:00
1d07e9e91ecd9bfe853a,Baby Pozzi,"Moana Pozzi, un mistero lungo 30 anni: dagli esordi alla morte",https://www.nanopress.it/articolo/moana-pozzi-un-mistero-lungo-30-anni-dagli-esordi-alla-morte/457915/,https://www.nanopress.it/wp-content/uploads/2023/04/Moana-Pozzi-1024x576.jpg,https://ts3.mm.bing.net/th?id=OIP.3X8hWMn5-zCubSzmc2rXcQHaEK&pid=15.1,,,,,,,,,Bing Images,review-required,2026-07-31T04:29:09.477885+00:00
24b99326be0aa57d17ab,Baby Pozzi,Moana Pozzi: com’è morta davvero e quali misteri restano irrisolti,https://sviluppo2024.tag24.it/1328249-moana-pozzi-come-morta-davvero-quali-misteri-irrisolti,https://www.tag24.it/storage/wp-content/uploads/2025/06/1748868601_baby-pozzi_800x751.webp,https://ts3.explicit.bing.net/th?id=OIP._AEmmtf1MOyxuN35-QVhQAAAAA&pid=15.1,,,,,,,,,Bing Images,review-required,2026-07-31T04:29:09.477885+00:00
41cfdf92d8c474a0a2f2,Baby Pozzi,baby pozzi – Doppiati A Cazzo,http://www.doppiatihzzo.com/tag/baby-pozzi/,http://www.doppiatihzzo.com/wp-content/uploads/2019/01/timida-544x426.png,https://ts3.mm.bing.net/th?id=OIP.vRMeiiZuowRXQHRanM6GeAHaFz&pid=15.1,,,,,,,,,Bing Images,review-required,2026-07-31T04:29:09.477885+00:00
631b968b86e6292aa633,Baby Pozzi,porn star baby Pozzi - YouTube,https://www.youtube.com/watch?v=oKIR-wIzK1Y,https://i.ytimg.com/vi/oKIR-wIzK1Y/maxres2.jpg?sqp=-oaymwEoCIAKENAF8quKqQMcGADwAQH4Ac4FgAKACooCDAgAEAEYciBKKC8wDw==&rs=AOn4CLBmfQfaogzfv2XefxyBjnXM2Ls3hg,https://ts2.explicit.bing.net/th?id=OIP.QXnflyca9Kud8SOFMtBo0QHaEK&pid=15.1,,,,,,,,,Bing Images,review-required,2026-07-31T04:29:09.477885+00:00
f0cc2d704bcfc4ac4359,Baby Pozzi,"Бейби Поцци (Baby Pozzi): фильмы, биография, семья, фильмография ...",https://www.kinopoisk.ru/name/826966/,https://avatars.mds.yandex.net/get-kinopoisk-image/10671298/d0b8ed43-5dc7-4bf0-9d8c-04799afdfdef/1200x630,https://ts4.mm.bing.net/th?id=OIP.Q2I_0KqdixvzXP8yxuOQ-AHaD4&pid=15.1,,,,,,,,,Bing Images,review-required,2026-07-31T04:29:09.477885+00:00
47b4828813ab0e9f1f05,Bailey Jay,Bailey Jay,https://ar.inspiredpencil.com/pictures-2023/bailey-jay,https://i.ytimg.com/vi/bV98Qt8DhmA/maxresdefault.jpg,https://ts4.mm.bing.net/th?id=OIP.q18buhwfP_-kHiM4IZof9gHaEK&pid=15.1,,,,,,,,,Bing Images,review-required,2026-07-31T04:29:10.970411+00:00
d4f76a5479060092d565,Bailey Jay,"Bailey Jay - Alchetron, The Free Social Encyclopedia",https://alchetron.com/Bailey-Jay,https://alchetron.com/cdn/bailey-jay-3a126d50-9a0d-4414-93a7-a87583d5003-resize-750.jpeg,https://ts4.mm.bing.net/th?id=OIP.2XPXtxaXO3hM1kOyiQvxYgAAAA&pid=15.1,,,,,,,,,Bing Images,review-required,2026-07-31T04:29:10.970411+00:00
3465794fd29446dec334,Bailey Jay,Bailey Jay - Wikipedia,https://en.wikipedia.org/wiki/Bailey_Jay,https://upload.wikimedia.org/wikipedia/commons/thumb/c/c1/Bailey_Jay_at_AVN_Awards_2011_1_%28crop%29.jpg/250px-Bailey_Jay_at_AVN_Awards_2011_1_%28crop%29.jpg,https://ts4.mm.bing.net/th?id=OIP.YtZGW9mfg--gZef2z-GxlQAAAA&pid=15.1,,,,,,,,,Bing Images,review-required,2026-07-31T04:29:10.970411+00:00
54a32baa1aed36eddf01,Bailey Jay,Bailey Jay Costume,https://ar.inspiredpencil.com/pictures-2023/bailey-jay-costume,https://i.pinimg.com/736x/0f/1d/fa/0f1dfa1ade7819ba20943a58b20c288d.jpg,https://ts4.explicit.bing.net/th?id=OIP.MPUuIcaouHrAtDeNhFg0hAHaLG&pid=15.1,,,,,,,,,Bing Images,review-required,2026-07-31T04:29:10.970411+00:00
0cc96afb7e499cea6a21,Bailey Jay,Bailey Jay Guy,https://www.animalia-life.club/qa/pictures/bailey-jay-guy,https://pyxis.nymag.com/v1/imgs/fdf/7be/21b48d149793844be9a95d865696a32cfe-19-the-approval-matrix.2x.h473.w710.jpg,https://ts2.mm.bing.net/th?id=OIP.INgp4jRbcp6LuBGwQCwnwwHaE7&pid=15.1,,,,,,,,,Bing Images,review-required,2026-07-31T04:29:10.970411+00:00
27d6260634738eeb942e,Bailey Jay,Bailey Jay | Discography | Discogs,https://www.discogs.com/artist/4199926-Bailey-Jay,https://img.discogs.com/zKvrYSrAteKsplxcgPJQ1xiFuMI=/fit-in/300x300/filters:strip_icc():format(jpeg):mode_rgb():quality(40)/discogs-images/A-4199926-1621864321-3242.jpeg.jpg,https://ts2.explicit.bing.net/th?id=OIP.lvTYfXLS3uotIhdZegYgXgAAAA&pid=15.1,,,,,,,,,Bing Images,review-required,2026-07-31T04:29:10.970411+00:00
c70f5dccbe397647eb5f,Bailey Jay,Bailey Jay | Know Your Meme,https://knowyourmeme.com/sensitive/memes/people/bailey-jay,https://i.kym-cdn.com/entries/icons/facebook/000/016/778/photo_(1).jpg,https://ts2.explicit.bing.net/th?id=OIP.v0mMODx61rApBtiHvEfH-wHaHa&pid=15.1,,,,,,,,,Bing Images,review-required,2026-07-31T04:29:10.970411+00:00
6ac391156430adaafc51,Bailey Jay,Bailey Jay: The Early Years | Bailey Jay Granger,http://www.baileyjaygranger.com/bailey-jay-her-early-years/,http://www.baileyjaygranger.com/images/bailey-jay-showing-old-id.jpg,https://ts2.explicit.bing.net/th?id=OIP.goDZBli1V1ArhA_rkf1JFAHaEq&pid=15.1,,,,,,,,,Bing Images,review-required,2026-07-31T04:29:10.970411+00:00
26f246a6cf7ab9d2470d,Bailey Jay,Pin by Grimora Moon Nighttide777 on Bailey Jay 🌹 🏳️‍⚧️ 🌹 | Beautiful ...,https://www.pinterest.com/pin/bailey-jay--315392780173839863/,https://i.pinimg.com/736x/a2/b4/47/a2b44724d2b304b9fbae27db977aa23b.jpg,https://ts3.mm.bing.net/th?id=OIP.iZv2nxzj3BVgPrNjeIb9ZwAAAA&pid=15.1,,,,,,,,,Bing Images,review-required,2026-07-31T04:29:10.970411+00:00
b943d1fb7a99e09ad572,Bailey Jay,Pin by Grimora Moon Nighttide777 on Bailey Jay 🌹 🏳️‍⚧️ 🌹 | Feminine ...,https://www.pinterest.com/pin/bailey-jay--315392780174512150/,https://i.pinimg.com/originals/23/96/5a/23965a5eef30ffde7161786ac950b67f.jpg,https://ts2.mm.bing.net/th?id=OIP.N_xPnKY04XJ5O4McUYIsPgAAAA&pid=15.1,,,,,,,,,Bing Images,review-required,2026-07-31T04:29:10.970411+00:00
a09d3e0385b912d786a3,Bailey Jay,Pin by Grimora Moon Nighttide777 on Bailey Jay 🌹 🏳️‍⚧️ 🌹 | Transgender ...,https://www.pinterest.com/pin/bailey-jay--315392780174145749/,https://i.pinimg.com/originals/3e/e3/c8/3ee3c8a7bb2a12906934db26bd171fed.jpg,https://ts1.mm.bing.net/th?id=OIP.fTvO-TmvxKxVj9yoQkxGUQHaLH&pid=15.1,,,,,,,,,Bing Images,review-required,2026-07-31T04:29:10.970411+00:00
de5540c6bad30c7d3102,Bailey Jay,Pin by Grimora Moon Nighttide777 on Bailey Jay 🌹 🏳️‍⚧️ 🌹 | Transgender ...,https://www.pinterest.com/pin/bailey-jay--315392780172840382/,https://i.pinimg.com/736x/23/d2/75/23d2757d31ff57a0283d67c554ff4eb7.jpg,https://ts2.explicit.bing.net/th?id=OIP.uzsTPf6rEMpXd8zoaPl6agAAAA&pid=15.1,,,,,,,,,Bing Images,review-required,2026-07-31T04:29:10.970411+00:00
754307a2b2c4961be1c6,Bailey Jay,Pin en Bailey Jay,https://www.pinterest.com.mx/pin/735494182868120155/,https://i.pinimg.com/originals/08/7d/12/087d12b6233714d29afca39e47bcf863.jpg,https://ts3.mm.bing.net/th?id=OIP.Yrlu8eGpiStdDGMsYONFBgHaLH&pid=15.1,,,,,,,,,Bing Images,review-required,2026-07-31T04:29:10.970411+00:00
1b0569246e26a26ba8d4,Bailey Jay,Pin on Bailey Jay,https://www.pinterest.com/pin/735494182867945837/,https://i.pinimg.com/736x/7f/e6/5a/7fe65accb9d4599f98406440fb7ff706.jpg,https://ts4.explicit.bing.net/th?id=OIP.UABMsg1ceOehd3kfm6XdWAHaHa&pid=15.1,,,,,,,,,Bing Images,review-required,2026-07-31T04:29:10.970411+00:00
50d4ba374618b1748100,Bailey Jay,Pin on Bailey Jay,https://www.pinterest.com/pin/bailey-jay--455074737347292219/,https://i.pinimg.com/736x/a8/0f/4e/a80f4e20f5b69a7331fbb7a1d470eb8a.jpg,https://ts2.mm.bing.net/th?id=OIP.RTr58ufqH215GcRDVujfIwHaLD&pid=15.1,,,,,,,,,Bing Images,review-required,2026-07-31T04:29:10.970411+00:00
b605567c7d2416e7194a,Bailey Jay,Transgender Stereotypes with Bailey Jay | THE APPROVAL MATRIX America's ...,https://www.youtube.com/watch?v=WNMy1a6iIwU,https://i.ytimg.com/vi/WNMy1a6iIwU/maxresdefault.jpg,https://ts2.mm.bing.net/th?id=OIP.dH8QpDx_F8F9LE-gxG2HXAHaEK&pid=15.1,,,,,,,,,Bing Images,review-required,2026-07-31T04:29:10.970411+00:00
09942d5cfe8f799657c4,Bailey Jay,"Transgirls are Women, marcusimoura3: Bailey Jay ⚧ Transgirls are Women",https://beautyoftrans.tumblr.com/post/169168154789/marcusimoura3-bailey-jay-transgirls-are-women,https://66.media.tumblr.com/69ce4c53bfa89f13e5b3e9320943af42/tumblr_inline_ovmjnfatMr1tzwr29_640.jpg,https://ts2.explicit.bing.net/th?id=OIP.480PeIMevUjAqka7lq4hFAHaE7&pid=15.1,,,,,,,,,Bing Images,review-required,2026-07-31T04:29:10.970411+00:00
52266b59d45c214837fa,Bailey Jay,"Wow, very cute | Dress, Pretty dresses, Girl",https://www.pinterest.com/pin/448037862901627855/,https://i.pinimg.com/originals/9b/63/77/9b6377bebb3f164c3097ef6bc12ee7ed.jpg,https://ts2.mm.bing.net/th?id=OIP.W0W3wyTjdu6AIg30kV_bbwHaNL&pid=15.1,,,,,,,,,Bing Images,review-required,2026-07-31T04:29:10.970411+00:00
10cd112375b0d85cb54a,Bambi Woods,BAMBI WOODS – Capri Show World Center,https://caprishowworld.com/archives/category/actresses/bambi-woods,https://caprishowworld.com/wp-content/uploads/sites/4/2024/02/image.png,https://ts1.mm.bing.net/th?id=OIP.VfGL5E5hVPM-48WiR3hl6wHaFj&pid=15.1,,,,,,,,,Bing Images,review-required,2026-07-31T04:29:12.309100+00:00
9c4238df2d6abb79b526,Bambi Woods,Bambi Woods Actress 60 Photos - Moonagedaydream.film,https://moonagedaydream.film/actress/bambi-woods-actress,https://i.ytimg.com/vi/e9TpDMPnB2M/maxresdefault.jpg,https://ts3.mm.bing.net/th?id=OIP.jQ9e5v4f85HIE0ss2go6XwHaEK&pid=15.1,,,,,,,,,Bing Images,review-required,2026-07-31T04:29:12.309100+00:00
3ca44cccfe28af6686cf,Bambi Woods,Bambi Woods – Wikipedia,https://de.wikipedia.org/wiki/Bambi_Woods,https://upload.wikimedia.org/wikipedia/commons/thumb/5/5b/Bambi_Woods.jpg/500px-Bambi_Woods.jpg,https://ts2.mm.bing.net/th?id=OIP.hBp1tzHlzpGdQV1pK_jBSQHaFj&pid=15.1,,,,,,,,,Bing Images,review-required,2026-07-31T04:29:12.309100+00:00
9c39fef55ee9fd09e655,Bambi Woods,"Bambi Woods's Instagram, Twitter & Facebook on IDCrawl",https://www.idcrawl.com/bambi-woods,https://images.static-bluray.com/reviews/24218_1.jpg,https://ts3.mm.bing.net/th?id=OIP.bmz624NaYDS1ZAtyXXS9xQHaEK&pid=15.1,,,,,,,,,Bing Images,review-required,2026-07-31T04:29:12.309100+00:00
197cf1e87fbe47e89f83,Bambi Woods,Bambi Woods: The Most Mysterious Adult Film Star Of The 1970s ...,https://www.thatviralfeed.com/mysterious-disappearance-bambi-woods-debbie-does-dallas/107269,https://content.tvf.media/uploads/2025/01/04/107269-thatviralfeed.com-large-598824.jpg,https://ts4.mm.bing.net/th?id=OIP.TuHfx8mJViRZXMFtGxTVLgHaFT&pid=15.1,,,,,,,,,Bing Images,review-required,2026-07-31T04:29:12.309100+00:00
417a968b41f4c9569114,Bambi Woods,Bambi Woods: The Rise and Fall of a 'Debbie Does Dallas' Star,https://orah.co/bambi-woods/,https://orah.co/wp-content/uploads/2024/10/robin-byrd-attending-the-27th-annual-glaad-media-awards-in-los-angeles-california-2HY9MCE.jpg,https://ts4.mm.bing.net/th?id=OIP.9M96exKuiVe57Q311GkmogHaKK&pid=15.1,,,,,,,,,Bing Images,review-required,2026-07-31T04:29:12.309100+00:00
b4306272dc1b8497a332,Bambi Woods,"DEBBIE DOES DALLAS (1978) Theatrical Trailer - Bambi Woods, Christie ...",https://www.youtube.com/watch?v=Svfq2BqiHns,https://i.ytimg.com/vi/Svfq2BqiHns/hqdefault.jpg,https://ts4.mm.bing.net/th?id=OIP.KILceDxfJdokrhXbL0R6xwHaFj&pid=15.1,,,,,,,,,Bing Images,review-required,2026-07-31T04:29:12.309100+00:00
ff02edbcda80e3520e43,Bambi Woods,Debbie Does Dallas (1978) | Galerie - Z filmu | ČSFD.cz,https://www.csfd.cz/film/109435-debbie-does-dallas/galerie/,https://image.pmgstatic.com/cache/resized/w663/files/images/film/photos/161/935/161935054_80bb7c.jpg,https://ts2.mm.bing.net/th?id=OIP.-WmeKnt51_rUj6G742ppLQHaFC&pid=15.1,,,,,,,,,Bing Images,review-required,2026-07-31T04:29:12.309100+00:00
22830589880b93772549,Bambi Woods,Debbie Does Dallas (1978) — The Movie Database (TMDB),https://www.themoviedb.org/movie/188412-debbie-does-dallas,https://www.themoviedb.org/t/p/w276_and_h350_face/iE995f5pwi5rrKAYsyI3YmEsk8v.jpg,https://ts4.mm.bing.net/th?id=OIP.vNgGzsgrldmQqyIsUHSqJAAAAA&pid=15.1,,,,,,,,,Bing Images,review-required,2026-07-31T04:29:12.309100+00:00
9f720eba3b951ccae70c,Bambi Woods,Debbie Does Dallas 1 & 2 Posters Bambi Woods – Digitally Restored ...,https://www.etsy.com/listing/1883660004/debbie-does-dallas-1-2-posters-bambi,https://i.etsystatic.com/56968924/r/il/a544f4/6765249604/il_1080xN.6765249604_4yt0.jpg,https://ts4.mm.bing.net/th?id=OIP.gd2F663OIOdyQMswrAl4tAHaHa&pid=15.1,,,,,,,,,Bing Images,review-required,2026-07-31T04:29:12.309100+00:00
e248f1ece291554fe1a5,Bambi Woods,"Debbie Does Dallas 2- Bambi Woods-dvd-1981 (Dvd), Bambi Woods | Dvd's ...",https://www.bol.com/nl/nl/p/debbie-does-dallas-2-bambi-woods-dvd-1981/9300000144629184/,https://media.s-bol.com/Yx6oGY96OpZn/wzBN2X/472x840.jpg,https://ts2.mm.bing.net/th?id=OIP.5HSLAbh-3h3xjAkKLoztswAAAA&pid=15.1,,,,,,,,,Bing Images,review-required,2026-07-31T04:29:12.309100+00:00
4f43323d5c092d92d535,Bambi Woods,Debbie Does Dallas Bambi Woods Movie Poster Limited Edition Movie Reel ...,https://www.pinterest.com/pin/debbie-does-dallas-bambi-woods-movie-poster-limited-edition-movie-reel-display--584271751671342016/,https://i.pinimg.com/736x/da/7d/00/da7d003db1a302faed5deb9bd5a2d422.jpg,https://ts3.mm.bing.net/th?id=OIP.uKCk_1a6z7HQWPEQbTR0fAAAAA&pid=15.1,,,,,,,,,Bing Images,review-required,2026-07-31T04:29:12.309100+00:00
8f362a74f781b2dbe3c8,Bambi Woods,Debbie Does Dallas Bambi Woods Premiere 1978 Mini Poster Type X-Rated ...,https://www.ebay.com/itm/125743294945,https://i.ebayimg.com/images/g/JgoAAOSw229jzETN/s-l1600.jpg,https://ts2.mm.bing.net/th?id=OIP.S0-D09MQNAbushARDiYndAHaIC&pid=15.1,,,,,,,,,Bing Images,review-required,2026-07-31T04:29:12.309100+00:00
b09b4083a89589c466be,Bambi Woods,Debbie Does Dallas Bambi Woods Premiere 1978 Mini Poster Type X-Rated ...,https://www.ebay.com/itm/125743295018,https://i.ebayimg.com/images/g/4UsAAOSwnHRjzETP/s-l400.jpg,https://ts2.mm.bing.net/th?id=OIP.H9b91Lw8w4SFmCYHKWCDnAAAAA&pid=15.1,,,,,,,,,Bing Images,review-required,2026-07-31T04:29:12.309100+00:00
dc4d8ce245ba20a71bfe,Bambi Woods,Where is Debbie of Debbie Does Dallas Today?,https://mikesouth.com/industry/debbie-debbie-dallas-today-17548/,https://mikesouth.com/wp-content/uploads/2017/07/Bambi-Woods.png,https://ts2.mm.bing.net/th?id=OIP.ZgLpw8hpMii_v3G6gL4CEAAAAA&pid=15.1,,,,,,,,,Bing Images,review-required,2026-07-31T04:29:12.309100+00:00
0c3313710fb8c66a25b6,Bambi Woods,bambi woods,https://bambiwoods.blogspot.com/,https://4.bp.blogspot.com/_ax-tyD-UX3I/SyptfcGuhrI/AAAAAAAAKFw/Amro0FMV8To/S1600-R/dd+(3).jpg,https://ts1.mm.bing.net/th?id=OIP.duDx5gNNPpJL5vW-YuDwEAAAAA&pid=15.1,,,,,,,,,Bing Images,review-required,2026-07-31T04:29:12.309100+00:00
b73d8ebcceb1adc97069,Belle Knox,112 Belle Knox Photos & High Res Pictures - Getty Images,https://www.gettyimages.dk/photos/belle-knox,https://media.gettyimages.com/id/479456739/photo/new-york-ny-headquarters-owner-big-john-and-duke-university-student-and-adult-actress-belle.jpg?s=612x612&w=gi&k=20&c=hBicSiyD1eOX8fEGX8ZzB9dhomViX0wfIz1l0PAluuc=,https://ts4.mm.bing.net/th?id=OIP.ho-HM_FtKRKsLqlSwbx8BAAAAA&pid=15.1,,,,,,,,,Bing Images,review-required,2026-07-31T04:29:17.762745+00:00
1b22561e1a316c2b66b5,Belle Knox,"61 Belle Knox Duke Stock Photos, High-Res Pictures, and Images - Getty ...",https://www.gettyimages.com/photos/belle-knox-duke,https://media.gettyimages.com/id/479408167/photo/new-york-ny-duke-university-student-adult-film-star-belle-knox-visits-the-opie-anthony-show-at.jpg?s=612x612&w=gi&k=20&c=CEOZemkiUp7APQXQkeGmiv07a6DwJz0uJBKILz8BRGs=,https://ts3.mm.bing.net/th?id=OIP.hI8YuHPJEvqYlLSrVVX3xAHaFv&pid=15.1,,,,,,,,,Bing Images,review-required,2026-07-31T04:29:17.762745+00:00
a2dfe36b381932b5213b,Belle Knox,"61 Belle Knox Duke Stock Photos, High-Res Pictures, and Images - Getty ...",https://www.gettyimages.ca/photos/belle-knox-duke,https://media.gettyimages.com/id/483743103/photo/duke-university-coed-turned-porn-star-miriam-weeks-aka-belle-knox-debuts-as-stripper-at.jpg?s=612x612&w=gi&k=20&c=H5-B3hZUhGfwVJxejSlMu6r_4nF5wWQ7lMn00Jdfe7s=,https://ts3.mm.bing.net/th?id=OIP.uNRJpw-WSoCpLrTElcBczQHaJQ&pid=15.1,,,,,,,,,Bing Images,review-required,2026-07-31T04:29:17.762745+00:00
ab63a2e84262a2a66443,Belle Knox,A porn star is born — with support from Duke University,https://nypost.com/2014/03/13/a-porn-star-is-born-with-support-from-duke/,https://nypost.com/wp-content/uploads/sites/2/2014/03/belleknox.jpg?quality=75&strip=all,https://ts3.mm.bing.net/th?id=OIP.VzBKM7gSDrWPIpc-G1uMcAHaE8&pid=15.1,,,,,,,,,Bing Images,review-required,2026-07-31T04:29:17.762745+00:00
9e91baadcb96572e7ee6,Belle Knox,"Belle Knox - Alchetron, The Free Social Encyclopedia",https://alchetron.com/Belle-Knox,https://alchetron.com/cdn/belle-knox-0ebaef31-8904-4fc1-a2d6-181caedaea0-resize-750.jpeg,https://ts4.mm.bing.net/th?id=OIP.NRi3WWxHy8ZVpk3hEqT17gHaFj&pid=15.1,,,,,,,,,Bing Images,review-required,2026-07-31T04:29:17.762745+00:00
767e448ec5540df10b64,Belle Knox,Belle Knox Duke CNN,https://ger.animalia-life.club/Belle-Knox-Duke-CNN,https://dailyrunneronline.com/wp-content/uploads/2014/04/duke20n-2-web.jpg,https://ts3.mm.bing.net/th?id=OIP.q54zQOLVWevr9LxXndNfEQHaEf&pid=15.1,,,,,,,,,Bing Images,review-required,2026-07-31T04:29:17.762745+00:00
6339308a9b76f997cc99,Belle Knox,Belle Knox Duke Freshman,https://ar.inspiredpencil.com/pictures-2023/belle-knox-duke-freshman,https://c8.alamy.com/comp/DX8D42/freshman-duke-university-student-belle-knox-stage-name-who-pays-for-DX8D42.jpg,https://ts4.mm.bing.net/th?id=OIP.3kpOWre9RWy8AaHpRnT9ywHaL4&pid=15.1,,,,,,,,,Bing Images,review-required,2026-07-31T04:29:17.762745+00:00
5169788d5d7bf3e7297e,Belle Knox,Belle Knox Duke Photos and Premium High Res Pictures - Getty Images,https://www.gettyimages.com/photos/belle-knox-duke,https://media.gettyimages.com/id/479407073/photo/duke-university-student-adult-film-star-belle-knox-visits-the-opie-anthony-show-at-the.jpg?s=612x612&w=gi&k=20&c=2_EGZjsX6OUc5d8StME3gtOZ3g8TaymETGNvPqZRXJM=,https://ts4.mm.bing.net/th?id=OIP.9V3BPJGf6dfEQTSG5v5vmwHaFy&pid=15.1,,,,,,,,,Bing Images,review-required,2026-07-31T04:29:17.762745+00:00
90d137fc9e9b2d3c663b,Belle Knox,Belle Knox Duke Photos and Premium High Res Pictures - Getty Images,https://www.gettyimages.com/photos/belle-knox-duke,https://media.gettyimages.com/id/479407087/photo/duke-university-student-adult-film-star-belle-knox-visits-the-siriusxm-studios-on-march-18.jpg?s=612x612&w=gi&k=20&c=JxKj73FhkENCD_6j1Dhf6lxmAzGtlx-A_1U5d_8QIqQ=,https://ts1.mm.bing.net/th?id=OIP.dDom8ntgQ_xw-Y46Aoy1sgAAAA&pid=15.1,,,,,,,,,Bing Images,review-required,2026-07-31T04:29:17.762745+00:00
ae22ab6398f813a3e5fd,Belle Knox,Belle Knox Duke Photos and Premium High Res Pictures - Getty Images,https://www.gettyimages.com/photos/belle-knox-duke,https://media.gettyimages.com/id/479407085/photo/duke-university-student-adult-film-star-belle-knox-visits-the-opie-anthony-show-at-the.jpg?s=612x612&w=gi&k=20&c=4bEKzIN02oVu-ecC11oVsSLzXBZtSmcrMimYsyHO21Q=,https://ts1.mm.bing.net/th?id=OIP.-2VVP3bMTZv4sULgG8vRxwAAAA&pid=15.1,,,,,,,,,Bing Images,review-required,2026-07-31T04:29:17.762745+00:00
bd26db90c534a94aaac2,Belle Knox,Belle Knox Duke Photos and Premium High Res Pictures - Getty Images,https://www.gettyimages.com/photos/belle-knox-duke,https://media.gettyimages.com/id/479407499/photo/duke-university-student-adult-film-star-belle-knox-visits-the-opie-anthony-show-at-the.jpg?s=612x612&w=gi&k=20&c=U_xG3J-93xt85YZRNKp-z7Y4N7l89Omp55giv0Whhxs=,https://ts2.mm.bing.net/th?id=OIP.wNBY7KyCdIVVimF_vXw6jwHaF5&pid=15.1,,,,,,,,,Bing Images,review-required,2026-07-31T04:29:17.762745+00:00
da615442b9c1cd0e08b2,Belle Knox,Belle Knox Duke Photos and Premium High Res Pictures - Getty Images,https://www.gettyimages.ie/photos/belle-knox-duke,https://media.gettyimages.com/id/479456667/photo/duke-university-student-and-adult-actress-belle-knox-visits-headquarters-nyc-on-march-18-2014.jpg?s=612x612&w=gi&k=20&c=BN132wno8eU8nZKHNJubidKZ5-9BhXWSUYaTCaedLQ0=,https://ts2.mm.bing.net/th?id=OIP.XISAH4JLsbx1E8jyEee4jgAAAA&pid=15.1,,,,,,,,,Bing Images,review-required,2026-07-31T04:29:17.762745+00:00
337f6ea5d0bf06d863d0,Belle Knox,Belle Knox Photos and Premium High Res Pictures - Getty Images,https://www.gettyimages.com/photos/belle-knox,https://media.gettyimages.com/id/479428029/photo/belle-knox-poses-for-photos-on-march-18-2014-in-new-york-city.jpg?s=612x612&w=gi&k=20&c=DtwLqy_Hc9jr2K_7R-uYAemG-lgOp7vTY1Y5Ib0wmig=,https://ts2.mm.bing.net/th?id=OIP.k9Lq7EBQQRPD8gsNNq5QpQAAAA&pid=15.1,,,,,,,,,Bing Images,review-required,2026-07-31T04:29:17.762745+00:00
c1780c2dd8f5d6370179,Belle Knox,Belle Knox Photos and Premium High Res Pictures - Getty Images,https://www.gettyimages.com/photos/belle-knox,https://media.gettyimages.com/id/479456577/photo/duke-university-student-and-adult-actress-belle-knox-visits-headquarters-nyc-on-march-18-2014.jpg?s=612x612&w=gi&k=20&c=8sgCDJor63HoE3EamomqR1xB9VJb0GF6uS0_ZUjj3Qw=,https://ts3.mm.bing.net/th?id=OIP.QQAAsOezyWq_XX1Hwl9dJwAAAA&pid=15.1,,,,,,,,,Bing Images,review-required,2026-07-31T04:29:17.762745+00:00
f627d964fbe5f05422d8,Belle Knox,Belle Knox Top Must Watch Movies of All Time Online Streaming,https://www.binged.com/person/belle-knox/,https://bingeddata.s3.amazonaws.com/uploads/2020/12/belle-knox.jpg,https://ts3.explicit.bing.net/th?id=OIP.3i12ROmFmU5dylVg9cO_nwHaLH&pid=15.1,,,,,,,,,Bing Images,review-required,2026-07-31T04:29:17.762745+00:00
1f3a61815d970f221abb,Belle Knox,Belle Knox cashes in on her 15 minutes of fame | New York Post,https://nypost.com/2014/03/19/belle-knox-cashes-in-on-her-15-minutes-of-fame/,https://nypost.com/wp-content/uploads/sites/2/2014/03/knox9.jpg?quality=90&strip=all&w=1024,https://ts3.mm.bing.net/th?id=OIP.Bi3sGvrP1NJ5Gh_biM82DwHaJE&pid=15.1,,,,,,,,,Bing Images,review-required,2026-07-31T04:29:17.762745+00:00
399fba835984cf5e12e2,Belle Knox,What Is Belle Knox Doing Now? : Belle Knox Is Remaking Herself As a ...,https://secondstoryindy.org/what-is-belle-knox-doing-now-belle-knox-is-remaking-herself-as-a-libertarian/,https://media.gettyimages.com/id/479427931/photo/belle-knox-photo-shoot.jpg?s=1024x1024&w=gi&k=20&c=NHsY3khkyoQcx7CsYCpYFKWXFQfVhta-PfKn4rGYcz0=,https://ts1.mm.bing.net/th?id=OIP.3oQcvgwwxfAmC8enJ7KgDgHaLG&pid=15.1,,,,,,,,,Bing Images,review-required,2026-07-31T04:29:17.762745+00:00
71cd361084f496f991f3,Belle Knox,“Belle Knox' 15 Minutes of Fame”,http://avax.news/pictures/82998,https://pix.avax.news/avaxnews/36/44/00014436.jpeg,https://ts4.mm.bing.net/th?id=OIP.QTL4t4OrWwEZB7qfVal5NgHaLH&pid=15.1,,,,,,,,,Bing Images,review-required,2026-07-31T04:29:17.762745+00:00
89d9ac55935c17498d69,Belle Knox,“Belle Knox' 15 Minutes of Fame”,https://avax.news/pictures/83006,https://pix.avax.news/avaxnews/3e/44/0001443e.jpeg,https://ts2.mm.bing.net/th?id=OIP.Ze5PAll6kyhPI_7M2XZKuQHaJ2&pid=15.1,,,,,,,,,Bing Images,review-required,2026-07-31T04:29:17.762745+00:00
06e87a18e220bab10537,Bobbi Starr,Bobbi Starr,https://www.imdb.com/name/nm2506297/mediaviewer/rm3418033408,https://m.media-amazon.com/images/M/MV5BODY0NWNlZDEtZmY1MS00Y2ExLTk3MzEtYTcxNjljZTM4YWQwXkEyXkFqcGc@._V1_.jpg,https://ts3.mm.bing.net/th?id=OIP.ZkAu43zXxl149eNhpBXOLgHaE8&pid=15.1,,,,,,,,,Bing Images,review-required,2026-07-31T04:29:21.394017+00:00
ee5d90cf76ae7379aea7,Bobbi Starr,"Bobbi Starr - Age, Family, Bio | Famous Birthdays",https://www.famousbirthdays.com/people/bobbi-starr.html,https://www.famousbirthdays.com/headshots/bobbi-starr-1.jpg,https://ts3.mm.bing.net/th?id=OIP.YSATpfU2WCAC0MveSLF87AAAAA&pid=15.1,,,,,,,,,Bing Images,review-required,2026-07-31T04:29:21.394017+00:00
323cb5737d26fec737de,Bobbi Starr,"Bobbi Starr - Facts, Bio, Career, Net Worth | AidWiki",https://aidwiki.com/bobbi-starr,https://aidwiki.com/images/wiki/small/bobbi_starr_aidwiki_1.jpg,https://ts4.mm.bing.net/th?id=OIP.pXs2vDZAvVWq-9ud3hO-1gAAAA&pid=15.1,,,,,,,,,Bing Images,review-required,2026-07-31T04:29:21.394017+00:00
45d7527f6168b2ffb917,Bobbi Starr,Bobbi Starr - a photo on Flickriver,https://www.flickriver.com/photos/polverino/2198663361/,https://live.staticflickr.com/2212/2198663361_78589c1bb3_z.jpg,https://ts1.mm.bing.net/th?id=OIP._3RtPJwXaC66vJyyuwjM3QAAAA&pid=15.1,,,,,,,,,Bing Images,review-required,2026-07-31T04:29:21.394017+00:00
7773ff9b5ef1bf75d0f0,Bobbi Starr,"Bobbi Starr - actress, director, writer",https://en.kinorium.com/name/1568220/,https://images.kinorium.com/movie/shot/609791/h280_45768618.jpg,https://ts4.mm.bing.net/th?id=OIP.Vja0EKVcLCpyXXwpazRl-QHaD7&pid=15.1,,,,,,,,,Bing Images,review-required,2026-07-31T04:29:21.394017+00:00
523f4446f7ea227c9ea5,Bobbi Starr,Bobbi Starr : r/BalkanBeauty,https://www.reddit.com/r/BalkanBeauty/comments/1at2nex/bobbi_starr/,https://preview.redd.it/bobbi-starr-v0-4n12sr6zsgya1.jpg?width=640&crop=smart&auto=webp&s=72ca7c45c54af6e7cdecb556f74a018a27c5e8b2,https://ts2.mm.bing.net/th?id=OIP.B-Ly5XYjtS9_2KRUOQLK9gHaK0&pid=15.1,,,,,,,,,Bing Images,review-required,2026-07-31T04:29:21.394017+00:00
114b82bc30a687b82f93,Bobbi Starr,"Bobbi Starr Biography/Wiki, Age, Height, Career, Photos & More",https://globalzonetoday.com/bobbi-starr/,https://globalzonetoday.com/wp-content/uploads/2021/05/Bobbi-Starr.jpg,https://ts4.explicit.bing.net/th?id=OIP.7hWLBcqZnVZMRTSCxACkbgHaGe&pid=15.1,,,,,,,,,Bing Images,review-required,2026-07-31T04:29:21.394017+00:00
282ab590dc8fa8d6830c,Bobbi Starr,"Bobbi Starr Biography/Wiki, Age, Height, Career, Photos & More",https://globalzonetoday.com/bobbi-starr/,https://globalzonetoday.com/wp-content/uploads/2021/05/Bobbi_Starr.jpg,https://ts3.mm.bing.net/th?id=OIP.2Y1cOdpn20YcudHDcGASvQHaIG&pid=15.1,,,,,,,,,Bing Images,review-required,2026-07-31T04:29:21.394017+00:00
25a59ac5902bd6a06cf8,Bobbi Starr,Bobbi Starr Movies And Tv Shows 60 Photos - Moonagedaydream.film,https://moonagedaydream.film/tvshow/bobbi-starr-movies-and-tv-shows,https://i.pinimg.com/736x/43/0c/c8/430cc8b7990483416c3deee249253369.jpg,https://ts1.mm.bing.net/th?id=OIP.za2C41yPRa-hjNh13L_uqQHaLD&pid=15.1,,,,,,,,,Bing Images,review-required,2026-07-31T04:29:21.394017+00:00
9dc038016f535dfb0ec5,Bobbi Starr,Bobbi Starr Movies And Tv Shows 60 Photos - Moonagedaydream.film,https://moonagedaydream.film/tvshow/bobbi-starr-movies-and-tv-shows,https://wallpapercave.com/wp/wp2791402.jpg,https://ts4.mm.bing.net/th?id=OIP.tSKMRlgpVB1utZC2RnXB6wHaK0&pid=15.1,,,,,,,,,Bing Images,review-required,2026-07-31T04:29:21.394017+00:00
89e8dffa2ccf53a2f371,Bobbi Starr,Bobbi Starr Pictures,https://celebrityrater.com/infinite-scroll/52416/bobbi-starr,https://img8.hotnessrater.com/6816151/bobbi-starr.jpg?w=4000&h=6000,https://ts4.mm.bing.net/th?id=OIP.4eUbFTvNC6O_hyfK6Q9TawHaIC&pid=15.1,,,,,,,,,Bing Images,review-required,2026-07-31T04:29:21.394017+00:00
2379a80d7a4519677921,Bobbi Starr,Bobbi Starr Wallpapers - Wallpaper Cave,https://wallpapercave.com/bobbi-starr-wallpapers,https://wallpapercave.com/wp/wp2791400.jpg,https://ts3.mm.bing.net/th?id=OIP.4eSBf6y6Xu1xNzs5E74l9gHaLG&pid=15.1,,,,,,,,,Bing Images,review-required,2026-07-31T04:29:21.394017+00:00
c2cfc5643555f94901ae,Bobbi Starr,Bobbi Starr in AVN Awards - TheTVDB.com,https://thetvdb.com/series/avn-awards/people/69269937,https://artworks.thetvdb.com/banners/v4/actor/631423/photo/674a254dcd0d5.jpg,https://ts1.mm.bing.net/th?id=OIP.LAmbYVEmNwKHK76ztvbFYwAAAA&pid=15.1,,,,,,,,,Bing Images,review-required,2026-07-31T04:29:21.394017+00:00
505728c7fac70d72a148,Bobbi Starr,Bobbi Starr on myCast - Fan Casting Your Favorite Stories,https://www.mycast.io/talent/bobbi-starr,https://assets.mycast.io/actor_images/actor-bobbi-starr-185205_large.jpg?1615499241,https://ts1.mm.bing.net/th?id=OIP.4pVvseLmxKeRYw0ogqciCQAAAA&pid=15.1,,,,,,,,,Bing Images,review-required,2026-07-31T04:29:21.394017+00:00
41ce9a35e0033743d773,Bobbi Starr,"Bobbi Starr's Instagram, Twitter & Facebook on IDCrawl",https://www.idcrawl.com/bobbi-starr,https://e1.pxfuel.com/desktop-wallpaper/531/566/desktop-wallpaper-bobbi-starr-bobbi-starr.jpg,https://ts1.mm.bing.net/th?id=OIP.yaG97PLTyjeKsUFOkvpDFgHaLH&pid=15.1,,,,,,,,,Bing Images,review-required,2026-07-31T04:29:21.394017+00:00
54a5e7bef0bf2301f725,Bobbi Starr,"Bobbi Starr's Instagram, Twitter & Facebook on IDCrawl",https://www.idcrawl.com/bobbi-starr,https://m.media-amazon.com/images/M/MV5BNTgyZDdmZjMtYTc4NS00NmY3LWFhYWYtMzEyMWVmMTZjNzUwXkEyXkFqcGc@._V1_.jpg,https://ts4.mm.bing.net/th?id=OIP.N6fozp30OFQa0dN6S38EyAHaK0&pid=15.1,,,,,,,,,Bing Images,review-required,2026-07-31T04:29:21.394017+00:00
0fadbefb5f9514bd00c7,Bobbi Starr,Bobbi Starr's Rise In The Adult Film Industry,https://www.loadedvideo.com/bobbi-starr/,https://loadedvideo.com/wp-content/uploads/2024/11/brandi-amanda-show.jpg,https://ts1.mm.bing.net/th?id=OIP.1qtAfzQN37-4a_aWmeF3HAHaHa&pid=15.1,,,,,,,,,Bing Images,review-required,2026-07-31T04:29:21.394017+00:00
93b5fa11c1390c89e46c,Bobbi Starr,🔥 Free Download Wallpaper Bobbi Starr Photos By way2enjoy News ...,https://wallpapersafari.com/w/SgXxJ1,https://mcdn.wallpapersafari.com/medium/29/94/J0ebos.jpg,https://ts4.mm.bing.net/th?id=OIP.OyRRv--7-7LSThl33K4BagHaLH&pid=15.1,,,,,,,,,Bing Images,review-required,2026-07-31T04:29:21.394017+00:00
7c62a0d95fefdc1bfb59,Brandi Love,210 Brandi Love Fotos und hochauflösende Bilder - Getty Images,https://www.gettyimages.de/fotos/brandi-love,https://media.gettyimages.com/id/909925710/de/foto/las-vegas-nv-adult-film-actress-brandi-love-poses-at-the-nexxxt-level-talent-booth-at-the-2018.jpg?s=612x612&w=gi&k=20&c=CWzCsYpaN3ip8sc6POvHzyjzQOj18rf-kDsqOFlzyi8=,https://ts3.mm.bing.net/th?id=OIP.39LYO57Aud5pbpdnO80rqAAAAA&pid=15.1,,,,,,,,,Bing Images,review-required,2026-07-31T04:29:24.720361+00:00
76f70e2cae4f6c37a582,Brandi Love,Actress Brandi Love 60 Photos - Moonagedaydream.film,https://moonagedaydream.film/actress/actress-brandi-love,https://editorialge.com/wp-content/uploads/2024/09/brandi-love-net-worth.jpg,https://ts2.mm.bing.net/th?id=OIP.39j1mx_6ZOJALkqwvsbHwQHaEK&pid=15.1,,,,,,,,,Bing Images,review-required,2026-07-31T04:29:24.720361+00:00
9ff248c828405689168e,Brandi Love,Adult Star Brandi Love Is Having Her ‘Face Detached',https://vt.co/entertainment/adult-star-brandi-love-is-having-her-face-detached,https://img.vt.co/2023/01/2AP1XJG-683x1024.jpg,https://ts3.explicit.bing.net/th?id=OIP.YprZsD8anMjwKm7fK_NEDQHaLG&pid=15.1,,,,,,,,,Bing Images,review-required,2026-07-31T04:29:24.720361+00:00
97b8b8ddffe42ce5f6dc,Brandi Love,"Brandi Love (Actress) Age, Wiki, Biography, Height, Ethnicity & More",https://celebritate.com/celebrity/brandi-love/,https://celebritate.com/wp-content/uploads/2023/04/Brandi-Love.jpg,https://ts1.mm.bing.net/th?id=OIP.ZLIcK5XSr2u71sR6VaOA5gHaIO&pid=15.1,,,,,,,,,Bing Images,review-required,2026-07-31T04:29:24.720361+00:00
76be1611af8ebc4aa01d,Brandi Love,Brandi Love - Profile Images — The Movie Database (TMDB),https://www.themoviedb.org/person/592808-brandi-love/images/profiles,https://image.tmdb.org/t/p/original/exv23fmYcx39yhmBioEP0Lbtmas.jpg,https://ts2.explicit.bing.net/th?id=OIP.L3jNoWKB8DnRinkCIAUgqgHaLH&pid=15.1,,,,,,,,,Bing Images,review-required,2026-07-31T04:29:24.720361+00:00
cb81dfa9b72c5f3867a5,Brandi Love,Brandi Love And The Captivating Journey In Adult Film,https://www.loadeddicefilms.com/brandi-love-and/,https://www.loadeddicefilms.com/wp-content/uploads/2025/03/brandi-love-and-768x768.png,https://ts3.mm.bing.net/th?id=OIP.L_RRP1FLZRgJ_ewwrmYKfwHaHa&pid=15.1,,,,,,,,,Bing Images,review-required,2026-07-31T04:29:24.720361+00:00
4912c6c9ca5e0a227187,Brandi Love,"Brandi Love Biography/Wiki, Age, Height, Husband, Photos & More",https://globalzonetoday.com/brandi-love/,https://i0.wp.com/globalzonetoday.com/wp-content/uploads/2020/07/American-Adult-Film-Actress-Brandi-Love.jpg?ssl=1,https://ts2.mm.bing.net/th?id=OIP.KbNbceFRloNLndJXnMvwdAHaHJ&pid=15.1,,,,,,,,,Bing Images,review-required,2026-07-31T04:29:24.720361+00:00
33aa67e94af5a6d8c21e,Brandi Love,"Brandi Love Height, Weight, Age, Husband, Biography & Family",https://www.dreshare.com/brandi-love/,https://www.dreshare.com/wp-content/uploads/2019/11/Brandi-Love.jpg,https://ts4.mm.bing.net/th?id=OIP.7ZKuxm09wK8te8x3IlxJPAAAAA&pid=15.1,,,,,,,,,Bing Images,review-required,2026-07-31T04:29:24.720361+00:00
74e59d73b9a1ac98343f,Brandi Love,"Brandi Love Net Worth in 2023 - Wiki, Age, Weight and Height ...",https://luxlux.net/en/celebrities/brandi-love/,https://luxlux.net/lux/wp-content/uploads/Brandi-Love-1-1160x680.jpeg,https://ts4.mm.bing.net/th?id=OIP.t4Fwt49mtjb8C6e6yvFlyQHaEV&pid=15.1,,,,,,,,,Bing Images,review-required,2026-07-31T04:29:24.720361+00:00
76ceed61789e3cefa867,Brandi Love,Brandi Love Photos and Premium High Res Pictures - Getty Images,https://www.gettyimages.ae/photos/brandi-love?page=2,https://media.gettyimages.com/id/910092110/photo/las-vegas-nv-adult-film-actress-brandi-love-poses-at-the-nexxxt-level-talent-booth-at-the-2018.jpg?s=612x612&w=gi&k=20&c=5gu47ZhxrVNf9uov-3LetJk0YdxruUhUUfo0neANgrY=,https://ts3.mm.bing.net/th?id=OIP.t9SNKe2M2gK5MZZuKfU2OwAAAA&pid=15.1,,,,,,,,,Bing Images,review-required,2026-07-31T04:29:24.720361+00:00
2f6aa8fd832edf9b9b7f,Brandi Love,"Brandi Love Si Bintang Film Biru Terseksi Blak-blakan,...",https://www.genpi.co/internasional/32466/brandi-love-si-bintang-film-biru-terseksi-blak-blakan-wooww,https://fs.genpi.co/uploads/data/images/2020/01/brandi love.jpg,https://ts1.mm.bing.net/th?id=OIP.SxoeTzvxO9zYoegcCx8wsQHaFj&pid=15.1,,,,,,,,,Bing Images,review-required,2026-07-31T04:29:24.720361+00:00
a9a6e0b37661f4929006,Brandi Love,"Brandi Love Wiki & Biography, Age, Height, Weight, Net Worth - Wikiindetail",https://wikiindetail.com/brandi-love-wiki/,https://wikiindetail.com/wp-content/uploads/2025/01/Brandi-Love-Wiki.webp,https://ts4.explicit.bing.net/th?id=OIP.1zmuZZMY19E2-YNrxEFGEQAAAA&pid=15.1,,,,,,,,,Bing Images,review-required,2026-07-31T04:29:24.720361+00:00
9d07b55da24a594d8c63,Brandi Love,"Brandi Love, chi è la pornostar in 10 punti - PRN",https://prn-nauti.it/brandi-love-chi-e-la-pornostar/,https://prn-nauti.it/wp-content/uploads/2023/02/10-curiosita-che-forse-non-conosci-su-Brandi-Love.jpg,https://ts1.mm.bing.net/th?id=OIP.890gUneXzveNASnDTcNzygHaD5&pid=15.1,,,,,,,,,Bing Images,review-required,2026-07-31T04:29:24.720361+00:00
e872f0d464ecd278bda4,Brandi Love,Brandi Love: Building A Career In Adult Entertainment | E81 - YouTube,https://www.youtube.com/watch?v=fGNaMh-WC7k,https://i.ytimg.com/vi/fGNaMh-WC7k/maxresdefault.jpg,https://ts2.mm.bing.net/th?id=OIP.XCuvoYzZh5WxzlmnQjCsiQHaEK&pid=15.1,,,,,,,,,Bing Images,review-required,2026-07-31T04:29:24.720361+00:00
7ad2ab8324270d2afef6,Brandi Love,Brandi Love: Profile of the porn actress - Practical Tips,https://www.practical-tips.com/internet/brandi-love-profile-of-the-porn-actress/,https://www.practical-tips.com/wp-content/uploads/2026/02/5s-3-1170x793.jpg,https://ts3.mm.bing.net/th?id=OIP.eWoZfCg2cq0EK--Bmuf_tgHaFB&pid=15.1,,,,,,,,,Bing Images,review-required,2026-07-31T04:29:24.720361+00:00
0e4d325bcce9cf4eccfc,Brandi Love,Popular Adult Film Star Takes Michigan's Side In Cheating Scandal - The ...,https://thespun.com/big-ten/brandi-love-offers-thoughts-on-michigan-sign-stealing-scandal,https://thespun.com/.image/t_share/MTkyOTA5MTAwODgxODE1MjQ4/screen-shot-2022-10-09-at-105314-am.png,https://ts3.mm.bing.net/th?id=OIP.yh0-ECxM18Dsoc8NOH3ceAHaEa&pid=15.1,,,,,,,,,Bing Images,review-required,2026-07-31T04:29:24.720361+00:00
ed6d5edf556850335865,Brandi Love,Porn star sparks fears by getting 'face detached' in surgery to 'look ...,https://www.dailystar.co.uk/real-life/porn-star-sparks-fears-getting-29005877,https://i2-prod.dailystar.co.uk/incoming/article29005976.ece/ALTERNATES/s615b/0_Screenshot-3jpgF.jpg,https://ts1.explicit.bing.net/th?id=OIP.cPNlEb2lu0vrL4vqctir5gHaJb&pid=15.1,,,,,,,,,Bing Images,review-required,2026-07-31T04:29:24.720361+00:00
27881dfbf215723bcb47,Brandi Love,What Is Adult Film Actress Brandi Love's Net Worth?,https://marketrealist.com/what-is-brandi-loves-net-worth/,https://d3gie47r7c2778.cloudfront.net/658667/uploads/49a40ee0-890e-11ee-889f-0b62231c8555_800_420.jpeg,https://ts3.mm.bing.net/th?id=OIP.DD6aMn2jwxo7YaTaW3NcCQHaD4&pid=15.1,,,,,,,,,Bing Images,review-required,2026-07-31T04:29:24.720361+00:00
0f119b4c7a3e6a11c6e1,Bree Olson,455 Bree Olson Photos & High Res Pictures - Getty Images,https://www.gettyimages.com/photos/bree-olson?page=3,https://media.gettyimages.com/id/159657828/photo/west-hollywood-ca-bree-olson-attends-the-not-another-celebrity-movie-los-angeles-premiere-at.jpg?s=612x612&w=gi&k=20&c=7ep4HZaYHspmwfu6XJ4GtV_oN2U6SAP_RQ18CSv-WWg=,https://ts4.mm.bing.net/th?id=OIP.6vK-rILwJbYB9jX8Y_JKhwAAAA&pid=15.1,,,,,,,,,Bing Images,review-required,2026-07-31T04:29:26.123455+00:00
53a09a595a9b23d93d9a,Bree Olson,455 Bree Olson Photos & High Res Pictures - Getty Images,https://www.gettyimages.com/photos/bree-olson?page=2,https://media.gettyimages.com/id/453565112/photo/hollywood-ca-bree-olson-attends-the-live-nude-girls-premiere-at-avalon-on-august-12-2014-in.jpg?s=612x612&w=gi&k=20&c=MFzmQmjGfsT1cLizvmnlZr4O0MyDntWkPRgP81oS9YM=,https://ts3.mm.bing.net/th?id=OIP.g9L8WQbHp7nyVdgWIdLefgAAAA&pid=15.1,,,,,,,,,Bing Images,review-required,2026-07-31T04:29:26.123455+00:00
7aeb2806f2cf1226a10f,Bree Olson,455 Bree Olson Photos & High Res Pictures - Getty Images,https://www.gettyimages.com/photos/bree-olson?page=4,https://media.gettyimages.com/id/132665463/photo/las-vegas-nv-adult-film-actress-bree-olson-arrives-to-host-goddess-white-party-at-posh.jpg?s=612x612&w=gi&k=20&c=-9IVFy3_1IfM9EJtQT-WDI08ahwlBoSKCPUML-WXmR8=,https://ts3.mm.bing.net/th?id=OIP.uRz5TZ1r7hhIY7M4xbLJvwAAAA&pid=15.1,,,,,,,,,Bing Images,review-required,2026-07-31T04:29:26.123455+00:00
924bb459672f66beadfb,Bree Olson,455 Bree Olson Photos & High Res Pictures - Getty Images,https://www.gettyimages.com/photos/bree-olson?page=4,https://media.gettyimages.com/id/132665467/photo/las-vegas-nv-adult-film-actress-bree-olson-arrives-to-host-goddess-white-party-at-posh.jpg?s=612x612&w=gi&k=20&c=QYmvRn9GQ4JLhhQ5v1QOMgRY2T3BEwAB8cgYGcFVZzQ=,https://ts1.mm.bing.net/th?id=OIP.TgEl3B28HM_JOhJXX1HzXAAAAA&pid=15.1,,,,,,,,,Bing Images,review-required,2026-07-31T04:29:26.123455+00:00
bf26b7babbd65ce13eb6,Bree Olson,455 Bree Olson Photos & High Res Pictures - Getty Images,https://www.gettyimages.com/photos/bree-olson?page=2,https://media.gettyimages.com/id/453565114/photo/hollywood-ca-bree-olson-attends-the-live-nude-girls-premiere-at-avalon-on-august-12-2014-in.jpg?s=612x612&w=gi&k=20&c=n9etFuK9Y8o5a13ZBCAQWF1iV9hvieweW2pQnZlIOZk=,https://ts1.mm.bing.net/th?id=OIP.L4ySOEFKcy4g-nHloMsPkwAAAA&pid=15.1,,,,,,,,,Bing Images,review-required,2026-07-31T04:29:26.123455+00:00
f8ccecd2d7d2da4fef52,Bree Olson,455 Bree Olson Photos & High Res Pictures - Getty Images,https://www.gettyimages.com/photos/bree-olson?page=2,https://media.gettyimages.com/id/453565102/photo/hollywood-ca-bree-olson-attends-the-live-nude-girls-premiere-at-avalon-on-august-12-2014-in.jpg?s=612x612&w=gi&k=20&c=Xj4Ua1u1aflzmQ-qcU9iDocoz4zg-ydke8Bv3MAEpLs=,https://ts3.mm.bing.net/th?id=OIP.X5G68D3LLcJsJl-b2YKMQgAAAA&pid=15.1,,,,,,,,,Bing Images,review-required,2026-07-31T04:29:26.123455+00:00
927ad25cd3e0367b97f3,Bree Olson,Bree Olson,https://www.imdb.com/media/rm1901964032/nm2510013,https://m.media-amazon.com/images/M/MV5BNjc4NzI3ODI2Nl5BMl5BanBnXkFtZTcwOTY0NTcxOA@@._V1_FMjpg_UX1000_.jpg,https://ts1.mm.bing.net/th?id=OIP.YUfScG1Kc_pCH5erVQr_bAHaKO&pid=15.1,,,,,,,,,Bing Images,review-required,2026-07-31T04:29:26.123455+00:00
5212f646972b973e96b4,Bree Olson,"Bree Olson (Actress) Wiki, Biography, Photos, Family, Age, Videos & More",https://celebritate.com/celebrity/bree-olson/,https://celebritate.com/wp-content/uploads/Bree-Olson.jpg,https://ts3.explicit.bing.net/th?id=OIP.k_1GlDpdNyIqHarIeDOmyQHaIO&pid=15.1,,,,,,,,,Bing Images,review-required,2026-07-31T04:29:26.123455+00:00
93491aba0ac737878511,Bree Olson,Bree Olson Fotos Fotografías e imágenes de stock - Getty Images,https://www.gettyimages.es/fotos/bree-olson-fotos,https://media.gettyimages.com/id/137557328/es/foto/adult-film-actress-and-show-host-bree-olson-arrives-at-the-29th-annual-adult-video-news-awards.jpg?s=612x612&w=gi&k=20&c=qNKJgnJTtz7DV97hwWGQmHynbqgsAsfN5LKFNSgsv-8=,https://ts1.mm.bing.net/th?id=OIP.KerJtqcH4nHWj3MzQif8DwAAAA&pid=15.1,,,,,,,,,Bing Images,review-required,2026-07-31T04:29:26.123455+00:00
475285645547b59cc3a5,Bree Olson,Bree Olson Hd Wallpapers,https://fity.club/lists/suggestions/Bree-Olson-Hd-Wallpapers/,https://m.media-amazon.com/images/M/MV5BMTM1NTk3NjU3MV5BMl5BanBnXkFtZTcwODY0NTcxOA@@._V1_.jpg,https://ts2.explicit.bing.net/th?id=OIP.N6SRCgTsR847Dta1wBSkiAHaKD&pid=15.1,,,,,,,,,Bing Images,review-required,2026-07-31T04:29:26.123455+00:00
90e113f26a9a7a01c7da,Bree Olson,Bree Olson Hosts The Act Las Vegas During Avn Photos and Premium High ...,https://www.gettyimages.in/photos/bree-olson-hosts-the-act-las-vegas-during-avn,https://media.gettyimages.com/id/159709291/photo/las-vegas-nv-adult-film-actress-bree-olson-arrives-for-a-night-at-the-act-nightclub-at-the.jpg?s=612x612&w=gi&k=20&c=I2lBQ6Zz_bK3yKwpvkRVVGIlqG54UBggBdM6Z6TU6wQ=,https://ts3.mm.bing.net/th?id=OIP.w_oqOz3WaUGgIDNCbDYhHgAAAA&pid=15.1,,,,,,,,,Bing Images,review-required,2026-07-31T04:29:26.123455+00:00
25d8c32fc5a0969f879d,Bree Olson,Bree Olson Images Photos and Premium High Res Pictures - Getty Images,https://www.gettyimages.com/photos/bree-olson-images,https://media.gettyimages.com/id/84256487/photo/adult-film-actress-bree-olson-arrives-at-the-26th-annual-adult-video-news-awards-show-at-the.jpg?s=612x612&w=gi&k=20&c=j6DZvz6kmfJKyysmyJCNu0sj1FDaFIkXBxTd1qHsH_Y=,https://ts3.mm.bing.net/th?id=OIP.9q7RJmtNF750oHekFk9O_AAAAA&pid=15.1,,,,,,,,,Bing Images,review-required,2026-07-31T04:29:26.123455+00:00
0dc2bcec1b4bdb1e96cd,Bree Olson,Bree Olson Photos Photos and Premium High Res Pictures - Getty Images,https://www.gettyimages.co.uk/photos/bree-olson-photos,https://media.gettyimages.com/id/137557300/photo/adult-film-actress-and-show-host-bree-olson-arrives-at-the-29th-annual-adult-video-news-awards.jpg?s=612x612&w=gi&k=20&c=0My7a97bIPHJCohwj-2BlZJdjTgnDZlVGtG_aA-493g=,https://ts2.explicit.bing.net/th?id=OIP.jXxZwWPDzfPQI4uWlqPnpgAAAA&pid=15.1,,,,,,,,,Bing Images,review-required,2026-07-31T04:29:26.123455+00:00
c115acc8f5ccb83d6f50,Bree Olson,Bree Olson Photos Photos and Premium High Res Pictures - Getty Images,https://www.gettyimages.co.uk/photos/bree-olson-photos,https://media.gettyimages.com/id/137557303/photo/adult-film-actress-and-show-host-bree-olson-arrives-at-the-29th-annual-adult-video-news-awards.jpg?s=612x612&w=gi&k=20&c=9aRTm3sGAymJatr00BFX_dm5zZo6tMho5Ao9qjKHTNQ=,https://ts4.mm.bing.net/th?id=OIP.f3EjIfkqLvV2FQ3AFAEzPwAAAA&pid=15.1,,,,,,,,,Bing Images,review-required,2026-07-31T04:29:26.123455+00:00
8954d551bfa5ab4bc53d,Bree Olson,Bree Olson Photos and Premium High Res Pictures - Getty Images,https://www.gettyimages.ie/photos/bree-olson?page=7&sort=oldest,https://media.gettyimages.com/id/473952480/photo/actress-bree-olson-attends-the-premiere-of-the-human-centepede-3-at-the-tcl-chinese-6-theatres.jpg?s=612x612&w=gi&k=20&c=jpLs4wFbSNQKUpTf4Dd8YArTkeIPR7rSO6R-7F7-U28=,https://ts4.mm.bing.net/th?id=OIP.J5YqsVV2gdNV9EWJgYWmHAHaJQ&pid=15.1,,,,,,,,,Bing Images,review-required,2026-07-31T04:29:26.123455+00:00
ad2ee8a82de9bbbcef94,Bree Olson,Bree Olson – Stock Editorial Photo © Jean_Nelson #51537011,http://depositphotos.com/51537011/stock-photo-bree-olson.html,http://st.depositphotos.com/1694341/5153/i/950/depositphotos_51537011-stock-photo-bree-olson.jpg,https://ts2.mm.bing.net/th?id=OIP.fy7335p9yr5SYwiTMonjCQHaLH&pid=15.1,,,,,,,,,Bing Images,review-required,2026-07-31T04:29:26.123455+00:00
ea2c263ea6037443a87c,Bree Olson,"Bree Olson's Instagram, Twitter & Facebook on IDCrawl",https://www.idcrawl.com/bree-olson,https://www.kemifilani.ng/wp-content/uploads/2022/08/Bree-Olson.jpg,https://ts4.mm.bing.net/th?id=OIP.exIlHk_0waOeN2gbnjmgwgHaEt&pid=15.1,,,,,,,,,Bing Images,review-required,2026-07-31T04:29:26.123455+00:00
69ae6f30a703b48a7da4,Bree Olson,Bree olson hi-res stock photography and images - Alamy,https://www.alamy.com/stock-photo/bree-olson.html,https://c8.alamy.com/comp/D6977K/bree-olson-posh-boutique-nightclub-and-crazy-horse-iii-host-goddess-D6977K.jpg,https://ts4.explicit.bing.net/th?id=OIP.IGpL-OLH3qF9OtaEWYSjgAHaL4&pid=15.1,,,,,,,,,Bing Images,review-required,2026-07-31T04:29:26.123455+00:00
9db64ae78d42335699c0,Bree Olson,The Hottest Bree Olson Photos - 12thBlog,https://www.12thblog.com/the-hottest-bree-olson-photos/,https://www.12thblog.com/wp-content/uploads/2019/02/Bree-Olson-1.jpg,https://ts4.mm.bing.net/th?id=OIP.hxDcZuKBtqnQupfMaqYG9QHaLZ&pid=15.1,,,,,,,,,Bing Images,review-required,2026-07-31T04:29:26.123455+00:00
d8cbdc678cee86aedd0e,Brett Rossi,321 Brett Rossi Photos & High Res Pictures - Getty Images,https://www.gettyimages.ie/photos/brett-rossi,https://media.gettyimages.com/id/506535354/photo/las-vegas-nv-adult-film-actress-brett-rossi-and-adult-film-director-ivan-attend-the-2016-adult.jpg?s=612x612&w=gi&k=20&c=c_Mo-ylxU8E4lXd4hseX00tZk8HZFvdC1iluf-BM_sw=,https://ts4.mm.bing.net/th?id=OIP.b-F9dYbQ1PCUlOFIEHyargHaJY&pid=15.1,,,,,,,,,Bing Images,review-required,2026-07-31T04:29:27.535486+00:00
cb6ac04cd605fa432b5a,Brett Rossi,348 Brett Rossi Photos & High Res Pictures - Getty Images,https://www.gettyimages.com/photos/brett-rossi,https://media.gettyimages.com/id/632033836/photo/las-vegas-nv-adult-film-actress-brett-rossi-appears-at-the-yummi-booth-at-the-2017-avn-adult.jpg?s=612x612&w=gi&k=20&c=5RPTe_xUOvE8sI0nDqGPgQDvvsAmb5P1IOCfoMAFDKk=,https://ts2.explicit.bing.net/th?id=OIP.TMDRSu9eVjd4FQOqav_sJQHaFG&pid=15.1,,,,,,,,,Bing Images,review-required,2026-07-31T04:29:27.535486+00:00
938511ec9d0cbf10d684,Brett Rossi,"Bintang Porno Brett Rossi, Tunangan Charlie Sheen Ganti Nama Sebelum ...",https://www.berita2bahasa.com/berita/03/2247115-bintang-porno-brett-rossi-tunangan-charlie-sheen-ganti-nama-sebelum-menikah,https://www.berita2bahasa.com/images/articles/2014511Charlie s fiancee Brett Rossi casts off her porn name - editan (dailymail) b.jpg,https://ts1.mm.bing.net/th?id=OIP.TryXFKbbbHIg_-VlUDBvuAHaGK&pid=15.1,,,,,,,,,Bing Images,review-required,2026-07-31T04:29:27.535486+00:00
0af7bbc20c716d6a47f8,Brett Rossi,Brett Rossi,https://www.imdb.com/name/nm4841476/mediaviewer/rm3222279424,https://m.media-amazon.com/images/M/MV5BZTZiOTc4NDktYWU1ZS00YjQ5LThjNmEtZGVlMTY5Yzk4MWZkXkEyXkFqcGc@._V1_.jpg,https://ts2.mm.bing.net/th?id=OIP.g1eOL8l74ZlMYcRRT_S_7QHaKr&pid=15.1,,,,,,,,,Bing Images,review-required,2026-07-31T04:29:27.535486+00:00
66334737ef0339e0061f,Brett Rossi,Brett Rossi,https://ar.inspiredpencil.com/pictures-2023/brett-rossi,https://iv1.lisimg.com/image/23306282/720full.jpg,https://ts4.explicit.bing.net/th?id=OIP.EO_3omdEv8E7QYXjrF6HMQHaLH&pid=15.1,,,,,,,,,Bing Images,review-required,2026-07-31T04:29:27.535486+00:00
95d511762c025f324d75,Brett Rossi,Brett Rossi,https://ar.inspiredpencil.com/pictures-2023/brett-rossi,https://www.famousbirthdays.com/faces/rossi-brett-model-image.jpg,https://ts4.explicit.bing.net/th?id=OIP.se0fPCfzwhWcOjc7QZRqCAAAAA&pid=15.1,,,,,,,,,Bing Images,review-required,2026-07-31T04:29:27.535486+00:00
738a9ec3eb5a50d2963c,Brett Rossi,"Brett Rossi - Age, Bio, Family | Famous Birthdays",https://www.famousbirthdays.com/people/brett-rossi.html,https://www.famousbirthdays.com/headshots/brett-rossi-2.jpg,https://ts3.mm.bing.net/th?id=OIP.R3zzqyMqTfteFpytHFfbyAAAAA&pid=15.1,,,,,,,,,Bing Images,review-required,2026-07-31T04:29:27.535486+00:00
0268ee1b706ad01845de,Brett Rossi,"Brett Rossi - Net Worth 2026, Age, Height, Bio, Birthday, Wiki ...",https://celebrity-birthdays.com/people/brett-rossi,https://www.famousbirthdays.com/faces/rossi-brett-image.jpg,https://ts1.explicit.bing.net/th?id=OIP.vkY7CHn-Lc99YO-Di_fsqAAAAA&pid=15.1,,,,,,,,,Bing Images,review-required,2026-07-31T04:29:27.535486+00:00
9e04906cb0f2c5c46669,Brett Rossi,"Brett Rossi Biography/Wiki, Age, Height, Career, Photos & More",https://globalzonetoday.com/brett-rossi/,https://globalzonetoday.com/wp-content/uploads/2024/01/Brett-Rossi-Actress.jpg,https://ts1.explicit.bing.net/th?id=OIP.-uJP1gnib6XPg7o26mxxMQHaFO&pid=15.1,,,,,,,,,Bing Images,review-required,2026-07-31T04:29:27.535486+00:00
005f02e5fc457d1b27cb,Brett Rossi,"Brett Rossi Biography/Wiki, Career, Photos & More",https://globalzonetoday.com/brett-rossi/,https://globalzonetoday.com/wp-content/uploads/2024/01/Brett-Rossi.jpg,https://ts3.mm.bing.net/th?id=OIP.SRBAtqmsfp4v8rENi36hBAHaGd&pid=15.1,,,,,,,,,Bing Images,review-required,2026-07-31T04:29:27.535486+00:00
2085166a3254946c5356,Brett Rossi,Brett Rossi Engagement Ring,https://ar.inspiredpencil.com/pictures-2023/brett-rossi-engagement-ring,https://media.radaronline.com/brand-img/c1qnDhelg/0x0/2018/04/porn-star-brett-rossi-blasts-charlie-sheen-treatment-pp.jpg,https://ts1.mm.bing.net/th?id=OIP.tkjvLwHqad67BbpwRA7MLAHaE3&pid=15.1,,,,,,,,,Bing Images,review-required,2026-07-31T04:29:27.535486+00:00
19a99e173e5cc6bf3a6c,Brett Rossi,Brett Rossi Facebook,https://ar.inspiredpencil.com/pictures-2023/brett-rossi-facebook,https://www.themoviedb.org/t/p/original/kxW2WvOdXpLvFMgGut9ISSS39ag.jpg,https://ts2.explicit.bing.net/th?id=OIP.oSI7etu3IB6H_ETzmL9gTQHaLH&pid=15.1,,,,,,,,,Bing Images,review-required,2026-07-31T04:29:27.535486+00:00
0494c0842984fdc69d0d,Brett Rossi,Brett Rossi Photos and Premium High Res Pictures - Getty Images,https://www.gettyimages.com/photos/brett-rossi,https://media.gettyimages.com/id/632100904/photo/adult-film-actress-brett-rossi-appears-at-the-yummi-booth-at-the-2017-avn-adult-entertainment.jpg?s=612x612&w=gi&k=20&c=ZnXQXvTLsHF6WE6O67R4l3loZ6zwUXQFlC5Bd1sLGcw=,https://ts1.mm.bing.net/th?id=OIP.MhnpaRkao5pVvZF08bzfUQAAAA&pid=15.1,,,,,,,,,Bing Images,review-required,2026-07-31T04:29:27.535486+00:00
72309fbea61e41efa4d0,Brett Rossi,Brett Rossi Photos and Premium High Res Pictures - Getty Images,https://www.gettyimages.co.uk/photos/brett-rossi,https://media.gettyimages.com/id/506535246/photo/adult-film-actress-brett-rossi-attends-the-2016-adult-video-news-awards-at-the-hard-rock-hotel.jpg?s=612x612&w=gi&k=20&c=EG218tEosNWTKVQRzIDzRFdiXZqDPwnyJ-_4SGd6eUI=,https://ts2.mm.bing.net/th?id=OIP.ZCbDCUrMxev4bnu66uWT4AAAAA&pid=15.1,,,,,,,,,Bing Images,review-required,2026-07-31T04:29:27.535486+00:00
43855bcbeca7ee32bf61,Brett Rossi,"Brett Rossi Wiki/Bio, Age, Height, Weight, Net Worth - Wikiindetail",https://wikiindetail.com/brett-rossi-wiki/,https://wikiindetail.com/wp-content/uploads/2025/05/Brett-Rossi-WikiBio-Age-Height-Weight-Net-Worth.webp,https://ts2.explicit.bing.net/th?id=OIP.w_2d4lPAqDBauCMWMYxdGQHaJ4&pid=15.1,,,,,,,,,Bing Images,review-required,2026-07-31T04:29:27.535486+00:00
c716f86a4ed2f819f530,Brett Rossi,"Brett Rossi, ex novia de Charlie Sheen, lo acusa de haberla obligado a ...",https://www.c5n.com/ratingcero/brett-rossi-ex-novia-charlie-sheen-lo-acusa-haberla-obligado-abortar-n3024586R0,https://media.c5n.com/p/a003045c3186cc936d49abbb56150491/adjuntos/326/imagenes/000/117/0000117713/790x0/smart/charlie-sheen-brett-rossijpgjpg.jpg,https://ts1.mm.bing.net/th?id=OIP.WnABZ7hhSv2DlcyhZ7c0HQHaKt&pid=15.1,,,,,,,,,Bing Images,review-required,2026-07-31T04:29:27.535486+00:00
421ba519225b483a9a53,Brett Rossi,Charlie Sheen Wife Brett Rossi,https://www.animalia-life.club/qa/pictures/charlie-sheen-wife-brett-rossi.html,https://cdn.amomama.com/1d021e0925906581446ae40258a47f65.jpg,https://ts2.mm.bing.net/th?id=OIP.GzRjiK3lx_Oc-1UMWwPFiwHaKr&pid=15.1,,,,,,,,,Bing Images,review-required,2026-07-31T04:29:27.535486+00:00
137a0e8a4bbb5492fe36,Brett Rossi,Discover Brett Rossi Bio/Wiki 2024 & Career Achievements,https://factspeople.com/brett-rossi/,https://factspeople.com/wp-content/uploads/2024/07/420055544_685169640451586_2270358582723751025_n.jpg,https://ts3.mm.bing.net/th?id=OIP.GHa24qHj2xECen_XQdF4YwHaFg&pid=15.1,,,,,,,,,Bing Images,review-required,2026-07-31T04:29:27.535486+00:00
837ab5a451b8f12fe9bb,Brett Rossi,TW Pornstars - Brett Rossi. Twitter. I wanna be hot again. 4:00 AM - 19 ...,https://www.twpornstars.com/p/50771769,https://pbs.twimg.com/media/FrjebjoakAEldzc.jpg:large,https://ts4.mm.bing.net/th?id=OIP.3rZdVdl9JRPJ0FWqXzQvTgHaFj&pid=15.1,,,,,,,,,Bing Images,review-required,2026-07-31T04:29:27.535486+00:00
80689397055e42f5ea93,Briana Banks,8 Hot Sexy Briana Banks Bikini Pics,https://collegepill.com/briana-banks-bikini-pics/,https://collegepill.com/wp-content/uploads/2023/01/Briana-Banks.jpg,https://ts1.explicit.bing.net/th?id=OIP.ezRnANkfNnAhPKQgrDGk8AAAAA&pid=15.1,,,,,,,,,Bing Images,review-required,2026-07-31T04:29:28.942460+00:00
4e664485e65b11bd1d74,Briana Banks,80 Briana Banks Fotos und hochauflösende Bilder - Getty Images,https://www.gettyimages.de/fotos/briana-banks,https://media.gettyimages.com/id/78914140/de/foto/las-vegas-briana-banks-attends-a-night-of-debauchery-at-tao-las-vegas-hosted-by-vivid-contract.jpg?s=612x612&w=gi&k=20&c=XjX1ZMwPlig6lyRb_Czw-eTYurY_Hc9pZeu0RWaEpHA=,https://ts2.mm.bing.net/th?id=OIP.BdEkUJFbXmdqIQWSa--U0gAAAA&pid=15.1,,,,,,,,,Bing Images,review-required,2026-07-31T04:29:28.942460+00:00
565397bc1edd060d19a5,Briana Banks,80 Briana Banks Fotos und hochauflösende Bilder - Getty Images,https://www.gettyimages.de/fotos/briana-banks,https://media.gettyimages.com/id/624103458/de/foto/hollywood-ca-actress-briana-banks-attends-the-2017-avn-awards-nomination-party-at-avalon-on.jpg?s=612x612&w=gi&k=20&c=4afAIsFP7mUtu-wRxprsTiEn3xW6YEtLpXs4ATtQCwo=,https://ts2.explicit.bing.net/th?id=OIP.FWCOGGpYGEERCqBjoT92rQHaJQ&pid=15.1,,,,,,,,,Bing Images,review-required,2026-07-31T04:29:28.942460+00:00
bcdeed73c5441022877d,Briana Banks,80 Briana Banks Fotos und hochauflösende Bilder - Getty Images,https://www.gettyimages.de/fotos/briana-banks,https://media.gettyimages.com/id/78914331/de/foto/las-vegas-briana-banks-attends-a-night-of-debauchery-at-tao-las-vegas-hosted-by-vivid-contract.jpg?s=612x612&w=gi&k=20&c=oa5UynX83r3RTqICscW-f319QNmRHncg67lL_mAE6V0=,https://ts3.mm.bing.net/th?id=OIP.du1Go7cJtU2fmAcCL95hSwAAAA&pid=15.1,,,,,,,,,Bing Images,review-required,2026-07-31T04:29:28.942460+00:00
f844e00fad262e50e5bf,Briana Banks,80 Briana Banks Fotos und hochauflösende Bilder - Getty Images,https://www.gettyimages.de/fotos/briana-banks,https://media.gettyimages.com/id/78914350/de/foto/las-vegas-briana-banks-attends-a-night-of-debauchery-at-tao-las-vegas-hosted-by-vivid-contract.jpg?s=612x612&w=gi&k=20&c=UW534XHs_3Q_xzM43KBtrA1FdVjZZN1o-CDBu_PRyJ4=,https://ts4.mm.bing.net/th?id=OIP.IDi6id7gXyWTpW_mPVf2fwHaFB&pid=15.1,,,,,,,,,Bing Images,review-required,2026-07-31T04:29:28.942460+00:00
64674fc88f7f2f6e8f94,Briana Banks,Briana Banks,https://www.imdb.com/name/nm0052110/mediaviewer/rm4293067008/,https://m.media-amazon.com/images/M/MV5BZjJmMzBmZjktMjY0OS00OTk0LWFmYjEtMDRmNmM4NmM5NmI2XkEyXkFqcGc@._V1_.jpg,https://ts1.explicit.bing.net/th?id=OIP.vs9jTq4Q67mLFGnn-LdbfgAAAA&pid=15.1,,,,,,,,,Bing Images,review-required,2026-07-31T04:29:28.942460+00:00
7533400769def80bdccf,Briana Banks,Briana Banks (2020),https://www.imdb.com/title/tt34512289/mediaviewer/rm2374329601/,https://m.media-amazon.com/images/M/MV5BZjFmYjRhYTYtZjY3YS00OTgzLTg1NTYtMzE2MTA3MGUxMmQxXkEyXkFqcGc@._V1_.jpg,https://ts1.mm.bing.net/th?id=OIP.ju-4Lnas1SDoPvHX1n_FkwHaFj&pid=15.1,,,,,,,,,Bing Images,review-required,2026-07-31T04:29:28.942460+00:00
06ceaf96fd02f2f3c51f,Briana Banks,Briana Banks (Make Up) Big Head - Celebrity Cutouts,https://www.celebrity-cutouts.com.au/product/briana-banks-make-up-big-head/,https://www.celebrity-cutouts.com.au/wp-content/uploads/2023/05/briana-banks-make-up.jpg,https://ts4.mm.bing.net/th?id=OIP.NX3GeeTru95mcema1G_7rgHaHa&pid=15.1,,,,,,,,,Bing Images,review-required,2026-07-31T04:29:28.942460+00:00
7dad9dc2d846a2fb7a58,Briana Banks,"Briana Banks (Model) Biography, Wiki, Age, Career, Height, Weight ...",https://wikiindetail.com/briana-banks-model-biography/,https://wikiindetail.com/wp-content/uploads/2025/09/Briana-Banks-Model-Biography-Wiki-Age-Career-Height-Weight-Boyfriend-Net-Worth-More.webp,https://ts3.mm.bing.net/th?id=OIP.f6lezXbpRbZyTNCq-egTDQHaJ4&pid=15.1,,,,,,,,,Bing Images,review-required,2026-07-31T04:29:28.942460+00:00
1d5c13dcd909554c2149,Briana Banks,"Briana Banks - Bio, Family, Trivia | Famous Birthdays",https://www.famousbirthdays.com/people/briana-banks.html,https://www.famousbirthdays.com/headshots/briana-banks-1.jpg,https://ts3.mm.bing.net/th?id=OIP.jTw91GQ4RpaQW3-R5Y_1FgAAAA&pid=15.1,,,,,,,,,Bing Images,review-required,2026-07-31T04:29:28.942460+00:00
